# Force       
# CofR        : (0.000000e+00 0.000000e+00 0.000000e+00)
#
# Time        	total_x total_y total_z	pressure_x pressure_y pressure_z	viscous_x viscous_y viscous_z
0.006          6.719776e+03 3.073819e+04 -1.196901e-15 6.718928e+03 3.073845e+04 -1.196901e-15 8.485710e-01 -2.576358e-01 9.083680e-23
0.0132         6.762494e+03 3.092864e+04 -1.207012e-15 6.760623e+03 3.092920e+04 -1.207012e-15 1.870650e+00 -5.639113e-01 6.465508e-22
0.02184        6.826522e+03 3.121562e+04 -1.223043e-15 6.823432e+03 3.121655e+04 -1.223044e-15 3.090022e+00 -9.258844e-01 1.233467e-21
0.032208       6.882004e+03 3.146244e+04 -1.240141e-15 6.877477e+03 3.146380e+04 -1.240143e-15 4.527782e+00 -1.356552e+00 1.710103e-21
0.0438483      6.905877e+03 3.156400e+04 -1.254636e-15 6.899780e+03 3.156583e+04 -1.254637e-15 6.097495e+00 -1.836505e+00 1.926669e-21
0.0533615      6.847370e+03 3.129030e+04 -1.255785e-15 6.840039e+03 3.129252e+04 -1.255787e-15 7.331063e+00 -2.219843e+00 1.704043e-21
0.0612865      6.780902e+03 3.098138e+04 -1.255449e-15 6.772581e+03 3.098391e+04 -1.255450e-15 8.321208e+00 -2.527316e+00 1.110668e-21
0.0682593      6.719397e+03 3.069590e+04 -1.255305e-15 6.710235e+03 3.069868e+04 -1.255305e-15 9.162454e+00 -2.784639e+00 3.760515e-22
0.0745734      6.659074e+03 3.041634e+04 -1.254139e-15 6.649176e+03 3.041934e+04 -1.254139e-15 9.897994e+00 -3.004117e+00 -3.680482e-22
0.0803954      6.603725e+03 3.015994e+04 -1.254117e-15 6.593173e+03 3.016314e+04 -1.254116e-15 1.055211e+01 -3.195218e+00 -1.059271e-21
0.085832       6.551992e+03 2.992041e+04 -1.253723e-15 6.540852e+03 2.992377e+04 -1.253722e-15 1.114040e+01 -3.363313e+00 -1.582263e-21
0.0909562      6.500609e+03 2.968275e+04 -1.251503e-15 6.488936e+03 2.968626e+04 -1.251501e-15 1.167281e+01 -3.511076e+00 -1.901946e-21
0.0958208      6.448342e+03 2.944129e+04 -1.248946e-15 6.436184e+03 2.944493e+04 -1.248944e-15 1.215759e+01 -3.638708e+00 -2.101245e-21
0.100465       6.388405e+03 2.916494e+04 -1.244044e-15 6.375803e+03 2.916869e+04 -1.244042e-15 1.260168e+01 -3.747174e+00 -2.220588e-21
0.104921       6.329402e+03 2.889305e+04 -1.237823e-15 6.316391e+03 2.889688e+04 -1.237820e-15 1.301030e+01 -3.839133e+00 -2.279529e-21
0.109211       6.270580e+03 2.862214e+04 -1.230884e-15 6.257192e+03 2.862606e+04 -1.230882e-15 1.338813e+01 -3.915163e+00 -2.303640e-21
0.113356       6.205161e+03 2.832119e+04 -1.222500e-15 6.191422e+03 2.832516e+04 -1.222498e-15 1.373875e+01 -3.976685e+00 -2.328731e-21
0.117371       6.140701e+03 2.802475e+04 -1.213530e-15 6.126637e+03 2.802878e+04 -1.213528e-15 1.406484e+01 -4.024900e+00 -2.367752e-21
0.12127        6.080355e+03 2.774724e+04 -1.204569e-15 6.065986e+03 2.775131e+04 -1.204566e-15 1.436898e+01 -4.061248e+00 -2.410298e-21
0.125065       6.014675e+03 2.744544e+04 -1.194472e-15 6.000022e+03 2.744952e+04 -1.194470e-15 1.465329e+01 -4.086099e+00 -2.460693e-21
0.128764       5.951856e+03 2.715682e+04 -1.184775e-15 5.936937e+03 2.716092e+04 -1.184773e-15 1.491950e+01 -4.100855e+00 -2.524895e-21
0.132376       5.886100e+03 2.685484e+04 -1.174446e-15 5.870932e+03 2.685895e+04 -1.174444e-15 1.516887e+01 -4.106332e+00 -2.602204e-21
0.135908       5.820621e+03 2.655421e+04 -1.164116e-15 5.805218e+03 2.655832e+04 -1.164113e-15 1.540264e+01 -4.103526e+00 -2.699785e-21
0.139367       5.751988e+03 2.623923e+04 -1.153144e-15 5.736366e+03 2.624333e+04 -1.153141e-15 1.562201e+01 -4.093026e+00 -2.815941e-21
0.142757       5.683770e+03 2.592622e+04 -1.142722e-15 5.667942e+03 2.593029e+04 -1.142719e-15 1.582802e+01 -4.075489e+00 -2.949893e-21
0.146085       5.616068e+03 2.561563e+04 -1.132593e-15 5.600047e+03 2.561968e+04 -1.132590e-15 1.602142e+01 -4.051517e+00 -3.099355e-21
0.149349       5.543291e+03 2.528188e+04 -1.121639e-15 5.527088e+03 2.528590e+04 -1.121635e-15 1.620276e+01 -4.021584e+00 -3.259468e-21
0.152546       5.469616e+03 2.494408e+04 -1.110360e-15 5.453244e+03 2.494807e+04 -1.110356e-15 1.637223e+01 -3.986233e+00 -3.425905e-21
0.15568        5.395228e+03 2.460308e+04 -1.098277e-15 5.378697e+03 2.460702e+04 -1.098273e-15 1.653089e+01 -3.945920e+00 -3.568236e-21
0.158754       5.316038e+03 2.424015e+04 -1.082899e-15 5.299358e+03 2.424405e+04 -1.082896e-15 1.668006e+01 -3.900739e+00 -3.622688e-21
0.161772       5.257602e+03 2.397223e+04 -1.078802e-15 5.240785e+03 2.397609e+04 -1.078799e-15 1.681701e+01 -3.853191e+00 -3.772498e-21
0.164737       5.190712e+03 2.366569e+04 -1.070875e-15 5.173769e+03 2.366950e+04 -1.070872e-15 1.694339e+01 -3.803334e+00 -3.738037e-21
0.167654       5.126010e+03 2.336921e+04 -1.067352e-15 5.108951e+03 2.337296e+04 -1.067349e-15 1.705843e+01 -3.752662e+00 -3.621076e-21
0.170523       5.052344e+03 2.303176e+04 -1.070090e-15 5.035179e+03 2.303546e+04 -1.070086e-15 1.716461e+01 -3.701086e+00 -3.631474e-21
0.173348       4.971161e+03 2.265996e+04 -1.074614e-15 4.953898e+03 2.266361e+04 -1.074610e-15 1.726285e+01 -3.648509e+00 -3.819828e-21
0.176132       4.899592e+03 2.233218e+04 -1.074370e-15 4.882240e+03 2.233578e+04 -1.074367e-15 1.735208e+01 -3.595817e+00 -3.909821e-21
0.178875       4.825402e+03 2.199245e+04 -1.073676e-15 4.807969e+03 2.199600e+04 -1.073672e-15 1.743271e+01 -3.543203e+00 -3.907643e-21
0.181581       4.753206e+03 2.166189e+04 -1.073968e-15 4.735701e+03 2.166538e+04 -1.073964e-15 1.750485e+01 -3.490895e+00 -3.818642e-21
0.18425        4.680355e+03 2.132836e+04 -1.073978e-15 4.662787e+03 2.133180e+04 -1.073975e-15 1.756847e+01 -3.438574e+00 -3.620474e-21
0.186886       4.605172e+03 2.098421e+04 -1.075375e-15 4.587548e+03 2.098759e+04 -1.075371e-15 1.762387e+01 -3.386561e+00 -3.380735e-21
0.189488       4.530027e+03 2.064026e+04 -1.076990e-15 4.512356e+03 2.064360e+04 -1.076987e-15 1.767117e+01 -3.335242e+00 -3.077906e-21
0.19206        4.457452e+03 2.030811e+04 -1.080028e-15 4.439741e+03 2.031139e+04 -1.080025e-15 1.771053e+01 -3.284878e+00 -2.726985e-21
0.194601       4.379633e+03 1.995200e+04 -1.081976e-15 4.361891e+03 1.995523e+04 -1.081974e-15 1.774214e+01 -3.234252e+00 -2.314392e-21
0.197114       4.295394e+03 1.956655e+04 -1.082812e-15 4.277627e+03 1.956973e+04 -1.082810e-15 1.776688e+01 -3.182853e+00 -1.800150e-21
0.1996         4.212782e+03 1.918859e+04 -1.085182e-15 4.194998e+03 1.919172e+04 -1.085181e-15 1.778372e+01 -3.130893e+00 -1.215260e-21
0.202059       4.134091e+03 1.882859e+04 -1.089269e-15 4.116299e+03 1.883167e+04 -1.089269e-15 1.779229e+01 -3.078031e+00 -5.819462e-22
0.204492       4.054809e+03 1.846594e+04 -1.097147e-15 4.037018e+03 1.846897e+04 -1.097147e-15 1.779177e+01 -3.025123e+00 -5.236818e-23
0.206902       3.970540e+03 1.808051e+04 -1.096602e-15 3.952756e+03 1.808348e+04 -1.096603e-15 1.778381e+01 -2.972336e+00 7.509481e-22
0.209288       3.893076e+03 1.772624e+04 -1.102021e-15 3.875308e+03 1.772916e+04 -1.102023e-15 1.776753e+01 -2.920105e+00 1.623233e-21
0.211652       3.806691e+03 1.733121e+04 -1.107021e-15 3.788949e+03 1.733408e+04 -1.107023e-15 1.774249e+01 -2.867226e+00 2.585034e-21
0.213994       3.720610e+03 1.693761e+04 -1.112194e-15 3.702901e+03 1.694042e+04 -1.112197e-15 1.770889e+01 -2.812266e+00 3.632814e-21
0.216315       3.636497e+03 1.655304e+04 -1.118966e-15 3.618830e+03 1.655580e+04 -1.118971e-15 1.766656e+01 -2.756838e+00 4.729860e-21
0.218616       3.553966e+03 1.617576e+04 -1.126935e-15 3.536350e+03 1.617846e+04 -1.126940e-15 1.761540e+01 -2.701811e+00 5.889574e-21
0.220898       3.470714e+03 1.579522e+04 -1.135353e-15 3.453159e+03 1.579787e+04 -1.135360e-15 1.755531e+01 -2.647519e+00 7.121557e-21
0.223161       3.386431e+03 1.541001e+04 -1.144090e-15 3.368945e+03 1.541260e+04 -1.144098e-15 1.748614e+01 -2.594343e+00 8.430826e-21
0.225406       3.305483e+03 1.504009e+04 -1.153586e-15 3.288075e+03 1.504263e+04 -1.153596e-15 1.740782e+01 -2.542496e+00 9.822035e-21
0.227633       3.222308e+03 1.466002e+04 -1.162902e-15 3.204988e+03 1.466251e+04 -1.162913e-15 1.732050e+01 -2.491000e+00 1.133186e-20
0.229843       3.136736e+03 1.426903e+04 -1.172481e-15 3.119512e+03 1.427147e+04 -1.172494e-15 1.722396e+01 -2.440229e+00 1.294820e-20
0.232038       3.040931e+03 1.383126e+04 -1.179949e-15 3.023812e+03 1.383365e+04 -1.179964e-15 1.711867e+01 -2.389312e+00 1.475291e-20
0.234216       2.959180e+03 1.345784e+04 -1.190574e-15 2.942177e+03 1.346018e+04 -1.190591e-15 1.700371e+01 -2.338290e+00 1.668580e-20
0.236379       2.870189e+03 1.305133e+04 -1.201076e-15 2.853310e+03 1.305362e+04 -1.201095e-15 1.687884e+01 -2.286885e+00 1.871295e-20
0.238528       2.786654e+03 1.266984e+04 -1.212576e-15 2.769910e+03 1.267207e+04 -1.212597e-15 1.674410e+01 -2.236175e+00 2.085477e-20
0.240662       2.700091e+03 1.227453e+04 -1.223798e-15 2.683491e+03 1.227672e+04 -1.223821e-15 1.659929e+01 -2.186421e+00 2.309380e-20
0.242782       2.611275e+03 1.186897e+04 -1.234812e-15 2.594831e+03 1.187110e+04 -1.234838e-15 1.644482e+01 -2.135838e+00 2.545255e-20
0.244889       2.519048e+03 1.144784e+04 -1.246239e-15 2.502767e+03 1.144992e+04 -1.246267e-15 1.628099e+01 -2.083115e+00 2.789089e-20
0.246984       2.430614e+03 1.104410e+04 -1.258710e-15 2.414506e+03 1.104613e+04 -1.258740e-15 1.610796e+01 -2.029539e+00 3.041862e-20
0.249065       2.339636e+03 1.062878e+04 -1.268762e-15 2.323711e+03 1.063075e+04 -1.268795e-15 1.592505e+01 -1.975253e+00 3.305074e-20
0.251135       2.247500e+03 1.020820e+04 -1.279450e-15 2.231767e+03 1.021012e+04 -1.279485e-15 1.573263e+01 -1.920456e+00 3.574265e-20
0.253193       2.160517e+03 9.811240e+03 -1.291298e-15 2.144986e+03 9.813106e+03 -1.291337e-15 1.553084e+01 -1.865266e+00 3.846707e-20
0.25524        2.065575e+03 9.377912e+03 -1.302207e-15 2.050255e+03 9.379720e+03 -1.302248e-15 1.531978e+01 -1.808227e+00 4.120574e-20
0.257276       1.967718e+03 8.931294e+03 -1.312588e-15 1.952618e+03 8.933040e+03 -1.312632e-15 1.509996e+01 -1.746243e+00 4.397689e-20
0.259301       1.877211e+03 8.518345e+03 -1.323962e-15 1.862340e+03 8.520028e+03 -1.324009e-15 1.487109e+01 -1.683616e+00 4.679531e-20
0.261316       1.786063e+03 8.102500e+03 -1.335024e-15 1.771430e+03 8.104121e+03 -1.335074e-15 1.463338e+01 -1.620502e+00 4.967203e-20
0.263321       1.695042e+03 7.687281e+03 -1.346118e-15 1.680655e+03 7.688838e+03 -1.346171e-15 1.438698e+01 -1.556879e+00 5.261254e-20
0.265315       1.603962e+03 7.271825e+03 -1.357102e-15 1.589829e+03 7.273317e+03 -1.357157e-15 1.413218e+01 -1.492668e+00 5.561666e-20
0.267301       1.511343e+03 6.849373e+03 -1.367704e-15 1.497474e+03 6.850801e+03 -1.367763e-15 1.386921e+01 -1.427737e+00 5.868129e-20
0.269277       1.420579e+03 6.435440e+03 -1.378647e-15 1.406981e+03 6.436802e+03 -1.378709e-15 1.359852e+01 -1.362319e+00 6.180784e-20
0.271243       1.326805e+03 6.007770e+03 -1.388747e-15 1.313484e+03 6.009065e+03 -1.388812e-15 1.332043e+01 -1.295454e+00 6.500849e-20
0.273201       1.234519e+03 5.586945e+03 -1.399015e-15 1.221484e+03 5.588172e+03 -1.399083e-15 1.303517e+01 -1.227448e+00 6.827034e-20
0.27515        1.136905e+03 5.141773e+03 -1.408484e-15 1.124162e+03 5.142932e+03 -1.408556e-15 1.274342e+01 -1.158730e+00 7.154829e-20
0.277091       1.045411e+03 4.724635e+03 -1.416839e-15 1.032967e+03 4.725725e+03 -1.416914e-15 1.244410e+01 -1.089614e+00 7.497591e-20
0.279023       9.533071e+02 4.304740e+03 -1.426564e-15 9.411691e+02 4.305758e+03 -1.426642e-15 1.213802e+01 -1.018926e+00 7.848349e-20
0.280947       8.550956e+02 3.856934e+03 -1.438136e-15 8.432696e+02 3.857878e+03 -1.438218e-15 1.182599e+01 -9.439163e-01 8.191156e-20
0.282863       7.526580e+02 3.389818e+03 -1.447499e-15 7.411479e+02 3.390681e+03 -1.447584e-15 1.151008e+01 -8.631403e-01 8.521333e-20
0.284771       6.591820e+02 2.963738e+03 -1.449312e-15 6.479952e+02 2.964516e+03 -1.449400e-15 1.118674e+01 -7.776934e-01 8.868690e-20
0.286672       5.549839e+02 2.488647e+03 -1.455409e-15 5.441280e+02 2.489333e+03 -1.455501e-15 1.085597e+01 -6.865970e-01 9.215611e-20
0.288564       4.578187e+02 2.045769e+03 -1.461660e-15 4.473013e+02 2.046361e+03 -1.461756e-15 1.051737e+01 -5.914414e-01 9.556241e-20
0.290448       3.520684e+02 1.563657e+03 -1.470226e-15 3.418964e+02 1.564143e+03 -1.470325e-15 1.017194e+01 -4.866929e-01 9.862797e-20
0.292323       2.482651e+02 1.090489e+03 -1.475273e-15 2.384455e+02 1.090865e+03 -1.475375e-15 9.819574e+00 -3.767191e-01 1.015738e-19
0.294189       1.583173e+02 6.807434e+02 -1.479433e-15 1.488570e+02 6.810066e+02 -1.479538e-15 9.460301e+00 -2.631697e-01 1.044115e-19
0.296047       6.093216e+01 2.370003e+02 -1.476619e-15 5.183647e+01 2.371469e+02 -1.476727e-15 9.095696e+00 -1.466014e-01 1.073077e-19
0.297896       -4.111467e+01 -2.280372e+02 -1.476487e-15 -4.983938e+01 -2.280103e+02 -1.476597e-15 8.724701e+00 -2.687498e-02 1.098995e-19
0.299736       -1.381748e+02 -6.702281e+02 -1.476004e-15 -1.465217e+02 -6.703226e+02 -1.476117e-15 8.346856e+00 9.455184e-02 1.123537e-19
0.301569       -2.395471e+02 -1.132113e+03 -1.473415e-15 -2.475093e+02 -1.132331e+03 -1.473530e-15 7.962237e+00 2.187599e-01 1.146608e-19
0.303394       -3.420931e+02 -1.599334e+03 -1.469456e-15 -3.496641e+02 -1.599680e+03 -1.469572e-15 7.570962e+00 3.457467e-01 1.168167e-19
0.30521        -4.407811e+02 -2.048872e+03 -1.465214e-15 -4.479541e+02 -2.049347e+03 -1.465333e-15 7.172998e+00 4.754364e-01 1.188292e-19
0.307018       -5.425742e+02 -2.512583e+03 -1.459284e-15 -5.493428e+02 -2.513190e+03 -1.459405e-15 6.768619e+00 6.078283e-01 1.206978e-19
0.308817       -6.445630e+02 -2.977158e+03 -1.452480e-15 -6.509209e+02 -2.977901e+03 -1.452602e-15 6.357857e+00 7.429804e-01 1.224209e-19
0.310608       -7.461808e+02 -3.439998e+03 -1.447062e-15 -7.521205e+02 -3.440879e+03 -1.447186e-15 5.939735e+00 8.810247e-01 1.239635e-19
0.312389       -8.495232e+02 -3.910706e+03 -1.431263e-15 -8.550402e+02 -3.911727e+03 -1.431389e-15 5.516939e+00 1.020633e+00 1.255206e-19
0.314163       -9.533263e+02 -4.383489e+03 -1.419442e-15 -9.584139e+02 -4.384652e+03 -1.419569e-15 5.087566e+00 1.162405e+00 1.270120e-19
0.315929       -1.057476e+03 -4.857825e+03 -1.406505e-15 -1.062127e+03 -4.859131e+03 -1.406634e-15 4.651270e+00 1.306100e+00 1.284153e-19
0.317686       -1.164292e+03 -5.344323e+03 -1.394667e-15 -1.168501e+03 -5.345779e+03 -1.394797e-15 4.208815e+00 1.456121e+00 1.296829e-19
0.319437       -1.273298e+03 -5.840796e+03 -1.381160e-15 -1.277056e+03 -5.842410e+03 -1.381291e-15 3.758704e+00 1.614195e+00 1.308621e-19
0.32118        -1.380044e+03 -6.326891e+03 -1.365729e-15 -1.383345e+03 -6.328669e+03 -1.365861e-15 3.300693e+00 1.777345e+00 1.320444e-19
0.322915       -1.488196e+03 -6.819381e+03 -1.348449e-15 -1.491031e+03 -6.821326e+03 -1.348582e-15 2.835026e+00 1.944460e+00 1.332463e-19
0.324644       -1.605420e+03 -7.353332e+03 -1.331102e-15 -1.607784e+03 -7.355457e+03 -1.331236e-15 2.363398e+00 2.124856e+00 1.343727e-19
0.326366       -1.712610e+03 -7.841341e+03 -1.310248e-15 -1.714495e+03 -7.843649e+03 -1.310384e-15 1.884340e+00 2.307407e+00 1.355574e-19
0.328081       -1.816218e+03 -8.312924e+03 -1.290178e-15 -1.817615e+03 -8.315415e+03 -1.290314e-15 1.397741e+00 2.491938e+00 1.367383e-19
0.329789       -1.921855e+03 -8.793763e+03 -1.266756e-15 -1.922760e+03 -8.796441e+03 -1.266894e-15 9.041748e-01 2.678299e+00 1.379412e-19
0.331492       -2.025188e+03 -9.264026e+03 -1.238516e-15 -2.025593e+03 -9.266893e+03 -1.238655e-15 4.052755e-01 2.866770e+00 1.393050e-19
0.333188       -2.141615e+03 -9.794165e+03 -1.213098e-15 -2.141514e+03 -9.797222e+03 -1.213239e-15 -1.009607e-01 3.057165e+00 1.406299e-19
0.334877       -2.260022e+03 -1.033332e+04 -1.185856e-15 -2.259407e+03 -1.033657e+04 -1.185997e-15 -6.150104e-01 3.247263e+00 1.418535e-19
0.336561       -2.368196e+03 -1.082563e+04 -1.156712e-15 -2.367059e+03 -1.082907e+04 -1.156855e-15 -1.136281e+00 3.436086e+00 1.430853e-19
0.338239       -2.477652e+03 -1.132378e+04 -1.126207e-15 -2.475987e+03 -1.132740e+04 -1.126352e-15 -1.664790e+00 3.624220e+00 1.443305e-19
0.339911       -2.592886e+03 -1.184833e+04 -1.094713e-15 -2.590686e+03 -1.185214e+04 -1.094859e-15 -2.200338e+00 3.813372e+00 1.454957e-19
0.341577       -2.694827e+03 -1.231203e+04 -1.064741e-15 -2.692085e+03 -1.231603e+04 -1.064887e-15 -2.741775e+00 4.002441e+00 1.466160e-19
0.343238       -2.821202e+03 -1.288748e+04 -1.026690e-15 -2.817911e+03 -1.289167e+04 -1.026837e-15 -3.291069e+00 4.192212e+00 1.477804e-19
0.344893       -2.935344e+03 -1.340694e+04 -9.914824e-16 -2.931497e+03 -1.341132e+04 -9.916313e-16 -3.847415e+00 4.382295e+00 1.489106e-19
0.346543       -3.046506e+03 -1.391272e+04 -9.548420e-16 -3.042095e+03 -1.391729e+04 -9.549920e-16 -4.410832e+00 4.572791e+00 1.500477e-19
0.348188       -3.158641e+03 -1.442292e+04 -9.177690e-16 -3.153658e+03 -1.442768e+04 -9.179202e-16 -4.982186e+00 4.763515e+00 1.511717e-19
0.349827       -3.264741e+03 -1.490549e+04 -8.776016e-16 -3.259182e+03 -1.491044e+04 -8.777540e-16 -5.559423e+00 4.953433e+00 1.523324e-19
0.351461       -3.386698e+03 -1.546056e+04 -8.361108e-16 -3.380553e+03 -1.546571e+04 -8.362642e-16 -6.144733e+00 5.143681e+00 1.534512e-19
0.35309        -3.505519e+03 -1.600125e+04 -7.940893e-16 -3.498780e+03 -1.600658e+04 -7.942438e-16 -6.738636e+00 5.333432e+00 1.545433e-19
0.354714       -3.633254e+03 -1.658268e+04 -7.505872e-16 -3.625914e+03 -1.658821e+04 -7.507428e-16 -7.339917e+00 5.530615e+00 1.556345e-19
0.356333       -3.761149e+03 -1.716479e+04 -7.056733e-16 -3.753198e+03 -1.717052e+04 -7.058301e-16 -7.950497e+00 5.735115e+00 1.567344e-19
0.357947       -3.886265e+03 -1.773414e+04 -6.598068e-16 -3.877695e+03 -1.774008e+04 -6.599646e-16 -8.570400e+00 5.943728e+00 1.578390e-19
0.359557       -4.009890e+03 -1.829662e+04 -6.131085e-16 -4.000691e+03 -1.830278e+04 -6.132675e-16 -9.199231e+00 6.155211e+00 1.589728e-19
0.361161       -4.145407e+03 -1.891346e+04 -5.646407e-16 -4.135571e+03 -1.891984e+04 -5.648009e-16 -9.835491e+00 6.378334e+00 1.601435e-19
0.362761       -4.272004e+03 -1.948946e+04 -5.152091e-16 -4.261523e+03 -1.949606e+04 -5.153705e-16 -1.048026e+01 6.605409e+00 1.613700e-19
0.364356       -4.397758e+03 -2.006155e+04 -4.643764e-16 -4.386624e+03 -2.006838e+04 -4.645391e-16 -1.113414e+01 6.833274e+00 1.626614e-19
0.365947       -4.521821e+03 -2.062587e+04 -4.122155e-16 -4.510024e+03 -2.063293e+04 -4.123796e-16 -1.179644e+01 7.061289e+00 1.640542e-19
0.367533       -4.650381e+03 -2.121072e+04 -3.604054e-16 -4.637913e+03 -2.121801e+04 -3.605709e-16 -1.246773e+01 7.289799e+00 1.654533e-19
0.369115       -4.781336e+03 -2.180648e+04 -3.077065e-16 -4.768187e+03 -2.181400e+04 -3.078734e-16 -1.314853e+01 7.518747e+00 1.669061e-19
0.370692       -4.906506e+03 -2.237574e+04 -2.519189e-16 -4.892669e+03 -2.238349e+04 -2.520873e-16 -1.383679e+01 7.748297e+00 1.683966e-19
0.372265       -5.041194e+03 -2.298851e+04 -1.964195e-16 -5.026660e+03 -2.299649e+04 -1.965894e-16 -1.453411e+01 7.978215e+00 1.699541e-19
0.373833       -5.171816e+03 -2.358263e+04 -1.399289e-16 -5.156575e+03 -2.359084e+04 -1.401004e-16 -1.524057e+01 8.208015e+00 1.715504e-19
0.375398       -5.302491e+03 -2.417695e+04 -8.267441e-17 -5.286535e+03 -2.418539e+04 -8.284758e-17 -1.595584e+01 8.438272e+00 1.731789e-19
0.376958       -5.432397e+03 -2.476772e+04 -2.497987e-17 -5.415717e+03 -2.477638e+04 -2.515470e-17 -1.668007e+01 8.669522e+00 1.748289e-19
0.378514       -5.561496e+03 -2.535474e+04 3.340633e-17 -5.544082e+03 -2.536365e+04 3.322984e-17 -1.741320e+01 8.902254e+00 1.764883e-19
0.380066       -5.695916e+03 -2.596607e+04 9.340696e-17 -5.677760e+03 -2.597521e+04 9.322881e-17 -1.815564e+01 9.136890e+00 1.781445e-19
0.381614       -5.842846e+03 -2.663458e+04 1.558715e-16 -5.823938e+03 -2.664396e+04 1.556917e-16 -1.890847e+01 9.374063e+00 1.797823e-19
0.383158       -5.980624e+03 -2.726117e+04 2.181385e-16 -5.960953e+03 -2.727079e+04 2.179571e-16 -1.967106e+01 9.614875e+00 1.813991e-19
0.384668       -6.108043e+03 -2.784039e+04 2.765711e-16 -6.087612e+03 -2.785024e+04 2.763883e-16 -2.043144e+01 9.845512e+00 1.827940e-19
0.38613        -6.249639e+03 -2.848453e+04 3.383887e-16 -6.228457e+03 -2.849459e+04 3.382046e-16 -2.118218e+01 1.006688e+01 1.840508e-19
0.387577       -6.377303e+03 -2.906490e+04 3.981438e-16 -6.355367e+03 -2.907519e+04 3.979585e-16 -2.193629e+01 1.028914e+01 1.853192e-19
0.389018       -6.504913e+03 -2.964499e+04 4.576371e-16 -6.482213e+03 -2.965550e+04 4.574505e-16 -2.269980e+01 1.051295e+01 1.866040e-19
0.390458       -6.634979e+03 -3.023627e+04 5.161457e-16 -6.611506e+03 -3.024701e+04 5.159578e-16 -2.347335e+01 1.074174e+01 1.878992e-19
0.391896       -6.760614e+03 -3.080721e+04 5.766169e-16 -6.736358e+03 -3.081819e+04 5.764276e-16 -2.425655e+01 1.097685e+01 1.893090e-19
0.393333       -6.906234e+03 -3.146953e+04 6.416537e-16 -6.881182e+03 -3.148075e+04 6.414629e-16 -2.505249e+01 1.121990e+01 1.907856e-19
0.394766       -7.041706e+03 -3.208535e+04 7.026898e-16 -7.015845e+03 -3.209682e+04 7.024974e-16 -2.586111e+01 1.146994e+01 1.924427e-19
0.396197       -7.179579e+03 -3.271209e+04 7.652601e-16 -7.152898e+03 -3.272382e+04 7.650658e-16 -2.668175e+01 1.172646e+01 1.942783e-19
0.397625       -7.323056e+03 -3.336441e+04 8.263072e-16 -7.295543e+03 -3.337641e+04 8.261110e-16 -2.751330e+01 1.199802e+01 1.962169e-19
0.39905        -7.467261e+03 -3.402000e+04 8.898450e-16 -7.438904e+03 -3.403227e+04 8.896468e-16 -2.835662e+01 1.227731e+01 1.981702e-19
0.400471       -7.604183e+03 -3.464221e+04 9.540776e-16 -7.574972e+03 -3.465477e+04 9.538775e-16 -2.921141e+01 1.256017e+01 2.001171e-19
0.40189        -7.741328e+03 -3.526538e+04 1.017352e-15 -7.711250e+03 -3.527823e+04 1.017150e-15 -3.007827e+01 1.284654e+01 2.020639e-19
0.403306       -7.880447e+03 -3.589753e+04 1.084049e-15 -7.849491e+03 -3.591067e+04 1.083845e-15 -3.095620e+01 1.313600e+01 2.040031e-19
0.404719       -8.018202e+03 -3.652338e+04 1.149740e-15 -7.986356e+03 -3.653681e+04 1.149534e-15 -3.184632e+01 1.342900e+01 2.059034e-19
0.406129       -8.159771e+03 -3.716662e+04 1.215357e-15 -8.127022e+03 -3.718035e+04 1.215149e-15 -3.274887e+01 1.372558e+01 2.077844e-19
0.407536       -8.298173e+03 -3.779531e+04 1.280637e-15 -8.264509e+03 -3.780934e+04 1.280427e-15 -3.366449e+01 1.402588e+01 2.095905e-19
0.408941       -8.442009e+03 -3.844879e+04 1.346873e-15 -8.407416e+03 -3.846312e+04 1.346662e-15 -3.459225e+01 1.432963e+01 2.113964e-19
0.410343       -8.586058e+03 -3.910320e+04 1.412307e-15 -8.550525e+03 -3.911783e+04 1.412094e-15 -3.553312e+01 1.463695e+01 2.132076e-19
0.411741       -8.728000e+03 -3.974790e+04 1.481978e-15 -8.691515e+03 -3.976285e+04 1.481763e-15 -3.648459e+01 1.494722e+01 2.148356e-19
0.413138       -8.872867e+03 -4.040593e+04 1.549079e-15 -8.835418e+03 -4.042119e+04 1.548863e-15 -3.744876e+01 1.526111e+01 2.164014e-19
0.414531       -9.021740e+03 -4.108223e+04 1.617013e-15 -8.983315e+03 -4.109780e+04 1.616795e-15 -3.842517e+01 1.557839e+01 2.178182e-19
0.415922       -9.173236e+03 -4.177046e+04 1.686118e-15 -9.133821e+03 -4.178636e+04 1.685898e-15 -3.941441e+01 1.589963e+01 2.191527e-19
0.41731        -9.319412e+03 -4.243429e+04 1.753880e-15 -9.278996e+03 -4.245052e+04 1.753660e-15 -4.041624e+01 1.622475e+01 2.203676e-19
0.418695       -9.470604e+03 -4.312101e+04 1.822588e-15 -9.429173e+03 -4.313756e+04 1.822366e-15 -4.143118e+01 1.655374e+01 2.214462e-19
0.420078       -9.628249e+03 -4.383718e+04 1.892823e-15 -9.585789e+03 -4.385407e+04 1.892601e-15 -4.245966e+01 1.688641e+01 2.223855e-19
0.421459       -9.778077e+03 -4.451753e+04 1.960990e-15 -9.734575e+03 -4.453475e+04 1.960767e-15 -4.350185e+01 1.722295e+01 2.231317e-19
0.422835       -9.930150e+03 -4.520808e+04 2.029791e-15 -9.885594e+03 -4.522564e+04 2.029567e-15 -4.455667e+01 1.756236e+01 2.236788e-19
0.424205       -1.007977e+04 -4.588737e+04 2.099901e-15 -1.003415e+04 -4.590528e+04 2.099677e-15 -4.562160e+01 1.790290e+01 2.241577e-19
0.425569       -1.023708e+04 -4.660176e+04 2.168924e-15 -1.019038e+04 -4.662001e+04 2.168699e-15 -4.669900e+01 1.824410e+01 2.243905e-19
0.426928       -1.039592e+04 -4.732311e+04 2.240966e-15 -1.034813e+04 -4.734171e+04 2.240741e-15 -4.778637e+01 1.859732e+01 2.247198e-19
0.428281       -1.055846e+04 -4.806135e+04 2.313363e-15 -1.050958e+04 -4.808031e+04 2.313138e-15 -4.888557e+01 1.895959e+01 2.249491e-19
0.429629       -1.071572e+04 -4.877532e+04 2.383994e-15 -1.066572e+04 -4.879465e+04 2.383769e-15 -4.999656e+01 1.932805e+01 2.250326e-19
0.430971       -1.087963e+04 -4.951970e+04 2.455607e-15 -1.082851e+04 -4.953940e+04 2.455382e-15 -5.111881e+01 1.970133e+01 2.249936e-19
0.432308       -1.104338e+04 -5.026327e+04 2.527748e-15 -1.099113e+04 -5.028335e+04 2.527523e-15 -5.225251e+01 2.007933e+01 2.248988e-19
0.43364        -1.121446e+04 -5.104033e+04 2.603443e-15 -1.116106e+04 -5.106080e+04 2.603218e-15 -5.339412e+01 2.047438e+01 2.250813e-19
0.434967       -1.136854e+04 -5.173955e+04 2.672740e-15 -1.131399e+04 -5.176042e+04 2.672515e-15 -5.454627e+01 2.087136e+01 2.249922e-19
0.436288       -1.153109e+04 -5.247750e+04 2.743392e-15 -1.147538e+04 -5.249877e+04 2.743167e-15 -5.570973e+01 2.126987e+01 2.248259e-19
0.437605       -1.168877e+04 -5.319311e+04 2.813209e-15 -1.163189e+04 -5.321478e+04 2.812984e-15 -5.688374e+01 2.166969e+01 2.246065e-19
0.438916       -1.184092e+04 -5.388338e+04 2.883822e-15 -1.178286e+04 -5.390545e+04 2.883598e-15 -5.806571e+01 2.206987e+01 2.242361e-19
0.440223       -1.201212e+04 -5.466072e+04 2.955376e-15 -1.195286e+04 -5.468319e+04 2.955152e-15 -5.925836e+01 2.247092e+01 2.236535e-19
0.441525       -1.217773e+04 -5.541247e+04 3.026390e-15 -1.211727e+04 -5.543534e+04 3.026167e-15 -6.046115e+01 2.287267e+01 2.229946e-19
0.442822       -1.234304e+04 -5.616279e+04 3.097238e-15 -1.228136e+04 -5.618607e+04 3.097016e-15 -6.167379e+01 2.327511e+01 2.222607e-19
0.444115       -1.250324e+04 -5.688971e+04 3.166792e-15 -1.244034e+04 -5.691338e+04 3.166571e-15 -6.289603e+01 2.367826e+01 2.214477e-19
0.445403       -1.267368e+04 -5.766340e+04 3.238436e-15 -1.260955e+04 -5.768748e+04 3.238215e-15 -6.412783e+01 2.408204e+01 2.205507e-19
0.446686       -1.283961e+04 -5.841643e+04 3.308817e-15 -1.277424e+04 -5.844091e+04 3.308597e-15 -6.536912e+01 2.448688e+01 2.195304e-19
0.447966       -1.301342e+04 -5.920549e+04 3.380314e-15 -1.294680e+04 -5.923038e+04 3.380095e-15 -6.662013e+01 2.489356e+01 2.183185e-19
0.44924        -1.318677e+04 -5.999234e+04 3.452948e-15 -1.311889e+04 -6.001764e+04 3.452731e-15 -6.788094e+01 2.530096e+01 2.172461e-19
0.450511       -1.335543e+04 -6.075774e+04 3.523270e-15 -1.328628e+04 -6.078345e+04 3.523054e-15 -6.915147e+01 2.570822e+01 2.160627e-19
0.451777       -1.352343e+04 -6.152007e+04 3.593288e-15 -1.345300e+04 -6.154618e+04 3.593073e-15 -7.043172e+01 2.611585e+01 2.147487e-19
0.453039       -1.369020e+04 -6.227671e+04 3.662608e-15 -1.361848e+04 -6.230324e+04 3.662394e-15 -7.172239e+01 2.652443e+01 2.132430e-19
0.454297       -1.386420e+04 -6.306639e+04 3.734093e-15 -1.379118e+04 -6.309332e+04 3.733881e-15 -7.302123e+01 2.693334e+01 2.117650e-19
0.455551       -1.403057e+04 -6.382113e+04 3.802888e-15 -1.395624e+04 -6.384847e+04 3.802678e-15 -7.432936e+01 2.734289e+01 2.101560e-19
0.4568         -1.420264e+04 -6.460188e+04 3.872847e-15 -1.412699e+04 -6.462963e+04 3.872639e-15 -7.564760e+01 2.775319e+01 2.084209e-19
0.458046       -1.438488e+04 -6.542913e+04 3.944739e-15 -1.430790e+04 -6.545729e+04 3.944533e-15 -7.697616e+01 2.816411e+01 2.065425e-19
0.459288       -1.455770e+04 -6.621323e+04 4.014161e-15 -1.447939e+04 -6.624180e+04 4.013957e-15 -7.831472e+01 2.857541e+01 2.045232e-19
0.460526       -1.474056e+04 -6.704323e+04 4.085799e-15 -1.466090e+04 -6.707221e+04 4.085597e-15 -7.966403e+01 2.898652e+01 2.023218e-19
0.461761       -1.491929e+04 -6.785427e+04 4.155165e-15 -1.483827e+04 -6.788367e+04 4.154965e-15 -8.102376e+01 2.939654e+01 1.997811e-19
0.462991       -1.509505e+04 -6.865164e+04 4.226340e-15 -1.501265e+04 -6.868145e+04 4.226143e-15 -8.239373e+01 2.980655e+01 1.972312e-19
0.464218       -1.528317e+04 -6.950555e+04 4.299131e-15 -1.519940e+04 -6.953578e+04 4.298937e-15 -8.377196e+01 3.022739e+01 1.946936e-19
0.465441       -1.546990e+04 -7.035305e+04 4.370445e-15 -1.538474e+04 -7.038371e+04 4.370253e-15 -8.516090e+01 3.065335e+01 1.919943e-19
0.466661       -1.566606e+04 -7.124365e+04 4.443324e-15 -1.557950e+04 -7.127473e+04 4.443135e-15 -8.656002e+01 3.108224e+01 1.891382e-19
0.467877       -1.584068e+04 -7.203565e+04 4.511214e-15 -1.575271e+04 -7.206716e+04 4.511028e-15 -8.796768e+01 3.151299e+01 1.861433e-19
0.46909        -1.599397e+04 -7.273004e+04 4.573955e-15 -1.590459e+04 -7.276199e+04 4.573772e-15 -8.938206e+01 3.194791e+01 1.830886e-19
0.470299       -1.621981e+04 -7.375624e+04 4.652221e-15 -1.612900e+04 -7.378863e+04 4.652041e-15 -9.080513e+01 3.239501e+01 1.801971e-19
0.471505       -1.639571e+04 -7.455399e+04 4.718754e-15 -1.630347e+04 -7.458683e+04 4.718577e-15 -9.223466e+01 3.284117e+01 1.768110e-19
0.472708       -1.658172e+04 -7.539796e+04 4.787423e-15 -1.648805e+04 -7.543124e+04 4.787250e-15 -9.367267e+01 3.328624e+01 1.732520e-19
0.473907       -1.678807e+04 -7.633492e+04 4.860189e-15 -1.669295e+04 -7.636865e+04 4.860019e-15 -9.512015e+01 3.373010e+01 1.695724e-19
0.475103       -1.695541e+04 -7.709341e+04 4.924468e-15 -1.685884e+04 -7.712758e+04 4.924302e-15 -9.657471e+01 3.417234e+01 1.657777e-19
0.476295       -1.714540e+04 -7.795542e+04 4.993075e-15 -1.704736e+04 -7.799004e+04 4.992913e-15 -9.803741e+01 3.461316e+01 1.618768e-19
0.477485       -1.733553e+04 -7.881808e+04 5.061627e-15 -1.723602e+04 -7.885314e+04 5.061470e-15 -9.950799e+01 3.505239e+01 1.578769e-19
0.478671       -1.753379e+04 -7.971793e+04 5.131367e-15 -1.743281e+04 -7.975342e+04 5.131213e-15 -1.009864e+02 3.549001e+01 1.537829e-19
0.479855       -1.772884e+04 -8.060300e+04 5.200209e-15 -1.762636e+04 -8.063893e+04 5.200060e-15 -1.024724e+02 3.592586e+01 1.495983e-19
0.481035       -1.792070e+04 -8.147350e+04 5.268108e-15 -1.781674e+04 -8.150986e+04 5.267963e-15 -1.039661e+02 3.635990e+01 1.453263e-19
0.482212       -1.811727e+04 -8.236550e+04 5.336668e-15 -1.801181e+04 -8.240229e+04 5.336527e-15 -1.054673e+02 3.679196e+01 1.409714e-19
0.483387       -1.831619e+04 -8.326817e+04 5.405439e-15 -1.820921e+04 -8.330540e+04 5.405303e-15 -1.069756e+02 3.722229e+01 1.365178e-19
0.484558       -1.850034e+04 -8.410329e+04 5.470244e-15 -1.839185e+04 -8.414094e+04 5.470112e-15 -1.084898e+02 3.765110e+01 1.319493e-19
0.485726       -1.867426e+04 -8.489157e+04 5.532223e-15 -1.856424e+04 -8.492964e+04 5.532096e-15 -1.100116e+02 3.807323e+01 1.270996e-19
0.486892       -1.888448e+04 -8.584592e+04 5.603631e-15 -1.877294e+04 -8.588441e+04 5.603508e-15 -1.115428e+02 3.849293e+01 1.224423e-19
0.488055       -1.907983e+04 -8.673213e+04 5.669157e-15 -1.896675e+04 -8.677105e+04 5.669039e-15 -1.130813e+02 3.891508e+01 1.176265e-19
0.489215       -1.929279e+04 -8.769893e+04 5.738032e-15 -1.917817e+04 -8.773827e+04 5.737920e-15 -1.146274e+02 3.934358e+01 1.125974e-19
0.490372       -1.947736e+04 -8.853576e+04 5.799991e-15 -1.936118e+04 -8.857553e+04 5.799883e-15 -1.161790e+02 3.977055e+01 1.073681e-19
0.491527       -1.968076e+04 -8.945876e+04 5.866626e-15 -1.956302e+04 -8.949896e+04 5.866524e-15 -1.177383e+02 4.019648e+01 1.019854e-19
0.492678       -1.987465e+04 -9.033821e+04 5.930810e-15 -1.975535e+04 -9.037883e+04 5.930714e-15 -1.193053e+02 4.062147e+01 9.647086e-20
0.493827       -2.007136e+04 -9.123050e+04 5.995137e-15 -1.995048e+04 -9.127155e+04 5.995047e-15 -1.208800e+02 4.104544e+01 9.081871e-20
0.494974       -2.028029e+04 -9.217864e+04 6.061562e-15 -2.015782e+04 -9.222011e+04 6.061477e-15 -1.224630e+02 4.146825e+01 8.502472e-20
0.496118       -2.048228e+04 -9.309504e+04 6.125986e-15 -2.035822e+04 -9.313693e+04 6.125907e-15 -1.240539e+02 4.188977e+01 7.907863e-20
0.497259       -2.068190e+04 -9.400055e+04 6.189254e-15 -2.055625e+04 -9.404286e+04 6.189181e-15 -1.256529e+02 4.230982e+01 7.297372e-20
0.498398       -2.087655e+04 -9.488328e+04 6.250913e-15 -2.074929e+04 -9.492600e+04 6.250846e-15 -1.272596e+02 4.272763e+01 6.669118e-20
0.499534       -2.108640e+04 -9.583551e+04 6.314591e-15 -2.095752e+04 -9.587865e+04 6.314530e-15 -1.288748e+02 4.314282e+01 6.020011e-20
0.500668       -2.130203e+04 -9.681419e+04 6.380177e-15 -2.117154e+04 -9.685775e+04 6.380124e-15 -1.304992e+02 4.355411e+01 5.353719e-20
0.5018         -2.151018e+04 -9.775856e+04 6.446480e-15 -2.137805e+04 -9.780252e+04 6.446433e-15 -1.321311e+02 4.396476e+01 4.682922e-20
0.502929       -2.172741e+04 -9.874447e+04 6.513886e-15 -2.159365e+04 -9.878886e+04 6.513846e-15 -1.337686e+02 4.438538e+01 4.011660e-20
0.504055       -2.194063e+04 -9.971196e+04 6.578381e-15 -2.180522e+04 -9.975678e+04 6.578348e-15 -1.354144e+02 4.481068e+01 3.314908e-20
0.50518        -2.214432e+04 -1.006358e+05 6.639989e-15 -2.200726e+04 -1.006811e+05 6.639963e-15 -1.370674e+02 4.523849e+01 2.593597e-20
0.506301       -2.235508e+04 -1.015920e+05 6.706351e-15 -2.221635e+04 -1.016377e+05 6.706332e-15 -1.387250e+02 4.566752e+01 1.870191e-20
0.507419       -2.256436e+04 -1.025414e+05 6.771490e-15 -2.242398e+04 -1.025875e+05 6.771478e-15 -1.403878e+02 4.609801e+01 1.147858e-20
0.508534       -2.280425e+04 -1.036308e+05 6.845425e-15 -2.266220e+04 -1.036774e+05 6.845421e-15 -1.420537e+02 4.654387e+01 4.438034e-21
0.509646       -2.300708e+04 -1.045507e+05 6.905431e-15 -2.286335e+04 -1.045976e+05 6.905434e-15 -1.437235e+02 4.698925e+01 -2.932636e-21
0.510756       -2.322032e+04 -1.055181e+05 6.967640e-15 -2.307492e+04 -1.055656e+05 6.967651e-15 -1.453971e+02 4.743257e+01 -1.042207e-20
0.511862       -2.343586e+04 -1.064961e+05 7.034315e-15 -2.328878e+04 -1.065439e+05 7.034333e-15 -1.470757e+02 4.787350e+01 -1.779541e-20
0.512965       -2.364880e+04 -1.074621e+05 7.097309e-15 -2.350004e+04 -1.075105e+05 7.097335e-15 -1.487591e+02 4.831238e+01 -2.531148e-20
0.514065       -2.387407e+04 -1.084845e+05 7.161288e-15 -2.372362e+04 -1.085333e+05 7.161321e-15 -1.504473e+02 4.874919e+01 -3.301663e-20
0.515162       -2.409117e+04 -1.094696e+05 7.223455e-15 -2.393903e+04 -1.095188e+05 7.223496e-15 -1.521397e+02 4.918369e+01 -4.089110e-20
0.516256       -2.431414e+04 -1.104814e+05 7.286727e-15 -2.416030e+04 -1.105311e+05 7.286776e-15 -1.538365e+02 4.961580e+01 -4.892938e-20
0.517348       -2.452747e+04 -1.114492e+05 7.348001e-15 -2.437194e+04 -1.114993e+05 7.348058e-15 -1.555366e+02 5.004540e+01 -5.713628e-20
0.518436       -2.474445e+04 -1.124336e+05 7.407405e-15 -2.458721e+04 -1.124841e+05 7.407471e-15 -1.572414e+02 5.047286e+01 -6.552372e-20
0.519522       -2.496118e+04 -1.134169e+05 7.464016e-15 -2.480222e+04 -1.134678e+05 7.464091e-15 -1.589518e+02 5.089852e+01 -7.412691e-20
0.520605       -2.518915e+04 -1.144516e+05 7.522881e-15 -2.502848e+04 -1.145029e+05 7.522964e-15 -1.606668e+02 5.132195e+01 -8.304830e-20
0.521686       -2.541255e+04 -1.154653e+05 7.581691e-15 -2.525016e+04 -1.155171e+05 7.581783e-15 -1.623857e+02 5.174299e+01 -9.208037e-20
0.522763       -2.564292e+04 -1.165110e+05 7.649526e-15 -2.547882e+04 -1.165631e+05 7.649627e-15 -1.641073e+02 5.216228e+01 -1.008858e-19
0.523838       -2.586749e+04 -1.175301e+05 7.716374e-15 -2.570166e+04 -1.175826e+05 7.716484e-15 -1.658322e+02 5.257917e+01 -1.093746e-19
0.524911       -2.610647e+04 -1.186150e+05 7.787113e-15 -2.593891e+04 -1.186680e+05 7.787230e-15 -1.675613e+02 5.299196e+01 -1.175034e-19
0.52598        -2.631942e+04 -1.195809e+05 7.841523e-15 -2.615013e+04 -1.196343e+05 7.841649e-15 -1.692950e+02 5.340170e+01 -1.260206e-19
0.527048       -2.656530e+04 -1.206975e+05 7.907019e-15 -2.639427e+04 -1.207513e+05 7.907153e-15 -1.710315e+02 5.380879e+01 -1.346203e-19
0.528112       -2.679434e+04 -1.217369e+05 7.968412e-15 -2.662157e+04 -1.217911e+05 7.968555e-15 -1.727719e+02 5.421404e+01 -1.432575e-19
0.529174       -2.702229e+04 -1.227714e+05 8.029295e-15 -2.684777e+04 -1.228260e+05 8.029446e-15 -1.745166e+02 5.461673e+01 -1.518774e-19
0.530233       -2.725312e+04 -1.238190e+05 8.091037e-15 -2.707686e+04 -1.238740e+05 8.091197e-15 -1.762662e+02 5.501566e+01 -1.603594e-19
0.53129        -2.746956e+04 -1.248008e+05 8.148756e-15 -2.729155e+04 -1.248562e+05 8.148926e-15 -1.780195e+02 5.540868e+01 -1.691030e-19
0.532345       -2.770356e+04 -1.258629e+05 8.205292e-15 -2.752379e+04 -1.259187e+05 8.205471e-15 -1.797745e+02 5.580674e+01 -1.782391e-19
0.533397       -2.793810e+04 -1.269274e+05 8.263435e-15 -2.775657e+04 -1.269836e+05 8.263622e-15 -1.815335e+02 5.620455e+01 -1.875606e-19
0.534447       -2.817999e+04 -1.280256e+05 8.319469e-15 -2.799669e+04 -1.280822e+05 8.319667e-15 -1.832961e+02 5.660747e+01 -1.972750e-19
0.535494       -2.842026e+04 -1.291163e+05 8.379212e-15 -2.823519e+04 -1.291733e+05 8.379419e-15 -1.850637e+02 5.700808e+01 -2.070657e-19
0.536539       -2.865594e+04 -1.301860e+05 8.437389e-15 -2.846910e+04 -1.302434e+05 8.437606e-15 -1.868355e+02 5.740462e+01 -2.169440e-19
0.537581       -2.888461e+04 -1.312236e+05 8.493543e-15 -2.869599e+04 -1.312814e+05 8.493770e-15 -1.886115e+02 5.780030e+01 -2.268320e-19
0.538621       -2.913934e+04 -1.323805e+05 8.557404e-15 -2.894895e+04 -1.324387e+05 8.557641e-15 -1.903911e+02 5.820383e+01 -2.366433e-19
0.539659       -2.938243e+04 -1.334840e+05 8.618407e-15 -2.919025e+04 -1.335426e+05 8.618654e-15 -1.921751e+02 5.860957e+01 -2.465834e-19
0.540695       -2.963191e+04 -1.346168e+05 8.679728e-15 -2.943795e+04 -1.346758e+05 8.679984e-15 -1.939633e+02 5.901638e+01 -2.566756e-19
0.541728       -2.987126e+04 -1.357031e+05 8.736968e-15 -2.967550e+04 -1.357626e+05 8.737235e-15 -1.957542e+02 5.942362e+01 -2.668844e-19
0.542759       -3.009919e+04 -1.367373e+05 8.791692e-15 -2.990164e+04 -1.367971e+05 8.791969e-15 -1.975469e+02 5.983067e+01 -2.771930e-19
0.543788       -3.035905e+04 -1.379175e+05 8.853529e-15 -3.015971e+04 -1.379778e+05 8.853817e-15 -1.993405e+02 6.024861e+01 -2.873795e-19
0.544814       -3.060472e+04 -1.390328e+05 8.911138e-15 -3.040359e+04 -1.390935e+05 8.911436e-15 -2.011358e+02 6.066867e+01 -2.976416e-19
0.545839       -3.085117e+04 -1.401517e+05 8.968216e-15 -3.064824e+04 -1.402128e+05 8.968524e-15 -2.029336e+02 6.108638e+01 -3.080106e-19
0.546861       -3.109180e+04 -1.412438e+05 9.023848e-15 -3.088706e+04 -1.413053e+05 9.024167e-15 -2.047340e+02 6.150123e+01 -3.184578e-19
0.547881       -3.133780e+04 -1.423606e+05 9.080271e-15 -3.113126e+04 -1.424225e+05 9.080600e-15 -2.065371e+02 6.191305e+01 -3.289696e-19
0.548899       -3.158676e+04 -1.434909e+05 9.137884e-15 -3.137841e+04 -1.435532e+05 9.138223e-15 -2.083417e+02 6.232118e+01 -3.395414e-19
0.549915       -3.182380e+04 -1.445667e+05 9.190728e-15 -3.161365e+04 -1.446294e+05 9.191078e-15 -2.101477e+02 6.272592e+01 -3.501684e-19
0.550929       -3.207661e+04 -1.457146e+05 9.248002e-15 -3.186465e+04 -1.457777e+05 9.248363e-15 -2.119561e+02 6.312711e+01 -3.609059e-19
0.551941       -3.232950e+04 -1.468629e+05 9.304984e-15 -3.211574e+04 -1.469264e+05 9.305356e-15 -2.137667e+02 6.352468e+01 -3.717714e-19
0.552951       -3.256932e+04 -1.479513e+05 9.357374e-15 -3.235374e+04 -1.480153e+05 9.357757e-15 -2.155779e+02 6.391823e+01 -3.824166e-19
0.553959       -3.282269e+04 -1.491018e+05 9.413357e-15 -3.260530e+04 -1.491661e+05 9.413750e-15 -2.173910e+02 6.430788e+01 -3.931274e-19
0.554965       -3.307780e+04 -1.502602e+05 9.469134e-15 -3.285860e+04 -1.503249e+05 9.469538e-15 -2.192060e+02 6.469350e+01 -4.039291e-19
0.555968       -3.333362e+04 -1.514219e+05 9.524123e-15 -3.311259e+04 -1.514869e+05 9.524538e-15 -2.210225e+02 6.507486e+01 -4.148742e-19
0.55697        -3.359221e+04 -1.525962e+05 9.579097e-15 -3.336937e+04 -1.526617e+05 9.579523e-15 -2.228404e+02 6.545184e+01 -4.259911e-19
0.55797        -3.381804e+04 -1.536207e+05 9.626347e-15 -3.359338e+04 -1.536865e+05 9.626784e-15 -2.246568e+02 6.582425e+01 -4.373316e-19
0.558968       -3.408682e+04 -1.548416e+05 9.692867e-15 -3.386034e+04 -1.549078e+05 9.693315e-15 -2.264746e+02 6.619450e+01 -4.476488e-19
0.559964       -3.434691e+04 -1.560228e+05 9.749356e-15 -3.411862e+04 -1.560894e+05 9.749814e-15 -2.282936e+02 6.656088e+01 -4.578300e-19
0.560959       -3.458606e+04 -1.571082e+05 9.802264e-15 -3.435595e+04 -1.571752e+05 9.802732e-15 -2.301125e+02 6.692449e+01 -4.678911e-19
0.561951       -3.483506e+04 -1.582387e+05 9.851511e-15 -3.460313e+04 -1.583060e+05 9.851989e-15 -2.319300e+02 6.728879e+01 -4.783632e-19
0.562942       -3.510123e+04 -1.594477e+05 9.906508e-15 -3.486748e+04 -1.595154e+05 9.906997e-15 -2.337478e+02 6.765391e+01 -4.888570e-19
0.56393        -3.536250e+04 -1.606344e+05 9.960186e-15 -3.512694e+04 -1.607024e+05 9.960685e-15 -2.355659e+02 6.801822e+01 -4.993974e-19
0.564917       -3.562241e+04 -1.618147e+05 1.001328e-14 -3.538503e+04 -1.618831e+05 1.001379e-14 -2.373846e+02 6.838072e+01 -5.099888e-19
0.565903       -3.588580e+04 -1.630110e+05 1.006667e-14 -3.564659e+04 -1.630797e+05 1.006719e-14 -2.392043e+02 6.874078e+01 -5.206364e-19
0.566886       -3.614664e+04 -1.641956e+05 1.011901e-14 -3.590561e+04 -1.642647e+05 1.011954e-14 -2.410252e+02 6.909784e+01 -5.313472e-19
0.567868       -3.640137e+04 -1.653523e+05 1.017038e-14 -3.615853e+04 -1.654218e+05 1.017092e-14 -2.428468e+02 6.945133e+01 -5.421376e-19
0.568847       -3.665745e+04 -1.665152e+05 1.022150e-14 -3.641278e+04 -1.665850e+05 1.022206e-14 -2.446695e+02 6.980030e+01 -5.530320e-19
0.569825       -3.692098e+04 -1.677121e+05 1.027411e-14 -3.667449e+04 -1.677823e+05 1.027467e-14 -2.464931e+02 7.014806e+01 -5.638991e-19
0.570802       -3.718937e+04 -1.689313e+05 1.032955e-14 -3.694105e+04 -1.690018e+05 1.033013e-14 -2.483157e+02 7.050284e+01 -5.744635e-19
0.571777       -3.745372e+04 -1.701320e+05 1.038233e-14 -3.720358e+04 -1.702028e+05 1.038292e-14 -2.501399e+02 7.085928e+01 -5.850179e-19
0.57275        -3.771874e+04 -1.713357e+05 1.043435e-14 -3.746678e+04 -1.714069e+05 1.043495e-14 -2.519641e+02 7.121539e+01 -5.956213e-19
0.573721       -3.799478e+04 -1.725898e+05 1.049024e-14 -3.774099e+04 -1.726614e+05 1.049085e-14 -2.537885e+02 7.157021e+01 -6.062677e-19
0.574691       -3.826179e+04 -1.738027e+05 1.054247e-14 -3.800618e+04 -1.738746e+05 1.054309e-14 -2.556120e+02 7.192316e+01 -6.169125e-19
0.575659       -3.854569e+04 -1.750928e+05 1.060158e-14 -3.828826e+04 -1.751651e+05 1.060221e-14 -2.574331e+02 7.228743e+01 -6.271157e-19
0.576625       -3.880869e+04 -1.762873e+05 1.065243e-14 -3.854944e+04 -1.763600e+05 1.065307e-14 -2.592522e+02 7.265238e+01 -6.374880e-19
0.57759        -3.906781e+04 -1.774641e+05 1.070416e-14 -3.880674e+04 -1.775371e+05 1.070481e-14 -2.610697e+02 7.301487e+01 -6.480989e-19
0.578553       -3.932684e+04 -1.786405e+05 1.075347e-14 -3.906396e+04 -1.787139e+05 1.075413e-14 -2.628856e+02 7.337464e+01 -6.588484e-19
0.579515       -3.959321e+04 -1.798504e+05 1.080340e-14 -3.932851e+04 -1.799242e+05 1.080407e-14 -2.647004e+02 7.373143e+01 -6.696926e-19
0.580475       -3.987005e+04 -1.811083e+05 1.085586e-14 -3.960353e+04 -1.811824e+05 1.085654e-14 -2.665142e+02 7.408500e+01 -6.806115e-19
0.581434       -4.014928e+04 -1.823771e+05 1.090854e-14 -3.988095e+04 -1.824515e+05 1.090923e-14 -2.683271e+02 7.443523e+01 -6.915867e-19
0.582391       -4.041757e+04 -1.835959e+05 1.095858e-14 -4.014743e+04 -1.836707e+05 1.095928e-14 -2.701387e+02 7.478205e+01 -7.026221e-19
0.583346       -4.069798e+04 -1.848701e+05 1.100867e-14 -4.042603e+04 -1.849452e+05 1.100939e-14 -2.719496e+02 7.512613e+01 -7.141049e-19
0.5843         -4.095356e+04 -1.860307e+05 1.105890e-14 -4.067980e+04 -1.861062e+05 1.105963e-14 -2.737576e+02 7.546575e+01 -7.250090e-19
0.585253       -4.122754e+04 -1.872756e+05 1.110931e-14 -4.095198e+04 -1.873514e+05 1.111004e-14 -2.755636e+02 7.580184e+01 -7.358991e-19
0.586204       -4.150019e+04 -1.885143e+05 1.115993e-14 -4.122282e+04 -1.885905e+05 1.116068e-14 -2.773672e+02 7.613442e+01 -7.467762e-19
0.587153       -4.177280e+04 -1.897529e+05 1.120974e-14 -4.149363e+04 -1.898294e+05 1.121050e-14 -2.791685e+02 7.646343e+01 -7.576449e-19
0.588101       -4.204293e+04 -1.909802e+05 1.125886e-14 -4.176197e+04 -1.910570e+05 1.125962e-14 -2.809673e+02 7.678873e+01 -7.685034e-19
0.589048       -4.232065e+04 -1.922422e+05 1.130942e-14 -4.203789e+04 -1.923193e+05 1.131020e-14 -2.827637e+02 7.711022e+01 -7.793459e-19
0.589993       -4.259611e+04 -1.934939e+05 1.135915e-14 -4.231155e+04 -1.935713e+05 1.135994e-14 -2.845578e+02 7.742765e+01 -7.901612e-19
0.590937       -4.287124e+04 -1.947441e+05 1.140837e-14 -4.258489e+04 -1.948218e+05 1.140917e-14 -2.863496e+02 7.774042e+01 -8.009273e-19
0.591879       -4.315161e+04 -1.960182e+05 1.145754e-14 -4.286347e+04 -1.960963e+05 1.145835e-14 -2.881394e+02 7.804684e+01 -8.115452e-19
0.59282        -4.342170e+04 -1.972454e+05 1.150455e-14 -4.313178e+04 -1.973237e+05 1.150538e-14 -2.899261e+02 7.834665e+01 -8.223882e-19
0.59376        -4.367383e+04 -1.983904e+05 1.155451e-14 -4.338212e+04 -1.984690e+05 1.155534e-14 -2.917067e+02 7.864808e+01 -8.332348e-19
0.594698       -4.399576e+04 -1.998547e+05 1.161112e-14 -4.370227e+04 -1.999337e+05 1.161196e-14 -2.934854e+02 7.895530e+01 -8.441889e-19
0.595635       -4.423210e+04 -2.009276e+05 1.164978e-14 -4.393685e+04 -2.010069e+05 1.165063e-14 -2.952579e+02 7.926340e+01 -8.551498e-19
0.59657        -4.452952e+04 -2.022798e+05 1.170228e-14 -4.423249e+04 -2.023594e+05 1.170314e-14 -2.970290e+02 7.957125e+01 -8.661537e-19
0.597504       -4.482981e+04 -2.036452e+05 1.175539e-14 -4.453101e+04 -2.037251e+05 1.175627e-14 -2.987988e+02 7.987822e+01 -8.772477e-19
0.598437       -4.509849e+04 -2.048660e+05 1.180052e-14 -4.479793e+04 -2.049462e+05 1.180141e-14 -3.005635e+02 8.019130e+01 -8.883132e-19
0.599368       -4.537562e+04 -2.061255e+05 1.185158e-14 -4.507329e+04 -2.062060e+05 1.185248e-14 -3.023270e+02 8.050218e+01 -8.991881e-19
0.600299       -4.565169e+04 -2.073801e+05 1.190050e-14 -4.534760e+04 -2.074609e+05 1.190141e-14 -3.040890e+02 8.081123e+01 -9.100596e-19
0.601227       -4.593051e+04 -2.086473e+05 1.194946e-14 -4.562466e+04 -2.087285e+05 1.195038e-14 -3.058496e+02 8.111789e+01 -9.209597e-19
0.602155       -4.621641e+04 -2.099469e+05 1.199965e-14 -4.590880e+04 -2.100283e+05 1.200058e-14 -3.076095e+02 8.142149e+01 -9.319193e-19
0.603081       -4.649255e+04 -2.112019e+05 1.204786e-14 -4.618318e+04 -2.112836e+05 1.204880e-14 -3.093688e+02 8.172087e+01 -9.429838e-19
0.604006       -4.677014e+04 -2.124635e+05 1.209535e-14 -4.645902e+04 -2.125456e+05 1.209630e-14 -3.111250e+02 8.202559e+01 -9.538078e-19
0.60493        -4.704646e+04 -2.137193e+05 1.214307e-14 -4.673358e+04 -2.138016e+05 1.214404e-14 -3.128786e+02 8.233548e+01 -9.643786e-19
0.605852       -4.732868e+04 -2.150021e+05 1.219163e-14 -4.701404e+04 -2.150847e+05 1.219260e-14 -3.146321e+02 8.264711e+01 -9.748728e-19
0.606773       -4.760872e+04 -2.162749e+05 1.223962e-14 -4.729233e+04 -2.163579e+05 1.224060e-14 -3.163835e+02 8.295871e+01 -9.854317e-19
0.607693       -4.788470e+04 -2.175292e+05 1.228638e-14 -4.756656e+04 -2.176125e+05 1.228738e-14 -3.181324e+02 8.326935e+01 -9.960562e-19
0.608612       -4.816993e+04 -2.188258e+05 1.234070e-14 -4.785004e+04 -2.189094e+05 1.234171e-14 -3.198808e+02 8.357856e+01 -1.006486e-18
0.609529       -4.846896e+04 -2.201856e+05 1.239382e-14 -4.814734e+04 -2.202695e+05 1.239483e-14 -3.216241e+02 8.390032e+01 -1.016635e-18
0.610445       -4.874052e+04 -2.214196e+05 1.244251e-14 -4.841716e+04 -2.215039e+05 1.244354e-14 -3.233630e+02 8.422048e+01 -1.026400e-18
0.61136        -4.904505e+04 -2.228045e+05 1.248892e-14 -4.871994e+04 -2.228891e+05 1.248996e-14 -3.251010e+02 8.454011e+01 -1.037346e-18
0.612274       -4.931858e+04 -2.240477e+05 1.253438e-14 -4.899174e+04 -2.241325e+05 1.253543e-14 -3.268367e+02 8.485685e+01 -1.048414e-18
0.613187       -4.959126e+04 -2.252869e+05 1.257964e-14 -4.926269e+04 -2.253721e+05 1.258070e-14 -3.285699e+02 8.517050e+01 -1.059601e-18
0.614098       -4.986674e+04 -2.265390e+05 1.262549e-14 -4.953644e+04 -2.266245e+05 1.262656e-14 -3.303001e+02 8.548056e+01 -1.070924e-18
0.615009       -5.014350e+04 -2.277969e+05 1.267116e-14 -4.981147e+04 -2.278827e+05 1.267224e-14 -3.320272e+02 8.578701e+01 -1.082352e-18
0.615918       -5.042153e+04 -2.290607e+05 1.271678e-14 -5.008778e+04 -2.291468e+05 1.271787e-14 -3.337516e+02 8.608920e+01 -1.093896e-18
0.616826       -5.069415e+04 -2.302997e+05 1.276266e-14 -5.035868e+04 -2.303861e+05 1.276377e-14 -3.354732e+02 8.638647e+01 -1.105460e-18
0.617733       -5.096272e+04 -2.315203e+05 1.280822e-14 -5.062553e+04 -2.316070e+05 1.280933e-14 -3.371915e+02 8.667960e+01 -1.116979e-18
0.618638       -5.123692e+04 -2.327666e+05 1.285418e-14 -5.089801e+04 -2.328535e+05 1.285531e-14 -3.389064e+02 8.696998e+01 -1.128454e-18
0.619543       -5.151201e+04 -2.340170e+05 1.289946e-14 -5.117139e+04 -2.341042e+05 1.290060e-14 -3.406183e+02 8.725872e+01 -1.139860e-18
0.620447       -5.177912e+04 -2.352309e+05 1.294164e-14 -5.143679e+04 -2.353184e+05 1.294279e-14 -3.423258e+02 8.754561e+01 -1.151314e-18
0.621349       -5.206386e+04 -2.365254e+05 1.298872e-14 -5.171983e+04 -2.366133e+05 1.298988e-14 -3.440302e+02 8.783012e+01 -1.162841e-18
0.62225        -5.235642e+04 -2.378558e+05 1.303698e-14 -5.201069e+04 -2.379439e+05 1.303815e-14 -3.457322e+02 8.811214e+01 -1.174437e-18
0.62315        -5.262983e+04 -2.390986e+05 1.308063e-14 -5.228240e+04 -2.391870e+05 1.308181e-14 -3.474307e+02 8.839093e+01 -1.185983e-18
0.62405        -5.289563e+04 -2.403065e+05 1.312233e-14 -5.254650e+04 -2.403952e+05 1.312353e-14 -3.491253e+02 8.866628e+01 -1.197450e-18
0.624948       -5.317884e+04 -2.415942e+05 1.316826e-14 -5.282802e+04 -2.416831e+05 1.316947e-14 -3.508173e+02 8.893830e+01 -1.208878e-18
0.625845       -5.345784e+04 -2.428626e+05 1.321322e-14 -5.310534e+04 -2.429518e+05 1.321444e-14 -3.525065e+02 8.920649e+01 -1.220233e-18
0.626741       -5.374294e+04 -2.441589e+05 1.325949e-14 -5.338874e+04 -2.442484e+05 1.326073e-14 -3.541935e+02 8.946965e+01 -1.231345e-18
0.627635       -5.401172e+04 -2.453806e+05 1.330063e-14 -5.365584e+04 -2.454703e+05 1.330187e-14 -3.558775e+02 8.972863e+01 -1.242875e-18
0.628529       -5.427377e+04 -2.465715e+05 1.333937e-14 -5.391622e+04 -2.466615e+05 1.334063e-14 -3.575575e+02 8.998642e+01 -1.254756e-18
0.629422       -5.453716e+04 -2.477686e+05 1.337431e-14 -5.417793e+04 -2.478588e+05 1.337557e-14 -3.592330e+02 9.024347e+01 -1.266844e-18
0.630314       -5.481018e+04 -2.490097e+05 1.342023e-14 -5.444927e+04 -2.491002e+05 1.342151e-14 -3.609045e+02 9.049980e+01 -1.278743e-18
0.631204       -5.508360e+04 -2.502527e+05 1.347706e-14 -5.472103e+04 -2.503435e+05 1.347835e-14 -3.625727e+02 9.075572e+01 -1.289981e-18
0.632094       -5.534137e+04 -2.514241e+05 1.351675e-14 -5.497714e+04 -2.515151e+05 1.351805e-14 -3.642374e+02 9.100887e+01 -1.301359e-18
0.632983       -5.559779e+04 -2.525894e+05 1.355478e-14 -5.523189e+04 -2.526806e+05 1.355609e-14 -3.658990e+02 9.125893e+01 -1.312759e-18
0.63387        -5.586831e+04 -2.538191e+05 1.359684e-14 -5.550075e+04 -2.539106e+05 1.359816e-14 -3.675581e+02 9.150562e+01 -1.324192e-18
0.634757       -5.613399e+04 -2.550267e+05 1.363798e-14 -5.576477e+04 -2.551185e+05 1.363932e-14 -3.692153e+02 9.174832e+01 -1.335635e-18
0.635643       -5.639692e+04 -2.562218e+05 1.367868e-14 -5.602605e+04 -2.563138e+05 1.368002e-14 -3.708711e+02 9.198660e+01 -1.347076e-18
0.636527       -5.665649e+04 -2.574015e+05 1.371909e-14 -5.628397e+04 -2.574938e+05 1.372045e-14 -3.725257e+02 9.222007e+01 -1.358561e-18
0.637411       -5.691807e+04 -2.585904e+05 1.375907e-14 -5.654389e+04 -2.586829e+05 1.376044e-14 -3.741782e+02 9.244781e+01 -1.369970e-18
0.638294       -5.718920e+04 -2.598230e+05 1.380214e-14 -5.681337e+04 -2.599157e+05 1.380352e-14 -3.758303e+02 9.267174e+01 -1.381270e-18
0.639176       -5.746417e+04 -2.610732e+05 1.384722e-14 -5.708669e+04 -2.611661e+05 1.384862e-14 -3.774810e+02 9.290311e+01 -1.392074e-18
0.640057       -5.774408e+04 -2.623460e+05 1.389613e-14 -5.736494e+04 -2.624391e+05 1.389754e-14 -3.791347e+02 9.313705e+01 -1.402265e-18
0.640936       -5.793132e+04 -2.631948e+05 1.391239e-14 -5.755054e+04 -2.632882e+05 1.391380e-14 -3.807815e+02 9.336382e+01 -1.413458e-18
0.641815       -5.816895e+04 -2.642742e+05 1.394434e-14 -5.778653e+04 -2.643678e+05 1.394577e-14 -3.824225e+02 9.358714e+01 -1.424492e-18
0.642693       -5.841865e+04 -2.654089e+05 1.398074e-14 -5.803459e+04 -2.655027e+05 1.398217e-14 -3.840595e+02 9.380712e+01 -1.435377e-18
0.64357        -5.867282e+04 -2.665640e+05 1.401828e-14 -5.828713e+04 -2.666580e+05 1.401972e-14 -3.856934e+02 9.402323e+01 -1.446155e-18
0.644447       -5.894022e+04 -2.677796e+05 1.405955e-14 -5.855290e+04 -2.678739e+05 1.406101e-14 -3.873217e+02 9.425102e+01 -1.456543e-18
0.645322       -5.920332e+04 -2.689756e+05 1.409965e-14 -5.881437e+04 -2.690701e+05 1.410112e-14 -3.889478e+02 9.447423e+01 -1.467100e-18
0.646196       -5.944437e+04 -2.700708e+05 1.413401e-14 -5.905380e+04 -2.701655e+05 1.413548e-14 -3.905702e+02 9.469223e+01 -1.477786e-18
0.647069       -5.970113e+04 -2.712378e+05 1.417205e-14 -5.930894e+04 -2.713327e+05 1.417354e-14 -3.921904e+02 9.490447e+01 -1.488497e-18
0.647942       -5.995431e+04 -2.723885e+05 1.420892e-14 -5.956050e+04 -2.724836e+05 1.421042e-14 -3.938087e+02 9.511064e+01 -1.499332e-18
0.648813       -6.019077e+04 -2.734627e+05 1.424421e-14 -5.979535e+04 -2.735580e+05 1.424572e-14 -3.954238e+02 9.530948e+01 -1.510238e-18
0.649684       -6.042728e+04 -2.745371e+05 1.427915e-14 -6.003024e+04 -2.746326e+05 1.428067e-14 -3.970359e+02 9.550027e+01 -1.521178e-18
0.650554       -6.068153e+04 -2.756928e+05 1.431444e-14 -6.028289e+04 -2.757884e+05 1.431598e-14 -3.986428e+02 9.569301e+01 -1.532155e-18
0.651423       -6.093657e+04 -2.768520e+05 1.435113e-14 -6.053632e+04 -2.769479e+05 1.435267e-14 -4.002466e+02 9.588277e+01 -1.543169e-18
0.652291       -6.116733e+04 -2.779002e+05 1.438187e-14 -6.076548e+04 -2.779962e+05 1.438342e-14 -4.018467e+02 9.606847e+01 -1.554209e-18
0.653158       -6.141636e+04 -2.790320e+05 1.441799e-14 -6.101292e+04 -2.791282e+05 1.441956e-14 -4.034443e+02 9.624954e+01 -1.565282e-18
0.654024       -6.164554e+04 -2.800730e+05 1.444941e-14 -6.124050e+04 -2.801694e+05 1.445099e-14 -4.050374e+02 9.642940e+01 -1.576380e-18
0.65489        -6.187054e+04 -2.810949e+05 1.447963e-14 -6.146392e+04 -2.811915e+05 1.448122e-14 -4.066254e+02 9.660903e+01 -1.587503e-18
0.655754       -6.211440e+04 -2.822031e+05 1.451483e-14 -6.170619e+04 -2.822999e+05 1.451643e-14 -4.082122e+02 9.678308e+01 -1.598634e-18
0.656618       -6.235498e+04 -2.832963e+05 1.454901e-14 -6.194518e+04 -2.833933e+05 1.455062e-14 -4.097971e+02 9.695270e+01 -1.609759e-18
0.657481       -6.255816e+04 -2.842184e+05 1.457536e-14 -6.214678e+04 -2.843156e+05 1.457698e-14 -4.113772e+02 9.711765e+01 -1.620895e-18
0.658343       -6.279530e+04 -2.852960e+05 1.460968e-14 -6.238235e+04 -2.853933e+05 1.461131e-14 -4.129551e+02 9.727803e+01 -1.632061e-18
0.659204       -6.301851e+04 -2.863098e+05 1.464033e-14 -6.260398e+04 -2.864072e+05 1.464198e-14 -4.145301e+02 9.743374e+01 -1.643214e-18
0.660064       -6.324169e+04 -2.873235e+05 1.467108e-14 -6.282559e+04 -2.874211e+05 1.467274e-14 -4.161023e+02 9.758460e+01 -1.654342e-18
0.660923       -6.346384e+04 -2.883324e+05 1.470186e-14 -6.304616e+04 -2.884302e+05 1.470353e-14 -4.176724e+02 9.773036e+01 -1.665433e-18
0.661782       -6.368297e+04 -2.893276e+05 1.473237e-14 -6.326373e+04 -2.894255e+05 1.473405e-14 -4.192407e+02 9.787053e+01 -1.676454e-18
0.66264        -6.388974e+04 -2.902663e+05 1.475821e-14 -6.346893e+04 -2.903643e+05 1.475989e-14 -4.208068e+02 9.800418e+01 -1.687312e-18
0.663497       -6.409325e+04 -2.911901e+05 1.478382e-14 -6.367088e+04 -2.912882e+05 1.478552e-14 -4.223706e+02 9.813272e+01 -1.698466e-18
0.664353       -6.429742e+04 -2.921168e+05 1.480939e-14 -6.387349e+04 -2.922151e+05 1.481110e-14 -4.239324e+02 9.825898e+01 -1.709835e-18
0.665208       -6.450463e+04 -2.930575e+05 1.483655e-14 -6.407914e+04 -2.931559e+05 1.483827e-14 -4.254920e+02 9.838360e+01 -1.721193e-18
0.666063       -6.471344e+04 -2.940056e+05 1.486448e-14 -6.428640e+04 -2.941041e+05 1.486621e-14 -4.270493e+02 9.850558e+01 -1.732470e-18
0.666916       -6.491988e+04 -2.949428e+05 1.489241e-14 -6.449127e+04 -2.950414e+05 1.489415e-14 -4.286044e+02 9.862362e+01 -1.743700e-18
0.667769       -6.510900e+04 -2.958008e+05 1.491893e-14 -6.467884e+04 -2.958995e+05 1.492068e-14 -4.301561e+02 9.873769e+01 -1.754866e-18
0.668621       -6.532279e+04 -2.967717e+05 1.494692e-14 -6.489109e+04 -2.968705e+05 1.494869e-14 -4.317040e+02 9.885282e+01 -1.766022e-18
0.669472       -6.560909e+04 -2.980743e+05 1.498978e-14 -6.517585e+04 -2.981733e+05 1.499156e-14 -4.332405e+02 9.897494e+01 -1.776842e-18
0.670323       -6.568995e+04 -2.984370e+05 1.498885e-14 -6.525516e+04 -2.985361e+05 1.499064e-14 -4.347891e+02 9.908347e+01 -1.788315e-18
0.671172       -6.586735e+04 -2.992414e+05 1.500923e-14 -6.543101e+04 -2.993406e+05 1.501103e-14 -4.363384e+02 9.918590e+01 -1.799860e-18
0.672021       -6.604775e+04 -3.000596e+05 1.503025e-14 -6.560986e+04 -3.001588e+05 1.503206e-14 -4.378871e+02 9.928267e+01 -1.811495e-18
0.672869       -6.624361e+04 -3.009484e+05 1.505494e-14 -6.580417e+04 -3.010478e+05 1.505676e-14 -4.394361e+02 9.937450e+01 -1.823129e-18
0.673717       -6.643366e+04 -3.018107e+05 1.508078e-14 -6.599268e+04 -3.019102e+05 1.508262e-14 -4.409841e+02 9.947298e+01 -1.833998e-18
0.674563       -6.661248e+04 -3.026216e+05 1.510360e-14 -6.616995e+04 -3.027212e+05 1.510544e-14 -4.425330e+02 9.957107e+01 -1.844558e-18
0.675409       -6.677480e+04 -3.033570e+05 1.512139e-14 -6.633072e+04 -3.034567e+05 1.512325e-14 -4.440829e+02 9.966765e+01 -1.854852e-18
0.676254       -6.694997e+04 -3.041512e+05 1.514240e-14 -6.650434e+04 -3.042510e+05 1.514427e-14 -4.456340e+02 9.976115e+01 -1.864896e-18
0.677098       -6.708900e+04 -3.047801e+05 1.515635e-14 -6.664181e+04 -3.048799e+05 1.515823e-14 -4.471834e+02 9.984982e+01 -1.875380e-18
0.677941       -6.725652e+04 -3.055393e+05 1.517481e-14 -6.680778e+04 -3.056392e+05 1.517670e-14 -4.487347e+02 9.993404e+01 -1.885664e-18
0.678783       -6.740477e+04 -3.062103e+05 1.519256e-14 -6.695448e+04 -3.063103e+05 1.519446e-14 -4.502865e+02 1.000204e+02 -1.895237e-18
0.679625       -6.757123e+04 -3.069647e+05 1.521520e-14 -6.711939e+04 -3.070648e+05 1.521710e-14 -4.518399e+02 1.001085e+02 -1.904152e-18
0.680466       -6.770537e+04 -3.075712e+05 1.522752e-14 -6.725198e+04 -3.076714e+05 1.522943e-14 -4.533957e+02 1.001894e+02 -1.913027e-18
0.681306       -6.785105e+04 -3.082304e+05 1.524255e-14 -6.739609e+04 -3.083307e+05 1.524447e-14 -4.549545e+02 1.002618e+02 -1.921917e-18
0.682146       -6.798394e+04 -3.088312e+05 1.525460e-14 -6.752742e+04 -3.089315e+05 1.525653e-14 -4.565162e+02 1.003256e+02 -1.930810e-18
0.682984       -6.811554e+04 -3.094260e+05 1.526659e-14 -6.765746e+04 -3.095264e+05 1.526853e-14 -4.580810e+02 1.003804e+02 -1.939663e-18
0.683822       -6.825054e+04 -3.100364e+05 1.527927e-14 -6.779089e+04 -3.101368e+05 1.528122e-14 -4.596502e+02 1.004255e+02 -1.948459e-18
0.684659       -6.838085e+04 -3.106253e+05 1.529117e-14 -6.791962e+04 -3.107258e+05 1.529312e-14 -4.612240e+02 1.004602e+02 -1.957190e-18
0.685496       -6.849270e+04 -3.111298e+05 1.529883e-14 -6.802990e+04 -3.112303e+05 1.530080e-14 -4.628026e+02 1.004838e+02 -1.965850e-18
0.686331       -6.860140e+04 -3.116198e+05 1.530603e-14 -6.813702e+04 -3.117203e+05 1.530801e-14 -4.643859e+02 1.004956e+02 -1.974429e-18
0.687166       -6.871399e+04 -3.121276e+05 1.531400e-14 -6.824801e+04 -3.122281e+05 1.531599e-14 -4.659753e+02 1.004949e+02 -1.982917e-18
0.688          -6.880768e+04 -3.125490e+05 1.531867e-14 -6.834011e+04 -3.126494e+05 1.532066e-14 -4.675706e+02 1.004810e+02 -1.991311e-18
0.688833       -6.889982e+04 -3.129632e+05 1.532248e-14 -6.843065e+04 -3.130637e+05 1.532448e-14 -4.691730e+02 1.004529e+02 -1.999583e-18
0.689666       -6.899041e+04 -3.133703e+05 1.532604e-14 -6.851963e+04 -3.134708e+05 1.532805e-14 -4.707825e+02 1.004100e+02 -2.007711e-18
0.690497       -6.908518e+04 -3.137966e+05 1.533044e-14 -6.861278e+04 -3.138969e+05 1.533246e-14 -4.724008e+02 1.003516e+02 -2.015682e-18
0.691328       -6.915242e+04 -3.140968e+05 1.532913e-14 -6.867839e+04 -3.141971e+05 1.533115e-14 -4.740266e+02 1.002768e+02 -2.023483e-18
0.692159       -6.922146e+04 -3.144053e+05 1.532817e-14 -6.874580e+04 -3.145055e+05 1.533020e-14 -4.756614e+02 1.001847e+02 -2.031089e-18
0.692988       -6.927044e+04 -3.146219e+05 1.532303e-14 -6.879314e+04 -3.147220e+05 1.532507e-14 -4.773047e+02 1.000741e+02 -2.038481e-18
0.693817       -6.935110e+04 -3.149835e+05 1.532437e-14 -6.887214e+04 -3.150835e+05 1.532641e-14 -4.789586e+02 9.994363e+01 -2.045596e-18
0.694645       -6.941814e+04 -3.152827e+05 1.532384e-14 -6.893752e+04 -3.153825e+05 1.532589e-14 -4.806246e+02 9.979210e+01 -2.052434e-18
0.695472       -6.946483e+04 -3.154888e+05 1.531828e-14 -6.898252e+04 -3.155884e+05 1.532034e-14 -4.823033e+02 9.961762e+01 -2.058900e-18
0.696298       -6.950305e+04 -3.156562e+05 1.531099e-14 -6.901906e+04 -3.157556e+05 1.531305e-14 -4.839969e+02 9.941701e+01 -2.064892e-18
0.697124       -6.957145e+04 -3.159615e+05 1.531021e-14 -6.908574e+04 -3.160607e+05 1.531228e-14 -4.857068e+02 9.918073e+01 -2.070166e-18
0.697949       -6.954073e+04 -3.158133e+05 1.528791e-14 -6.905329e+04 -3.159122e+05 1.528998e-14 -4.874368e+02 9.892841e+01 -2.075023e-18
0.698773       -6.949244e+04 -3.155846e+05 1.526174e-14 -6.900326e+04 -3.156833e+05 1.526382e-14 -4.891876e+02 9.866302e+01 -2.079654e-18
0.699596       -6.948688e+04 -3.155514e+05 1.524430e-14 -6.899593e+04 -3.156497e+05 1.524639e-14 -4.909582e+02 9.837246e+01 -2.084245e-18
0.700419       -6.947508e+04 -3.154895e+05 1.522638e-14 -6.898233e+04 -3.155875e+05 1.522847e-14 -4.927496e+02 9.805547e+01 -2.088445e-18
0.70124        -6.944094e+04 -3.153253e+05 1.520294e-14 -6.894637e+04 -3.154231e+05 1.520503e-14 -4.945638e+02 9.771162e+01 -2.092523e-18
0.702062       -6.940103e+04 -3.151347e+05 1.517972e-14 -6.890462e+04 -3.152320e+05 1.518181e-14 -4.964038e+02 9.733892e+01 -2.095744e-18
0.702882       -6.934221e+04 -3.148575e+05 1.515244e-14 -6.884394e+04 -3.149544e+05 1.515454e-14 -4.982716e+02 9.693382e+01 -2.098222e-18
0.703701       -6.927238e+04 -3.145298e+05 1.512254e-14 -6.877221e+04 -3.146263e+05 1.512464e-14 -5.001703e+02 9.649345e+01 -2.099939e-18
0.70452        -6.917923e+04 -3.140952e+05 1.508768e-14 -6.867712e+04 -3.141913e+05 1.508978e-14 -5.021033e+02 9.601465e+01 -2.100853e-18
0.705338       -6.905969e+04 -3.135399e+05 1.504729e-14 -6.855562e+04 -3.136354e+05 1.504939e-14 -5.040740e+02 9.549376e+01 -2.100914e-18
0.706155       -6.891822e+04 -3.128840e+05 1.500192e-14 -6.841213e+04 -3.129790e+05 1.500402e-14 -5.060860e+02 9.492998e+01 -2.100038e-18
0.706972       -6.875723e+04 -3.121387e+05 1.495182e-14 -6.824908e+04 -3.122330e+05 1.495392e-14 -5.081435e+02 9.432385e+01 -2.098121e-18
0.707788       -6.857033e+04 -3.112747e+05 1.489692e-14 -6.806008e+04 -3.113683e+05 1.489901e-14 -5.102532e+02 9.366827e+01 -2.095133e-18
0.708603       -6.834147e+04 -3.102184e+05 1.483266e-14 -6.782905e+04 -3.103114e+05 1.483475e-14 -5.124216e+02 9.295806e+01 -2.090981e-18
0.709417       -6.808970e+04 -3.090572e+05 1.476355e-14 -6.757505e+04 -3.091494e+05 1.476564e-14 -5.146553e+02 9.219421e+01 -2.085479e-18
0.71023        -6.780162e+04 -3.077295e+05 1.468471e-14 -6.728466e+04 -3.078209e+05 1.468679e-14 -5.169604e+02 9.137911e+01 -2.078421e-18
0.711043       -6.746859e+04 -3.061958e+05 1.459555e-14 -6.694924e+04 -3.062864e+05 1.459762e-14 -5.193477e+02 9.050497e+01 -2.069744e-18
0.711855       -6.706046e+04 -3.043183e+05 1.449943e-14 -6.653863e+04 -3.044079e+05 1.450149e-14 -5.218303e+02 8.956058e+01 -2.058836e-18
0.712666       -6.661495e+04 -3.022692e+05 1.439147e-14 -6.609052e+04 -3.023578e+05 1.439352e-14 -5.244270e+02 8.854003e+01 -2.045905e-18
0.713476       -6.612820e+04 -3.000310e+05 1.427853e-14 -6.560104e+04 -3.001185e+05 1.428056e-14 -5.271578e+02 8.744523e+01 -2.030268e-18
0.714286       -6.558483e+04 -2.975332e+05 1.415329e-14 -6.505479e+04 -2.976194e+05 1.415530e-14 -5.300410e+02 8.627511e+01 -2.011813e-18
0.715095       -6.499092e+04 -2.948033e+05 1.401862e-14 -6.445783e+04 -2.948884e+05 1.402061e-14 -5.330948e+02 8.503645e+01 -1.990035e-18
0.715903       -6.435015e+04 -2.918583e+05 1.387949e-14 -6.381381e+04 -2.919420e+05 1.388146e-14 -5.363408e+02 8.372413e+01 -1.964782e-18
0.71671        -6.363467e+04 -2.885706e+05 1.372261e-14 -6.309487e+04 -2.886530e+05 1.372455e-14 -5.398038e+02 8.232925e+01 -1.936529e-18
0.717517       -6.283796e+04 -2.849103e+05 1.355074e-14 -6.229445e+04 -2.849911e+05 1.355264e-14 -5.435068e+02 8.084906e+01 -1.905026e-18
0.718322       -6.196966e+04 -2.809213e+05 1.336669e-14 -6.142218e+04 -2.810006e+05 1.336856e-14 -5.474747e+02 7.928113e+01 -1.870052e-18
0.719127       -6.100690e+04 -2.764990e+05 1.316719e-14 -6.045517e+04 -2.765766e+05 1.316902e-14 -5.517316e+02 7.762307e+01 -1.831639e-18
0.719931       -5.996860e+04 -2.717297e+05 1.295608e-14 -5.941230e+04 -2.718056e+05 1.295787e-14 -5.563083e+02 7.587117e+01 -1.789978e-18
0.720734       -5.880549e+04 -2.663878e+05 1.272484e-14 -5.824425e+04 -2.664618e+05 1.272658e-14 -5.612466e+02 7.402669e+01 -1.745420e-18
0.721537       -5.753070e+04 -2.605332e+05 1.247824e-14 -5.696410e+04 -2.606053e+05 1.247994e-14 -5.665997e+02 7.209384e+01 -1.698294e-18
0.722338       -5.614545e+04 -2.541713e+05 1.221412e-14 -5.557304e+04 -2.542413e+05 1.221577e-14 -5.724137e+02 7.006986e+01 -1.648703e-18
0.723139       -5.463008e+04 -2.472118e+05 1.192658e-14 -5.405135e+04 -2.472797e+05 1.192818e-14 -5.787344e+02 6.794885e+01 -1.596576e-18
0.723939       -5.295740e+04 -2.395302e+05 1.160542e-14 -5.237180e+04 -2.395960e+05 1.160696e-14 -5.855994e+02 6.572250e+01 -1.541221e-18
0.724738       -5.114067e+04 -2.311870e+05 1.124708e-14 -5.054759e+04 -2.312504e+05 1.124856e-14 -5.930800e+02 6.337083e+01 -1.481243e-18
0.725536       -4.914607e+04 -2.220270e+05 1.083280e-14 -4.854481e+04 -2.220879e+05 1.083421e-14 -6.012597e+02 6.086721e+01 -1.413493e-18
0.726333       -4.696201e+04 -2.119968e+05 1.035545e-14 -4.635176e+04 -2.120548e+05 1.035678e-14 -6.102491e+02 5.807506e+01 -1.331779e-18
0.727129       -4.469715e+04 -2.015927e+05 9.799577e-15 -4.407699e+04 -2.016480e+05 9.800819e-15 -6.201623e+02 5.529178e+01 -1.242320e-18
0.727925       -4.238239e+04 -1.909563e+05 9.213962e-15 -4.175143e+04 -1.910088e+05 9.215099e-15 -6.309548e+02 5.247672e+01 -1.137747e-18
0.728719       -3.995823e+04 -1.798152e+05 8.574380e-15 -3.931555e+04 -1.798649e+05 8.575385e-15 -6.426880e+02 4.964444e+01 -1.004958e-18
0.729512       -3.736755e+04 -1.679078e+05 7.908901e-15 -3.671215e+04 -1.679546e+05 7.909746e-15 -6.554031e+02 4.675509e+01 -8.453948e-19
0.730305       -3.471897e+04 -1.557317e+05 7.264831e-15 -3.405001e+04 -1.557755e+05 7.265507e-15 -6.689526e+02 4.384642e+01 -6.765846e-19
0.731096       -3.216372e+04 -1.439777e+05 6.671713e-15 -3.148016e+04 -1.440187e+05 6.672215e-15 -6.835557e+02 4.102512e+01 -5.015598e-19
0.731886       -2.984780e+04 -1.333103e+05 6.144590e-15 -2.914786e+04 -1.333487e+05 6.144911e-15 -6.999338e+02 3.837113e+01 -3.213256e-19
0.732676       -2.743392e+04 -1.221894e+05 5.605640e-15 -2.671642e+04 -1.222251e+05 5.605818e-15 -7.174916e+02 3.564409e+01 -1.783660e-19
0.733464       -2.524648e+04 -1.121017e+05 5.121785e-15 -2.451084e+04 -1.121347e+05 5.121879e-15 -7.356410e+02 3.299552e+01 -9.338104e-20
0.734251       -2.314039e+04 -1.023822e+05 4.658827e-15 -2.238570e+04 -1.024125e+05 4.658906e-15 -7.546848e+02 3.026344e+01 -7.867182e-20
0.735036       -2.128561e+04 -9.380713e+04 4.251527e-15 -2.051073e+04 -9.383461e+04 4.251654e-15 -7.748850e+02 2.748302e+01 -1.271124e-19
0.735821       -1.998642e+04 -8.777172e+04 3.986715e-15 -1.919096e+04 -8.779682e+04 3.986945e-15 -7.954532e+02 2.510326e+01 -2.304097e-19
0.736604       -1.901570e+04 -8.323497e+04 3.765030e-15 -1.819883e+04 -8.325791e+04 3.765366e-15 -8.168724e+02 2.294352e+01 -3.361074e-19
0.737363       -1.784507e+04 -7.777748e+04 3.477747e-15 -1.700547e+04 -7.779841e+04 3.478125e-15 -8.395923e+02 2.093049e+01 -3.780584e-19
0.738088       -1.657874e+04 -7.187054e+04 3.178150e-15 -1.571387e+04 -7.188943e+04 3.178553e-15 -8.648692e+02 1.889591e+01 -4.029449e-19
0.738783       -1.456777e+04 -6.256578e+04 2.689216e-15 -1.367963e+04 -6.258301e+04 2.689576e-15 -8.881368e+02 1.722937e+01 -3.594847e-19
0.739451       -1.454512e+04 -6.236015e+04 2.663983e-15 -1.363435e+04 -6.237584e+04 2.664328e-15 -9.107696e+02 1.568306e+01 -3.455592e-19
0.740096       -1.469897e+04 -6.296052e+04 2.686666e-15 -1.376526e+04 -6.297475e+04 2.686982e-15 -9.337081e+02 1.422715e+01 -3.156900e-19
0.740719       -1.489181e+04 -6.373041e+04 2.728649e-15 -1.393319e+04 -6.374301e+04 2.728921e-15 -9.586249e+02 1.259426e+01 -2.720605e-19
0.741323       -1.497283e+04 -6.399800e+04 2.698987e-15 -1.399153e+04 -6.400991e+04 2.699186e-15 -9.813042e+02 1.191030e+01 -1.985660e-19
0.74191        -1.505473e+04 -6.426879e+04 2.716264e-15 -1.405063e+04 -6.428030e+04 2.716399e-15 -1.004099e+03 1.150474e+01 -1.343803e-19
0.742481       -1.496490e+04 -6.375231e+04 2.697335e-15 -1.393769e+04 -6.376358e+04 2.697420e-15 -1.027213e+03 1.127011e+01 -8.510427e-20
0.743038       -1.471256e+04 -6.248961e+04 2.645141e-15 -1.366165e+04 -6.250072e+04 2.645194e-15 -1.050917e+03 1.110740e+01 -5.333127e-20
0.74358        -1.427813e+04 -6.038857e+04 2.554491e-15 -1.320233e+04 -6.039940e+04 2.554538e-15 -1.075802e+03 1.083842e+01 -4.660926e-20
0.74411        -1.382617e+04 -5.820259e+04 2.465435e-15 -1.272445e+04 -5.821315e+04 2.465494e-15 -1.101719e+03 1.056140e+01 -5.860863e-20
0.744627       -1.320099e+04 -5.522739e+04 2.349804e-15 -1.207419e+04 -5.523827e+04 2.349841e-15 -1.126795e+03 1.087936e+01 -3.683885e-20
0.745133       -1.226044e+04 -5.080478e+04 2.162979e-15 -1.110758e+04 -5.081609e+04 2.162986e-15 -1.152865e+03 1.130883e+01 -6.538568e-21
0.745628       -1.185530e+04 -4.882543e+04 2.113964e-15 -1.067504e+04 -4.883729e+04 2.113953e-15 -1.180263e+03 1.185389e+01 1.135073e-20
0.746113       -1.157979e+04 -4.743263e+04 2.117149e-15 -1.037074e+04 -4.744514e+04 2.117058e-15 -1.209048e+03 1.251486e+01 9.095724e-20
0.746587       -1.054076e+04 -4.253660e+04 1.947593e-15 -9.300628e+03 -4.254948e+04 1.947430e-15 -1.240130e+03 1.288188e+01 1.627996e-19
0.747052       -8.890986e+03 -3.483190e+04 1.634210e-15 -7.616442e+03 -3.484449e+04 1.633935e-15 -1.274544e+03 1.259478e+01 2.752118e-19
0.747508       -7.001431e+03 -2.600803e+04 1.270450e-15 -5.687498e+03 -2.601976e+04 1.270002e-15 -1.313933e+03 1.173227e+01 4.473557e-19
0.747955       -5.587105e+03 -1.931604e+04 1.023015e-15 -4.224462e+03 -1.932651e+04 1.022249e-15 -1.362643e+03 1.046466e+01 7.658997e-19
0.748392       -6.078159e+03 -2.128776e+04 1.188741e-15 -4.655266e+03 -2.129740e+04 1.187508e-15 -1.422893e+03 9.639442e+00 1.232183e-18
0.748821       -6.829972e+03 -2.441947e+04 1.428487e-15 -5.339993e+03 -2.442995e+04 1.426765e-15 -1.489979e+03 1.048705e+01 1.721585e-18
0.749242       -7.668147e+03 -2.790227e+04 1.675157e-15 -6.101566e+03 -2.791408e+04 1.672778e-15 -1.566582e+03 1.180316e+01 2.378961e-18
0.749656       -7.387715e+03 -2.622224e+04 1.653779e-15 -5.734641e+03 -2.623543e+04 1.650628e-15 -1.653073e+03 1.318961e+01 3.150262e-18
0.750063       -5.537907e+03 -1.750086e+04 1.279987e-15 -3.827707e+03 -1.751139e+04 1.276336e-15 -1.710201e+03 1.052761e+01 3.650595e-18
0.750463       -4.890330e+03 -1.436102e+04 1.154702e-15 -3.140207e+03 -1.436614e+04 1.151040e-15 -1.750123e+03 5.128604e+00 3.662881e-18
0.750856       -5.315722e+03 -1.612008e+04 1.294717e-15 -3.523507e+03 -1.611971e+04 1.290931e-15 -1.792215e+03 -3.725874e-01 3.785573e-18
0.751243       -5.952218e+03 -1.885881e+04 1.496749e-15 -4.121324e+03 -1.885466e+04 1.492841e-15 -1.830894e+03 -4.153480e+00 3.908032e-18
0.751625       -6.390002e+03 -2.070101e+04 1.641499e-15 -4.523128e+03 -2.069288e+04 1.637439e-15 -1.866874e+03 -8.136539e+00 4.060172e-18
0.752001       -6.810165e+03 -2.247126e+04 1.775993e-15 -4.909148e+03 -2.245888e+04 1.771753e-15 -1.901017e+03 -1.238336e+01 4.239375e-18
0.752372       -7.277480e+03 -2.446637e+04 1.918026e-15 -5.344195e+03 -2.444918e+04 1.913575e-15 -1.933285e+03 -1.719224e+01 4.450986e-18
0.752738       -7.757413e+03 -2.653037e+04 2.058620e-15 -5.794080e+03 -2.650736e+04 2.053907e-15 -1.963333e+03 -2.301654e+01 4.713251e-18
0.753099       -8.099959e+03 -2.797127e+04 2.151493e-15 -6.107742e+03 -2.794233e+04 2.146530e-15 -1.992217e+03 -2.893471e+01 4.963519e-18
0.753456       -8.442916e+03 -2.941967e+04 2.251230e-15 -6.423013e+03 -2.938467e+04 2.246020e-15 -2.019904e+03 -3.500141e+01 5.210451e-18
0.753808       -8.830264e+03 -3.107699e+04 2.358834e-15 -6.783913e+03 -3.103575e+04 2.353377e-15 -2.046351e+03 -4.124300e+01 5.457088e-18
0.754157       -9.239953e+03 -3.284249e+04 2.469690e-15 -7.168418e+03 -3.279482e+04 2.463987e-15 -2.071536e+03 -4.766914e+01 5.703747e-18
0.754501       -9.657861e+03 -3.465178e+04 2.581135e-15 -7.562458e+03 -3.459752e+04 2.575187e-15 -2.095404e+03 -5.426388e+01 5.948458e-18
0.754842       -1.006657e+04 -3.642533e+04 2.689982e-15 -7.948652e+03 -3.636432e+04 2.683796e-15 -2.117914e+03 -6.100843e+01 6.186354e-18
0.75518        -1.049012e+04 -3.827322e+04 2.800102e-15 -8.351073e+03 -3.820536e+04 2.793698e-15 -2.139050e+03 -6.786253e+01 6.404111e-18
0.755514       -1.098451e+04 -4.044957e+04 2.924158e-15 -8.825327e+03 -4.037502e+04 2.917581e-15 -2.159178e+03 -7.454262e+01 6.577367e-18
0.755845       -1.136634e+04 -4.211037e+04 3.030557e-15 -9.187010e+03 -4.202969e+04 3.023755e-15 -2.179326e+03 -8.067884e+01 6.801628e-18
0.756172       -1.165136e+04 -4.333345e+04 3.113169e-15 -9.452957e+03 -4.324637e+04 3.106126e-15 -2.198407e+03 -8.707940e+01 7.043148e-18
0.756497       -1.189665e+04 -4.437883e+04 3.185204e-15 -9.680038e+03 -4.428525e+04 3.177896e-15 -2.216614e+03 -9.358416e+01 7.308468e-18
0.756819       -1.210053e+04 -4.523801e+04 3.246265e-15 -9.866424e+03 -4.513794e+04 3.238670e-15 -2.234102e+03 -1.000719e+02 7.595231e-18
0.757138       -1.227867e+04 -4.598181e+04 3.300544e-15 -1.002761e+04 -4.587536e+04 3.292642e-15 -2.251060e+03 -1.064550e+02 7.901485e-18
0.757455       -1.244450e+04 -4.667005e+04 3.350958e-15 -1.017671e+04 -4.655746e+04 3.342732e-15 -2.267792e+03 -1.125899e+02 8.226450e-18
0.757769       -1.275191e+04 -4.799666e+04 3.429407e-15 -1.046550e+04 -4.787865e+04 3.420841e-15 -2.286416e+03 -1.180168e+02 8.566639e-18
0.758081       -1.278354e+04 -4.806966e+04 3.449752e-15 -1.048038e+04 -4.794673e+04 3.440790e-15 -2.303165e+03 -1.229313e+02 8.962191e-18
0.758391       -1.276890e+04 -4.794008e+04 3.456711e-15 -1.045072e+04 -4.781105e+04 3.447342e-15 -2.318174e+03 -1.290356e+02 9.369265e-18
0.758698       -1.275271e+04 -4.780817e+04 3.457899e-15 -1.042012e+04 -4.767106e+04 3.448185e-15 -2.332588e+03 -1.371035e+02 9.714547e-18
0.759003       -1.272241e+04 -4.761090e+04 3.454324e-15 -1.037545e+04 -4.746670e+04 3.444292e-15 -2.346961e+03 -1.441966e+02 1.003239e-17
0.759306       -1.264298e+04 -4.719809e+04 3.437580e-15 -1.028368e+04 -4.704684e+04 3.427200e-15 -2.359299e+03 -1.512469e+02 1.037977e-17
0.759608       -1.255112e+04 -4.673590e+04 3.417830e-15 -1.018115e+04 -4.657778e+04 3.407092e-15 -2.369972e+03 -1.581166e+02 1.073785e-17
0.759907       -1.244071e+04 -4.619600e+04 3.393320e-15 -1.006167e+04 -4.603116e+04 3.382225e-15 -2.379044e+03 -1.648374e+02 1.109548e-17
0.760204       -1.230857e+04 -4.556393e+04 3.363172e-15 -9.922061e+03 -4.539248e+04 3.351724e-15 -2.386512e+03 -1.714581e+02 1.144804e-17
0.7605         -1.214894e+04 -4.481355e+04 3.326265e-15 -9.756608e+03 -4.463555e+04 3.314471e-15 -2.392329e+03 -1.780068e+02 1.179434e-17
0.760794       -1.194668e+04 -4.387593e+04 3.282107e-15 -9.550234e+03 -4.369140e+04 3.269973e-15 -2.396443e+03 -1.845203e+02 1.213453e-17
0.761086       -1.175059e+04 -4.297468e+04 3.236603e-15 -9.351806e+03 -4.278362e+04 3.224134e-15 -2.398786e+03 -1.910597e+02 1.246904e-17
0.761377       -1.155036e+04 -4.206403e+04 3.189421e-15 -9.151258e+03 -4.186613e+04 3.176621e-15 -2.399101e+03 -1.978991e+02 1.280004e-17
0.761666       -1.130476e+04 -4.095288e+04 3.133940e-15 -8.906902e+03 -4.074822e+04 3.120814e-15 -2.397859e+03 -2.046535e+02 1.312605e-17
0.761954       -1.104677e+04 -3.978303e+04 3.081177e-15 -8.650018e+03 -3.957300e+04 3.067750e-15 -2.396754e+03 -2.100267e+02 1.342666e-17
0.76224        -1.074410e+04 -3.841478e+04 3.011042e-15 -8.349859e+03 -3.819980e+04 2.997299e-15 -2.394242e+03 -2.149762e+02 1.374297e-17
0.762525       -1.036809e+04 -3.671771e+04 2.929085e-15 -7.977893e+03 -3.649809e+04 2.915029e-15 -2.390195e+03 -2.196184e+02 1.405661e-17
0.762808       -9.959307e+03 -3.487999e+04 2.838964e-15 -7.575207e+03 -3.465585e+04 2.824621e-15 -2.384100e+03 -2.241478e+02 1.434277e-17
0.76309        -9.537458e+03 -3.299068e+04 2.746667e-15 -7.161289e+03 -3.276221e+04 2.732046e-15 -2.376169e+03 -2.284694e+02 1.462085e-17
0.763371       -9.177091e+03 -3.138892e+04 2.671238e-15 -6.810311e+03 -3.115652e+04 2.656338e-15 -2.366780e+03 -2.323987e+02 1.490008e-17
0.763651       -8.709443e+03 -2.930527e+04 2.568808e-15 -6.354041e+03 -2.906913e+04 2.553670e-15 -2.355401e+03 -2.361400e+02 1.513768e-17
0.763929       -8.246467e+03 -2.724795e+04 2.468448e-15 -5.903651e+03 -2.700864e+04 2.453088e-15 -2.342816e+03 -2.393096e+02 1.535998e-17
0.764207       -7.764105e+03 -2.510721e+04 2.363360e-15 -5.435158e+03 -2.486533e+04 2.347801e-15 -2.328947e+03 -2.418794e+02 1.555873e-17
0.764483       -7.265825e+03 -2.290312e+04 2.251867e-15 -4.952908e+03 -2.265908e+04 2.236160e-15 -2.312916e+03 -2.440354e+02 1.570643e-17
0.764758       -6.739648e+03 -2.057964e+04 2.136933e-15 -4.444689e+03 -2.033403e+04 2.121124e-15 -2.294959e+03 -2.456163e+02 1.580955e-17
0.765033       -6.171130e+03 -1.807114e+04 2.014797e-15 -3.896166e+03 -1.782458e+04 1.998934e-15 -2.274965e+03 -2.465598e+02 1.586304e-17
0.765307       -5.619727e+03 -1.564508e+04 1.895435e-15 -3.365959e+03 -1.539894e+04 1.879598e-15 -2.253769e+03 -2.461427e+02 1.583777e-17
0.765579       -5.025163e+03 -1.303497e+04 1.764051e-15 -2.795712e+03 -1.279011e+04 1.748259e-15 -2.229451e+03 -2.448519e+02 1.579192e-17
0.765851       -4.466768e+03 -1.060459e+04 1.641133e-15 -2.265021e+03 -1.036225e+04 1.625412e-15 -2.201748e+03 -2.423425e+02 1.572058e-17
0.766123       -3.986107e+03 -8.546936e+03 1.534095e-15 -1.816018e+03 -8.308107e+03 1.518504e-15 -2.170089e+03 -2.388289e+02 1.559150e-17
0.766394       -3.396305e+03 -6.007484e+03 1.402988e-15 -1.261995e+03 -5.773507e+03 1.387573e-15 -2.134310e+03 -2.339776e+02 1.541504e-17
0.766665       -2.779686e+03 -3.366037e+03 1.265554e-15 -6.861840e+02 -3.139225e+03 1.250366e-15 -2.093502e+03 -2.268120e+02 1.518823e-17
0.766935       -2.124550e+03 -5.647250e+02 1.119118e-15 -7.623666e+01 -3.487746e+02 1.104206e-15 -2.048314e+03 -2.159504e+02 1.491209e-17
0.767206       -1.419355e+03 2.469096e+03 9.601373e-16 5.831271e+02 2.667751e+03 9.455349e-16 -2.002482e+03 -1.986556e+02 1.460238e-17
0.767478       -7.251473e+02 5.451647e+03 8.003648e-16 1.229941e+03 5.626862e+03 7.860887e-16 -1.955088e+03 -1.752146e+02 1.427608e-17
0.767749       -1.186210e+03 3.154129e+03 9.034358e-16 7.294818e+02 3.337310e+03 8.889849e-16 -1.915691e+03 -1.831806e+02 1.445087e-17
0.768015       -1.611250e+03 1.036589e+03 1.004984e-15 2.758726e+02 1.262091e+03 9.898017e-16 -1.887123e+03 -2.255026e+02 1.518203e-17
0.768278       -1.659811e+03 6.542470e+02 1.011338e-15 2.014169e+02 9.214638e+02 9.952940e-16 -1.861228e+03 -2.672168e+02 1.604396e-17
0.76854        -2.588633e+03 -3.586816e+03 1.202836e-15 -7.146946e+02 -3.269658e+03 1.186295e-15 -1.873939e+03 -3.171578e+02 1.654165e-17
0.768799       -2.130283e+03 -1.549794e+03 1.098062e-15 -2.613116e+02 -1.195475e+03 1.081293e-15 -1.868971e+03 -3.543188e+02 1.676908e-17
0.769058       -1.658604e+03 4.787244e+02 9.931622e-16 1.876935e+02 8.586804e+02 9.763096e-16 -1.846297e+03 -3.799560e+02 1.685253e-17
0.769315       -2.967057e+03 -5.383102e+03 1.236036e-15 -1.088647e+03 -4.980455e+03 1.218538e-15 -1.878410e+03 -4.026472e+02 1.749724e-17
0.769572       -2.586245e+03 -3.603164e+03 1.141349e-15 -6.969318e+02 -3.188395e+03 1.123325e-15 -1.889313e+03 -4.147686e+02 1.802405e-17
0.769828       -2.177084e+03 -1.783097e+03 1.042804e-15 -2.980743e+02 -1.363660e+03 1.024315e-15 -1.879010e+03 -4.194364e+02 1.848964e-17
0.770083       -2.218318e+03 -2.010037e+03 1.047321e-15 -3.486039e+02 -1.594829e+03 1.028528e-15 -1.869715e+03 -4.152084e+02 1.879316e-17
0.770337       -4.705087e+03 -1.289994e+04 1.608130e-15 -2.732622e+03 -1.250148e+04 1.589265e-15 -1.972465e+03 -3.984561e+02 1.886426e-17
0.770592       -4.249434e+03 -1.044836e+04 1.468378e-15 -2.200131e+03 -1.006539e+04 1.448788e-15 -2.049303e+03 -3.829681e+02 1.958954e-17
0.770845       -3.821300e+03 -8.221814e+03 1.353477e-15 -1.716693e+03 -7.853703e+03 1.333332e-15 -2.104607e+03 -3.681107e+02 2.014547e-17
0.771099       -3.548624e+03 -6.772042e+03 1.269484e-15 -1.402930e+03 -6.418267e+03 1.248992e-15 -2.145695e+03 -3.537749e+02 2.049146e-17
0.771352       -3.375895e+03 -5.826673e+03 1.210646e-15 -1.199309e+03 -5.486725e+03 1.189996e-15 -2.176586e+03 -3.399484e+02 2.064965e-17
0.771605       -3.258249e+03 -5.168405e+03 1.175020e-15 -1.058310e+03 -4.841665e+03 1.154363e-15 -2.199940e+03 -3.267400e+02 2.065753e-17
0.771857       -3.162443e+03 -4.642576e+03 1.138143e-15 -9.460492e+02 -4.328084e+03 1.117590e-15 -2.216393e+03 -3.144922e+02 2.055311e-17
0.77211        -3.104250e+03 -4.314765e+03 1.109386e-15 -8.768869e+02 -4.011673e+03 1.089010e-15 -2.227363e+03 -3.030917e+02 2.037556e-17
0.772363       -3.061564e+03 -4.080124e+03 1.085583e-15 -8.279120e+02 -3.787617e+03 1.065432e-15 -2.233652e+03 -2.925066e+02 2.015100e-17
0.772616       -3.015154e+03 -3.847850e+03 1.065014e-15 -7.792898e+02 -3.565176e+03 1.045116e-15 -2.235864e+03 -2.826743e+02 1.989772e-17
0.772869       -2.990834e+03 -3.734323e+03 1.044413e-15 -7.564700e+02 -3.460777e+03 1.024784e-15 -2.234364e+03 -2.735455e+02 1.962875e-17
0.773123       -2.978829e+03 -3.693609e+03 1.024722e-15 -7.494260e+02 -3.428551e+03 1.005369e-15 -2.229403e+03 -2.650580e+02 1.935277e-17
0.773378       -2.933671e+03 -3.517106e+03 1.005114e-15 -7.125671e+02 -3.259926e+03 9.860402e-16 -2.221104e+03 -2.571807e+02 1.907336e-17
0.773633       -2.878800e+03 -3.311660e+03 9.826656e-16 -6.692556e+02 -3.061779e+03 9.638719e-16 -2.209545e+03 -2.498801e+02 1.879368e-17
0.773891       -2.805294e+03 -3.035995e+03 9.554744e-16 -6.104678e+02 -2.792831e+03 9.369576e-16 -2.194827e+03 -2.431634e+02 1.851683e-17
0.77415        -2.786157e+03 -3.003806e+03 9.438024e-16 -6.050500e+02 -2.768045e+03 9.256242e-16 -2.181107e+03 -2.357607e+02 1.817815e-17
0.774413       -3.086520e+03 -4.458997e+03 1.004643e-15 -9.232907e+02 -4.223966e+03 9.866941e-16 -2.163230e+03 -2.350316e+02 1.794859e-17
0.774674       -3.090558e+03 -4.582164e+03 9.983703e-16 -9.499615e+02 -4.345982e+03 9.806138e-16 -2.140596e+03 -2.361817e+02 1.775656e-17
0.774932       -2.955405e+03 -4.084192e+03 9.674891e-16 -8.408218e+02 -3.846678e+03 9.499185e-16 -2.114584e+03 -2.375132e+02 1.757064e-17
0.77519        -2.863410e+03 -3.796695e+03 9.448994e-16 -7.777214e+02 -3.558000e+03 9.275167e-16 -2.085689e+03 -2.386942e+02 1.738272e-17
0.775447       -2.754446e+03 -3.447207e+03 9.188254e-16 -7.010681e+02 -3.207318e+03 9.016402e-16 -2.053378e+03 -2.398889e+02 1.718511e-17
0.775704       -2.668993e+03 -3.218594e+03 8.983268e-16 -6.508592e+02 -2.977618e+03 8.813505e-16 -2.018134e+03 -2.409766e+02 1.697635e-17
0.775961       -2.584196e+03 -3.006683e+03 8.787906e-16 -6.043184e+02 -2.764698e+03 8.620345e-16 -1.979877e+03 -2.419848e+02 1.675614e-17
0.776219       -2.492027e+03 -2.774872e+03 8.579226e-16 -5.534336e+02 -2.531905e+03 8.413980e-16 -1.938593e+03 -2.429672e+02 1.652462e-17
0.776477       -2.397515e+03 -2.545966e+03 8.366725e-16 -5.031731e+02 -2.301968e+03 8.203890e-16 -1.894342e+03 -2.439981e+02 1.628353e-17
0.776736       -2.425948e+03 -2.864433e+03 8.420274e-16 -5.728841e+02 -2.620889e+03 8.260964e-16 -1.853064e+03 -2.435433e+02 1.593101e-17
0.776995       -2.322160e+03 -2.589994e+03 8.168863e-16 -5.130222e+02 -2.347027e+03 8.013111e-16 -1.809138e+03 -2.429676e+02 1.557522e-17
0.777255       -2.202284e+03 -2.257368e+03 7.894106e-16 -4.404272e+02 -2.014911e+03 7.741555e-16 -1.761857e+03 -2.424564e+02 1.525502e-17
0.777517       -2.099617e+03 -2.015021e+03 7.665863e-16 -3.875814e+02 -1.773147e+03 7.516223e-16 -1.712035e+03 -2.418736e+02 1.496400e-17
0.777779       -1.945000e+03 -1.553596e+03 7.326568e-16 -2.867881e+02 -1.312027e+03 7.179041e-16 -1.658212e+03 -2.415681e+02 1.475269e-17
0.778043       -1.790231e+03 -1.104274e+03 7.006817e-16 -1.886687e+02 -8.631404e+02 6.860745e-16 -1.601563e+03 -2.411332e+02 1.460717e-17
0.778307       -1.941095e+03 -2.025942e+03 7.364105e-16 -3.906730e+02 -1.787291e+03 7.226788e-16 -1.550422e+03 -2.386513e+02 1.373171e-17
0.778573       -1.768797e+03 -1.495168e+03 6.979504e-16 -2.752157e+02 -1.259085e+03 6.849780e-16 -1.493581e+03 -2.360830e+02 1.297244e-17
0.77884        -1.580304e+03 -9.086523e+02 6.587018e-16 -1.476721e+02 -6.755852e+02 6.464797e-16 -1.432632e+03 -2.330671e+02 1.222215e-17
0.779108       -1.401536e+03 -3.834008e+02 6.222760e-16 -3.354860e+01 -1.534809e+02 6.108704e-16 -1.367987e+03 -2.299199e+02 1.140567e-17
0.779378       -1.252349e+03 -3.646894e+00 5.938894e-16 4.875306e+01 2.230413e+02 5.834699e-16 -1.301102e+03 -2.266881e+02 1.041946e-17
0.779649       -1.194052e+03 -2.876610e+01 5.852723e-16 4.214387e+01 1.928049e+02 5.759135e-16 -1.236195e+03 -2.215710e+02 9.358803e-18
0.779922       -1.099077e+03 1.164689e+02 5.676785e-16 7.253325e+01 3.318333e+02 5.592401e-16 -1.171611e+03 -2.153645e+02 8.438425e-18
0.780198       -8.548077e+02 9.166887e+02 5.178583e-16 2.460732e+02 1.125762e+03 5.104101e-16 -1.100881e+03 -2.090731e+02 7.448252e-18
0.780475       -6.112314e+02 1.692568e+03 4.696064e-16 4.139919e+02 1.893974e+03 4.632288e-16 -1.025223e+03 -2.014065e+02 6.377587e-18
0.780755       -4.127139e+02 2.245838e+03 4.314941e-16 5.329084e+02 2.438006e+03 4.263050e-16 -9.456223e+02 -1.921676e+02 5.189097e-18
0.781038       -3.038357e+02 2.384598e+03 4.154471e-16 5.608957e+02 2.566045e+03 4.116282e-16 -8.647313e+02 -1.814462e+02 3.818842e-18
0.781323       -3.298604e+02 1.959910e+03 4.237945e-16 4.651175e+02 2.127869e+03 4.203506e-16 -7.949779e+02 -1.679589e+02 3.443842e-18
0.781609       -1.791144e+03 -4.845397e+03 7.445704e-16 -1.023637e+03 -4.683041e+03 7.413005e-16 -7.675067e+02 -1.623559e+02 3.269841e-18
0.781893       -2.386071e+03 -7.588137e+03 8.651132e-16 -1.624560e+03 -7.432206e+03 8.612509e-16 -7.615110e+02 -1.559315e+02 3.862283e-18
0.782175       -1.918075e+03 -5.554651e+03 7.592588e-16 -1.181620e+03 -5.405799e+03 7.550553e-16 -7.364544e+02 -1.488517e+02 4.203494e-18
0.782457       -1.607557e+03 -4.296352e+03 6.907063e-16 -9.080568e+02 -4.154272e+03 6.863686e-16 -6.995004e+02 -1.420796e+02 4.337626e-18
0.782741       -1.403101e+03 -3.557836e+03 6.467448e-16 -7.480232e+02 -3.422134e+03 6.424285e-16 -6.550780e+02 -1.357020e+02 4.316313e-18
0.783025       -1.263673e+03 -3.138792e+03 6.181778e-16 -6.577134e+02 -3.008975e+03 6.139813e-16 -6.059595e+02 -1.298171e+02 4.196496e-18
0.783311       -1.164028e+03 -2.913213e+03 5.999422e-16 -6.097250e+02 -2.789433e+03 5.959474e-16 -5.543030e+02 -1.237807e+02 3.994841e-18
0.783599       -1.136240e+03 -3.011794e+03 5.980773e-16 -6.328573e+02 -2.895261e+03 5.943954e-16 -5.033826e+02 -1.165331e+02 3.681919e-18
0.783889       -1.066042e+03 -2.921579e+03 5.845461e-16 -6.149002e+02 -2.813109e+03 5.812378e-16 -4.511423e+02 -1.084707e+02 3.308351e-18
0.784181       -9.611118e+02 -2.683484e+03 5.638691e-16 -5.647977e+02 -2.583895e+03 5.609537e-16 -3.963141e+02 -9.958958e+01 2.915353e-18
0.784475       -8.746718e+02 -2.534934e+03 5.473721e-16 -5.345148e+02 -2.445353e+03 5.448814e-16 -3.401570e+02 -8.958115e+01 2.490693e-18
0.784772       -7.954237e+02 -2.420148e+03 5.326539e-16 -5.117776e+02 -2.341333e+03 5.306342e-16 -2.836461e+02 -7.881517e+01 2.019723e-18
0.785073       -9.055686e+02 -3.162517e+03 5.585748e-16 -6.764048e+02 -3.094487e+03 5.570949e-16 -2.291638e+02 -6.803051e+01 1.479850e-18
0.785374       -9.807904e+02 -3.736206e+03 5.767259e-16 -8.044376e+02 -3.680224e+03 5.759109e-16 -1.763528e+02 -5.598139e+01 8.150698e-19
0.785676       -8.779424e+02 -3.503946e+03 5.549843e-16 -7.566696e+02 -3.461690e+03 5.549557e-16 -1.212729e+02 -4.225549e+01 2.861340e-20
0.785978       -7.663646e+02 -3.235399e+03 5.356416e-16 -7.012657e+02 -3.208223e+03 5.365552e-16 -6.509898e+01 -2.717638e+01 -9.135364e-19
0.786282       -6.324558e+02 -2.868243e+03 5.129498e-16 -6.244615e+02 -2.856851e+03 5.146262e-16 -7.994322e+00 -1.139210e+01 -1.676391e-18
0.786588       -5.467855e+02 -2.725601e+03 4.996098e-16 -5.967782e+02 -2.730203e+03 5.020281e-16 4.999270e+01 4.601376e+00 -2.418301e-18
0.786897       -5.857823e+02 -3.135631e+03 5.128194e-16 -6.899526e+02 -3.156466e+03 5.159563e-16 1.041703e+02 2.083582e+01 -3.136912e-18
0.787209       -5.821830e+02 -3.336685e+03 5.151765e-16 -7.373889e+02 -3.373483e+03 5.190101e-16 1.552059e+02 3.679771e+01 -3.833610e-18
0.787523       -4.469315e+02 -2.950753e+03 4.886636e-16 -6.562264e+02 -3.002172e+03 4.931919e-16 2.092949e+02 5.141914e+01 -4.528292e-18
0.78784        -2.832971e+02 -2.444403e+03 4.566610e-16 -5.485015e+02 -2.509341e+03 4.619107e-16 2.652044e+02 6.493851e+01 -5.249734e-18
0.788161       -1.527421e+02 -2.093273e+03 4.328047e-16 -4.743593e+02 -2.170148e+03 4.388475e-16 3.216172e+02 7.687525e+01 -6.042766e-18
0.788486       -1.956499e+02 -2.499232e+03 4.455258e-16 -5.655225e+02 -2.587211e+03 4.520836e-16 3.698726e+02 8.797830e+01 -6.557866e-18
0.788815       -1.679422e+02 -2.567732e+03 4.420368e-16 -5.826654e+02 -2.665638e+03 4.489187e-16 4.147232e+02 9.790565e+01 -6.881857e-18
0.789149       -1.303546e+02 -2.594704e+03 4.363173e-16 -5.904197e+02 -2.701113e+03 4.434486e-16 4.600651e+02 1.064091e+02 -7.131296e-18
0.789488       -4.894371e+02 -4.353457e+03 5.124667e-16 -9.764511e+02 -4.467170e+03 5.196309e-16 4.870140e+02 1.137131e+02 -7.164232e-18
0.789824       -4.231748e+02 -4.170438e+03 4.967505e-16 -9.377325e+02 -4.290036e+03 5.040264e-16 5.145578e+02 1.195976e+02 -7.275920e-18
0.790161       -6.116775e+02 -5.128110e+03 5.370123e-16 -1.147579e+03 -5.250062e+03 5.444462e-16 5.359011e+02 1.219518e+02 -7.433916e-18
0.790499       -4.336627e+02 -4.436429e+03 4.976652e-16 -9.965808e+02 -4.559261e+03 5.053317e-16 5.629181e+02 1.228325e+02 -7.666438e-18
0.790839       -6.067157e+02 -5.344119e+03 5.345738e-16 -1.194260e+03 -5.463624e+03 5.424337e-16 5.875442e+02 1.195056e+02 -7.859972e-18
0.791179       -4.637607e+02 -4.823635e+03 5.041012e-16 -1.079485e+03 -4.938540e+03 5.121794e-16 6.157244e+02 1.149053e+02 -8.078235e-18
0.79152        -3.631609e+02 -4.509448e+03 4.834540e-16 -1.009464e+03 -4.618199e+03 4.917378e-16 6.463026e+02 1.087502e+02 -8.283707e-18
0.791862       -2.715418e+02 -4.247759e+03 4.652103e-16 -9.506054e+02 -4.348928e+03 4.736841e-16 6.790636e+02 1.011694e+02 -8.473792e-18
0.792206       -1.925700e+02 -4.050573e+03 4.504420e-16 -9.055974e+02 -4.143021e+03 4.591143e-16 7.130275e+02 9.244759e+01 -8.672386e-18
0.792552       -1.114063e+02 -3.846396e+03 4.364990e-16 -8.588549e+02 -3.929178e+03 4.454050e-16 7.474486e+02 8.278242e+01 -8.906082e-18
0.792902       -6.790885e+01 -3.808729e+03 4.294949e-16 -8.483429e+02 -3.881087e+03 4.386616e-16 7.804341e+02 7.235746e+01 -9.166706e-18
0.793255       -2.198447e+02 -4.648465e+03 4.643334e-16 -1.029163e+03 -4.708319e+03 4.737000e-16 8.093178e+02 5.985453e+01 -9.366610e-18
0.793609       -7.217102e+01 -4.136495e+03 4.338233e-16 -9.143131e+02 -4.182894e+03 4.434011e-16 8.421420e+02 4.639957e+01 -9.577780e-18
0.793963       -7.507019e+01 -4.322196e+03 4.368601e-16 -9.517554e+02 -4.354189e+03 4.466681e-16 8.766852e+02 3.199331e+01 -9.807989e-18
0.794318       -2.180788e+01 -4.245258e+03 4.279598e-16 -9.317810e+02 -4.262808e+03 4.380013e-16 9.099731e+02 1.755022e+01 -1.004156e-17
0.794675       -1.060059e+02 -4.761224e+03 4.470530e-16 -1.041484e+03 -4.764688e+03 4.571721e-16 9.354778e+02 3.463650e+00 -1.011906e-17
0.795034       3.215400e+01 -4.277803e+03 4.182748e-16 -9.326474e+02 -4.266772e+03 4.285019e-16 9.648014e+02 -1.103076e+01 -1.022714e-17
0.795394       1.278113e+02 -3.996536e+03 3.997065e-16 -8.679850e+02 -3.970947e+03 4.100164e-16 9.957963e+02 -2.558803e+01 -1.030997e-17
0.795754       -3.365278e+01 -4.839181e+03 4.332129e-16 -1.048986e+03 -4.799012e+03 4.434162e-16 1.015334e+03 -4.016947e+01 -1.020324e-17
0.796117       -4.651823e+01 -5.014188e+03 4.359112e-16 -1.083968e+03 -4.959050e+03 4.460304e-16 1.037450e+03 -5.513757e+01 -1.011919e-17
0.796484       2.404787e+01 -4.805391e+03 4.207485e-16 -1.035238e+03 -4.736115e+03 4.308081e-16 1.059286e+03 -6.927621e+01 -1.005961e-17
0.796857       -1.054301e+02 -5.476825e+03 4.479338e-16 -1.178786e+03 -5.392833e+03 4.579402e-16 1.073356e+03 -8.399191e+01 -1.000632e-17
0.797233       5.075077e+00 -5.071517e+03 4.238565e-16 -1.087075e+03 -4.973265e+03 4.338765e-16 1.092150e+03 -9.825157e+01 -1.001999e-17
0.797614       7.021531e+01 -4.877346e+03 4.093475e-16 -1.041621e+03 -4.765316e+03 4.194283e-16 1.111836e+03 -1.120302e+02 -1.008079e-17
0.798002       -1.480736e+01 -5.353330e+03 4.268969e-16 -1.142506e+03 -5.226856e+03 4.370121e-16 1.127699e+03 -1.264744e+02 -1.011524e-17
0.798391       1.172305e+01 -5.316273e+03 4.203996e-16 -1.131597e+03 -5.176947e+03 4.305398e-16 1.143320e+03 -1.393254e+02 -1.014011e-17
0.798784       7.852419e+01 -5.106450e+03 4.053890e-16 -1.083119e+03 -4.955163e+03 4.155755e-16 1.161643e+03 -1.512863e+02 -1.018647e-17
0.799182       1.368301e+02 -4.943567e+03 3.929549e-16 -1.045130e+03 -4.781368e+03 4.032315e-16 1.181960e+03 -1.621990e+02 -1.027663e-17
0.799576       1.691357e+02 -4.895219e+03 3.857678e-16 -1.032459e+03 -4.723401e+03 3.961870e-16 1.201595e+03 -1.718186e+02 -1.041918e-17
0.799968       -5.121347e+01 -5.948150e+03 4.314196e-16 -1.260711e+03 -5.767634e+03 4.418939e-16 1.209498e+03 -1.805164e+02 -1.047433e-17
0.80036        3.499311e+01 -5.623262e+03 4.122848e-16 -1.187998e+03 -5.434974e+03 4.228590e-16 1.222991e+03 -1.882878e+02 -1.057415e-17
0.800754       1.167662e+02 -5.329236e+03 3.947904e-16 -1.122305e+03 -5.134439e+03 4.055203e-16 1.239072e+03 -1.947966e+02 -1.072992e-17
0.801151       1.129406e+02 -5.411974e+03 3.948728e-16 -1.139292e+03 -5.212150e+03 4.057602e-16 1.252232e+03 -1.998242e+02 -1.088742e-17
0.801553       5.910060e+01 -5.697861e+03 4.036397e-16 -1.200973e+03 -5.494336e+03 4.146725e-16 1.260074e+03 -2.035243e+02 -1.103279e-17
0.801959       1.005529e+02 -5.558097e+03 3.928536e-16 -1.169788e+03 -5.351668e+03 4.040844e-16 1.270341e+03 -2.064289e+02 -1.123084e-17
0.802369       3.290408e+01 -5.907392e+03 4.046930e-16 -1.245529e+03 -5.698176e+03 4.161226e-16 1.278433e+03 -2.092161e+02 -1.142963e-17
0.802782       -7.370064e+00 -6.114404e+03 4.100306e-16 -1.290223e+03 -5.902646e+03 4.216555e-16 1.282853e+03 -2.117573e+02 -1.162486e-17
0.803198       2.698817e+01 -5.985366e+03 3.997276e-16 -1.261637e+03 -5.771868e+03 4.115911e-16 1.288625e+03 -2.134974e+02 -1.186352e-17
0.803619       2.032589e+01 -6.039442e+03 3.978074e-16 -1.273214e+03 -5.824830e+03 4.099359e-16 1.293539e+03 -2.146123e+02 -1.212849e-17
0.804046       -8.846811e+00 -6.188269e+03 4.006933e-16 -1.305438e+03 -5.972252e+03 4.130929e-16 1.296591e+03 -2.160165e+02 -1.239951e-17
0.804474       2.457430e+01 -6.061413e+03 3.908146e-16 -1.277511e+03 -5.844491e+03 4.035243e-16 1.302086e+03 -2.169213e+02 -1.270977e-17
0.804906       -2.937624e+01 -6.313377e+03 3.986405e-16 -1.332614e+03 -6.096581e+03 4.116563e-16 1.303238e+03 -2.167963e+02 -1.301584e-17
0.805344       -2.164057e+01 -6.286946e+03 3.923007e-16 -1.326886e+03 -6.070377e+03 4.056363e-16 1.305246e+03 -2.165693e+02 -1.333559e-17
0.805788       -1.466886e+01 -6.267019e+03 3.864567e-16 -1.322571e+03 -6.050636e+03 4.001310e-16 1.307902e+03 -2.163826e+02 -1.367428e-17
0.806234       -4.561811e+01 -6.409018e+03 3.890736e-16 -1.353724e+03 -6.193158e+03 4.030786e-16 1.308106e+03 -2.158604e+02 -1.400502e-17
0.806682       -1.059148e+02 -6.665018e+03 3.964594e-16 -1.409927e+03 -6.450278e+03 4.107642e-16 1.304012e+03 -2.147393e+02 -1.430479e-17
0.807133       -6.922268e+01 -6.493431e+03 3.841193e-16 -1.372707e+03 -6.280001e+03 3.987685e-16 1.303484e+03 -2.134307e+02 -1.464923e-17
0.807588       -7.654029e+01 -6.525569e+03 3.813490e-16 -1.380072e+03 -6.313699e+03 3.963617e-16 1.303532e+03 -2.118702e+02 -1.501266e-17
0.808049       -2.268783e+02 -7.166106e+03 4.056885e-16 -1.520469e+03 -6.955998e+03 4.210267e-16 1.293590e+03 -2.101081e+02 -1.533817e-17
0.808513       -2.016078e+02 -7.017705e+03 3.951397e-16 -1.488484e+03 -6.809669e+03 4.108225e-16 1.286876e+03 -2.080357e+02 -1.568276e-17
0.80898        -1.958618e+02 -6.972628e+03 3.882645e-16 -1.479125e+03 -6.766854e+03 4.043065e-16 1.283263e+03 -2.057736e+02 -1.604199e-17
0.809453       -2.572417e+02 -7.214350e+03 3.940633e-16 -1.532489e+03 -7.010990e+03 4.104357e-16 1.275247e+03 -2.033599e+02 -1.637250e-17
0.809931       -2.862268e+02 -7.301200e+03 3.936837e-16 -1.552145e+03 -7.100915e+03 4.103688e-16 1.265918e+03 -2.002854e+02 -1.668508e-17
0.810416       -3.013414e+02 -7.334713e+03 3.897155e-16 -1.560142e+03 -7.137501e+03 4.067079e-16 1.258801e+03 -1.972115e+02 -1.699233e-17
0.81091        -2.845848e+02 -7.227043e+03 3.773264e-16 -1.537384e+03 -7.033383e+03 3.946310e-16 1.252799e+03 -1.936605e+02 -1.730461e-17
0.811413       -3.974845e+02 -7.677049e+03 3.931166e-16 -1.636616e+03 -7.487362e+03 4.106707e-16 1.239132e+03 -1.896871e+02 -1.755409e-17
0.811922       -4.051932e+02 -7.663167e+03 3.883844e-16 -1.634451e+03 -7.477457e+03 4.061927e-16 1.229258e+03 -1.857102e+02 -1.780829e-17
0.812439       -4.324297e+02 -7.746163e+03 3.872141e-16 -1.653495e+03 -7.564580e+03 4.052900e-16 1.221065e+03 -1.815830e+02 -1.807593e-17
0.812966       -5.330465e+02 -8.137533e+03 3.979967e-16 -1.740025e+03 -7.960449e+03 4.162974e-16 1.206979e+03 -1.770841e+02 -1.830063e-17
0.813502       -5.596491e+02 -8.195872e+03 3.940517e-16 -1.753772e+03 -8.023337e+03 4.125520e-16 1.194122e+03 -1.725357e+02 -1.850028e-17
0.814043       -5.616572e+02 -8.150668e+03 3.867595e-16 -1.744982e+03 -7.983123e+03 4.054727e-16 1.183324e+03 -1.675450e+02 -1.871328e-17
0.814589       -6.531879e+02 -8.491812e+03 3.979529e-16 -1.820693e+03 -8.329496e+03 4.168332e-16 1.167505e+03 -1.623163e+02 -1.888028e-17
0.81514        -6.866899e+02 -8.578448e+03 3.963368e-16 -1.840804e+03 -8.421501e+03 4.153820e-16 1.154114e+03 -1.569470e+02 -1.904521e-17
0.8157         -7.294939e+02 -8.708368e+03 3.969821e-16 -1.870438e+03 -8.557073e+03 4.161858e-16 1.140944e+03 -1.512950e+02 -1.920372e-17
0.816269       -7.980208e+02 -8.939393e+03 4.021453e-16 -1.922263e+03 -8.794169e+03 4.214717e-16 1.124242e+03 -1.452233e+02 -1.932636e-17
0.816849       -8.197772e+02 -8.959563e+03 3.975978e-16 -1.928058e+03 -8.820680e+03 4.170326e-16 1.108281e+03 -1.388834e+02 -1.943485e-17
0.817438       -8.523342e+02 -9.034522e+03 3.949801e-16 -1.945861e+03 -8.902128e+03 4.145133e-16 1.093527e+03 -1.323949e+02 -1.953320e-17
0.818036       -9.426815e+02 -9.352170e+03 4.039595e-16 -2.016739e+03 -9.226389e+03 4.235396e-16 1.074058e+03 -1.257814e+02 -1.958009e-17
0.818642       -9.554544e+02 -9.329570e+03 3.975278e-16 -2.013288e+03 -9.210598e+03 4.171509e-16 1.057833e+03 -1.189711e+02 -1.962316e-17
0.819257       -1.031171e+03 -9.586695e+03 4.030633e-16 -2.070996e+03 -9.474606e+03 4.226873e-16 1.039824e+03 -1.120898e+02 -1.962396e-17
0.819884       -1.082397e+03 -9.726490e+03 4.025116e-16 -2.103100e+03 -9.621480e+03 4.221092e-16 1.020702e+03 -1.050105e+02 -1.959760e-17
0.82052        -1.112958e+03 -9.773672e+03 4.009744e-16 -2.114973e+03 -9.675799e+03 4.205286e-16 1.002015e+03 -9.787322e+01 -1.955420e-17
0.821167       -1.164128e+03 -9.911539e+03 4.025171e-16 -2.146698e+03 -9.820935e+03 4.220022e-16 9.825694e+02 -9.060361e+01 -1.948506e-17
0.821827       -1.194242e+03 -9.958526e+03 3.984508e-16 -2.158514e+03 -9.874994e+03 4.178434e-16 9.642719e+02 -8.353193e+01 -1.939268e-17
0.822499       -1.237950e+03 -1.006414e+04 3.974744e-16 -2.183107e+03 -9.987507e+03 4.167358e-16 9.451571e+02 -7.663377e+01 -1.926135e-17
0.823184       -1.293328e+03 -1.022530e+04 3.989854e-16 -2.219801e+03 -1.015538e+04 4.180843e-16 9.264730e+02 -6.992581e+01 -1.909882e-17
0.823882       -1.302000e+03 -1.017858e+04 3.914561e-16 -2.211067e+03 -1.011542e+04 4.103729e-16 9.090676e+02 -6.316297e+01 -1.891679e-17
0.824594       -1.342524e+03 -1.027062e+04 3.904237e-16 -2.232652e+03 -1.021417e+04 4.091333e-16 8.901273e+02 -5.645529e+01 -1.870962e-17
0.825321       -1.382387e+03 -1.035581e+04 3.895324e-16 -2.252739e+03 -1.030606e+04 4.080178e-16 8.703520e+02 -4.974728e+01 -1.848541e-17
0.826059       -1.422718e+03 -1.043492e+04 3.884160e-16 -2.271509e+03 -1.039193e+04 4.066581e-16 8.487909e+02 -4.298855e+01 -1.824207e-17
0.826796       -1.482628e+03 -1.060297e+04 3.902269e-16 -2.309652e+03 -1.056644e+04 4.082197e-16 8.270242e+02 -3.653021e+01 -1.799281e-17
0.827535       -1.515835e+03 -1.064954e+04 3.857900e-16 -2.321151e+03 -1.061904e+04 4.035292e-16 8.053159e+02 -3.049474e+01 -1.773912e-17
0.828273       -1.523507e+03 -1.058937e+04 3.844508e-16 -2.309247e+03 -1.056458e+04 4.019450e-16 7.857402e+02 -2.478291e+01 -1.749417e-17
0.829012       -1.528529e+03 -1.052388e+04 3.841727e-16 -2.296158e+03 -1.050470e+04 4.014263e-16 7.676288e+02 -1.917717e+01 -1.725360e-17
0.829751       -1.538842e+03 -1.049043e+04 3.831612e-16 -2.290002e+03 -1.047654e+04 4.001797e-16 7.511602e+02 -1.389483e+01 -1.701854e-17
0.830491       -1.553420e+03 -1.048159e+04 3.816643e-16 -2.289157e+03 -1.047267e+04 3.984583e-16 7.357376e+02 -8.919578e+00 -1.679402e-17
0.831231       -1.582233e+03 -1.053352e+04 3.822059e-16 -2.301546e+03 -1.052935e+04 3.987816e-16 7.193132e+02 -4.164505e+00 -1.657563e-17
0.831971       -1.607122e+03 -1.055694e+04 3.821004e-16 -2.307690e+03 -1.055746e+04 3.984544e-16 7.005673e+02 5.132370e-01 -1.635398e-17
0.832711       -1.629466e+03 -1.055749e+04 3.819098e-16 -2.308825e+03 -1.056265e+04 3.980408e-16 6.793591e+02 5.159742e+00 -1.613096e-17
0.833452       -1.636362e+03 -1.048838e+04 3.789609e-16 -2.294708e+03 -1.049807e+04 3.948790e-16 6.583464e+02 9.694458e+00 -1.591803e-17
0.834193       -1.640324e+03 -1.041325e+04 3.759098e-16 -2.279208e+03 -1.042716e+04 3.916271e-16 6.388842e+02 1.391018e+01 -1.571727e-17
0.834934       -1.601554e+03 -1.015878e+04 3.651161e-16 -2.224413e+03 -1.017648e+04 3.806498e-16 6.228588e+02 1.769462e+01 -1.553368e-17
0.835676       -1.578587e+03 -9.986850e+03 3.587219e-16 -2.187566e+03 -1.000791e+04 3.740839e-16 6.089795e+02 2.105617e+01 -1.536194e-17
0.836418       -1.552956e+03 -9.809834e+03 3.519963e-16 -2.149575e+03 -9.834098e+03 3.672074e-16 5.966189e+02 2.426450e+01 -1.521115e-17
0.83716        -1.545091e+03 -9.714562e+03 3.460890e-16 -2.129434e+03 -9.741955e+03 3.611597e-16 5.843431e+02 2.739350e+01 -1.507067e-17
0.837902       -1.531832e+03 -9.586335e+03 3.429180e-16 -2.102092e+03 -9.616869e+03 3.578463e-16 5.702600e+02 3.053451e+01 -1.492829e-17
0.838644       -1.531477e+03 -9.502774e+03 3.416942e-16 -2.084542e+03 -9.536580e+03 3.564702e-16 5.530650e+02 3.380662e+01 -1.477600e-17
0.839387       -1.518535e+03 -9.354040e+03 3.378196e-16 -2.052751e+03 -9.391139e+03 3.524405e-16 5.342161e+02 3.709866e+01 -1.462083e-17
0.840129       -1.490636e+03 -9.140406e+03 3.313734e-16 -2.006757e+03 -9.180722e+03 3.458542e-16 5.161216e+02 4.031610e+01 -1.448075e-17
0.840872       -1.455100e+03 -8.903295e+03 3.244122e-16 -1.955587e+03 -8.946622e+03 3.387746e-16 5.004867e+02 4.332755e+01 -1.436248e-17
0.841614       -1.425185e+03 -8.703827e+03 3.198595e-16 -1.912589e+03 -8.749909e+03 3.341261e-16 4.874037e+02 4.608195e+01 -1.426662e-17
0.842357       -1.387741e+03 -8.479981e+03 3.138232e-16 -1.864219e+03 -8.528625e+03 3.280173e-16 4.764782e+02 4.864409e+01 -1.419411e-17
0.8431         -1.340673e+03 -8.216933e+03 3.069951e-16 -1.807305e+03 -8.268247e+03 3.211268e-16 4.666323e+02 5.131392e+01 -1.413172e-17
0.843842       -1.310189e+03 -8.026219e+03 3.038025e-16 -1.766187e+03 -8.080137e+03 3.178728e-16 4.559987e+02 5.391815e+01 -1.407030e-17
0.844585       -1.279950e+03 -7.828091e+03 3.008841e-16 -1.723416e+03 -7.884462e+03 3.148697e-16 4.434657e+02 5.637010e+01 -1.398561e-17
0.845327       -1.277697e+03 -7.743322e+03 3.020719e-16 -1.705425e+03 -7.802154e+03 3.159546e-16 4.277277e+02 5.883208e+01 -1.388260e-17
0.846069       -1.242900e+03 -7.505586e+03 2.972791e-16 -1.653983e+03 -7.566811e+03 3.110496e-16 4.110827e+02 6.122592e+01 -1.377041e-17
0.846811       -1.201148e+03 -7.240251e+03 2.911622e-16 -1.596483e+03 -7.303756e+03 3.048223e-16 3.953354e+02 6.350489e+01 -1.366012e-17
0.847553       -1.139827e+03 -6.895090e+03 2.820473e-16 -1.521481e+03 -6.960631e+03 2.956050e-16 3.816542e+02 6.554127e+01 -1.355767e-17
0.848295       -1.077396e+03 -6.553258e+03 2.735410e-16 -1.447162e+03 -6.620626e+03 2.870011e-16 3.697657e+02 6.736785e+01 -1.346014e-17
0.849036       -1.018734e+03 -6.237080e+03 2.669657e-16 -1.378394e+03 -6.306022e+03 2.803293e-16 3.596608e+02 6.894141e+01 -1.336361e-17
0.849777       -9.764111e+02 -5.999984e+03 2.594500e-16 -1.326851e+03 -6.070217e+03 2.727074e-16 3.504401e+02 7.023289e+01 -1.325742e-17
0.850517       -9.455578e+02 -5.813481e+03 2.536936e-16 -1.286311e+03 -5.884751e+03 2.668292e-16 3.407536e+02 7.127032e+01 -1.313552e-17
0.851257       -9.279037e+02 -5.681839e+03 2.526275e-16 -1.257719e+03 -5.753945e+03 2.656207e-16 3.298157e+02 7.210622e+01 -1.299317e-17
0.851997       -9.308555e+02 -5.640234e+03 2.519174e-16 -1.248769e+03 -5.712999e+03 2.647355e-16 3.179136e+02 7.276502e+01 -1.281813e-17
0.852736       -9.393440e+02 -5.622247e+03 2.512012e-16 -1.244962e+03 -5.695581e+03 2.638173e-16 3.056180e+02 7.333365e+01 -1.261610e-17
0.853474       -9.376644e+02 -5.560080e+03 2.499301e-16 -1.231478e+03 -5.633894e+03 2.623238e-16 2.938137e+02 7.381357e+01 -1.239378e-17
0.854212       -9.089105e+02 -5.379265e+03 2.458266e-16 -1.192039e+03 -5.453463e+03 2.579869e-16 2.831283e+02 7.419726e+01 -1.216032e-17
0.854949       -8.770960e+02 -5.189917e+03 2.405276e-16 -1.150709e+03 -5.264382e+03 2.524465e-16 2.736129e+02 7.446564e+01 -1.191892e-17
0.855686       -8.586930e+02 -5.065595e+03 2.374981e-16 -1.123567e+03 -5.140210e+03 2.491502e-16 2.648739e+02 7.461584e+01 -1.165214e-17
0.856422       -8.499908e+02 -4.987763e+03 2.359487e-16 -1.106552e+03 -5.062367e+03 2.473192e-16 2.565609e+02 7.460456e+01 -1.137051e-17
0.857157       -8.503615e+02 -4.952509e+03 2.357665e-16 -1.098810e+03 -5.026950e+03 2.468454e-16 2.484485e+02 7.444133e+01 -1.107888e-17
0.857892       -8.490411e+02 -4.911604e+03 2.345120e-16 -1.089793e+03 -4.985698e+03 2.452852e-16 2.407518e+02 7.409399e+01 -1.077320e-17
0.858626       -8.475755e+02 -4.870756e+03 2.325016e-16 -1.080759e+03 -4.944368e+03 2.429525e-16 2.331834e+02 7.361229e+01 -1.045085e-17
0.859359       -8.614082e+02 -4.902072e+03 2.319910e-16 -1.087456e+03 -4.975005e+03 2.421022e-16 2.260475e+02 7.293241e+01 -1.011120e-17
0.860092       -8.868206e+02 -4.988002e+03 2.310933e-16 -1.106040e+03 -5.060026e+03 2.408558e-16 2.192192e+02 7.202338e+01 -9.762499e-18
0.860823       -9.300134e+02 -5.156951e+03 2.310220e-16 -1.142749e+03 -5.227965e+03 2.404244e-16 2.127353e+02 7.101393e+01 -9.402320e-18
0.861554       -9.368684e+02 -5.164683e+03 2.324641e-16 -1.144176e+03 -5.234494e+03 2.414919e-16 2.073073e+02 6.981114e+01 -9.027782e-18
0.862284       -9.552151e+02 -5.229759e+03 2.355271e-16 -1.158091e+03 -5.298156e+03 2.441744e-16 2.028760e+02 6.839631e+01 -8.647292e-18
0.863013       -9.746623e+02 -5.303473e+03 2.384275e-16 -1.173891e+03 -5.370440e+03 2.466835e-16 1.992291e+02 6.696722e+01 -8.255994e-18
0.863742       -9.907111e+02 -5.364975e+03 2.402581e-16 -1.187017e+03 -5.430487e+03 2.481190e-16 1.963055e+02 6.551168e+01 -7.860883e-18
0.864469       -1.008304e+03 -5.439135e+03 2.424396e-16 -1.202882e+03 -5.503068e+03 2.499041e-16 1.945779e+02 6.393280e+01 -7.464496e-18
0.865196       -1.018138e+03 -5.482599e+03 2.430754e-16 -1.212015e+03 -5.544851e+03 2.501444e-16 1.938764e+02 6.225137e+01 -7.068973e-18
0.865922       -1.036815e+03 -5.570652e+03 2.449974e-16 -1.230863e+03 -5.631079e+03 2.516720e-16 1.940481e+02 6.042743e+01 -6.674633e-18
0.866647       -1.067651e+03 -5.718438e+03 2.484703e-16 -1.262796e+03 -5.777172e+03 2.547728e-16 1.951458e+02 5.873384e+01 -6.302512e-18
0.867371       -1.088540e+03 -5.821942e+03 2.514568e-16 -1.285077e+03 -5.879102e+03 2.574079e-16 1.965366e+02 5.715977e+01 -5.951111e-18
0.868095       -1.120387e+03 -5.978360e+03 2.553658e-16 -1.318922e+03 -6.033943e+03 2.609776e-16 1.985350e+02 5.558319e+01 -5.611843e-18
0.868817       -1.165501e+03 -6.198535e+03 2.601821e-16 -1.366685e+03 -6.252453e+03 2.654737e-16 2.011846e+02 5.391808e+01 -5.291569e-18
0.869539       -1.197964e+03 -6.360480e+03 2.656928e-16 -1.401750e+03 -6.412872e+03 2.706734e-16 2.037856e+02 5.239197e+01 -4.980670e-18
0.87026        -1.229349e+03 -6.517125e+03 2.704127e-16 -1.435680e+03 -6.568098e+03 2.750971e-16 2.063310e+02 5.097356e+01 -4.684399e-18
0.87098        -1.259159e+03 -6.670268e+03 2.750079e-16 -1.468835e+03 -6.719780e+03 2.794057e-16 2.096761e+02 4.951220e+01 -4.397808e-18
0.871699       -1.297157e+03 -6.862835e+03 2.817614e-16 -1.510609e+03 -6.910892e+03 2.858876e-16 2.134521e+02 4.805671e+01 -4.126150e-18
0.872418       -1.336936e+03 -7.064118e+03 2.888267e-16 -1.554290e+03 -7.110726e+03 2.926929e-16 2.173533e+02 4.660848e+01 -3.866203e-18
0.873136       -1.374514e+03 -7.255173e+03 2.953735e-16 -1.595736e+03 -7.300340e+03 2.989913e-16 2.212224e+02 4.516648e+01 -3.617776e-18
0.873853       -1.401516e+03 -7.398004e+03 3.000436e-16 -1.626642e+03 -7.441731e+03 3.034242e-16 2.251260e+02 4.372686e+01 -3.380654e-18
0.874569       -1.426082e+03 -7.529641e+03 3.045437e-16 -1.655105e+03 -7.571944e+03 3.076984e-16 2.290227e+02 4.230298e+01 -3.154724e-18
0.875285       -1.438146e+03 -7.604843e+03 3.064313e-16 -1.671228e+03 -7.645708e+03 3.093701e-16 2.330817e+02 4.086508e+01 -2.938817e-18
0.876          -1.454422e+03 -7.699490e+03 3.095326e-16 -1.691603e+03 -7.738923e+03 3.122673e-16 2.371816e+02 3.943300e+01 -2.734742e-18
0.876714       -1.465189e+03 -7.768866e+03 3.119550e-16 -1.706456e+03 -7.806874e+03 3.144967e-16 2.412674e+02 3.800755e+01 -2.541704e-18
0.877428       -1.473369e+03 -7.825970e+03 3.143159e-16 -1.718630e+03 -7.862567e+03 3.166765e-16 2.452611e+02 3.659695e+01 -2.360640e-18
0.878141       -1.478158e+03 -7.867189e+03 3.162715e-16 -1.727335e+03 -7.902390e+03 3.184621e-16 2.491764e+02 3.520079e+01 -2.190676e-18
0.878854       -1.482870e+03 -7.907917e+03 3.185096e-16 -1.735933e+03 -7.941727e+03 3.205407e-16 2.530629e+02 3.380983e+01 -2.031059e-18
0.879566       -1.476360e+03 -7.896520e+03 3.187047e-16 -1.733145e+03 -7.928972e+03 3.205867e-16 2.567853e+02 3.245155e+01 -1.882095e-18
0.880278       -1.473745e+03 -7.903696e+03 3.200669e-16 -1.734407e+03 -7.934744e+03 3.218095e-16 2.606613e+02 3.104748e+01 -1.742574e-18
0.880989       -1.469979e+03 -7.906203e+03 3.214709e-16 -1.734636e+03 -7.935791e+03 3.230855e-16 2.646570e+02 2.958823e+01 -1.614606e-18
0.8817         -1.465073e+03 -7.903273e+03 3.229083e-16 -1.733689e+03 -7.931460e+03 3.244041e-16 2.686159e+02 2.818711e+01 -1.495784e-18
0.882411       -1.448452e+03 -7.846610e+03 3.221157e-16 -1.721006e+03 -7.873438e+03 3.235017e-16 2.725545e+02 2.682811e+01 -1.385928e-18
0.883121       -1.422859e+03 -7.748706e+03 3.197137e-16 -1.699317e+03 -7.774210e+03 3.209985e-16 2.764578e+02 2.550464e+01 -1.284778e-18
0.88383        -1.433210e+03 -7.814852e+03 3.220621e-16 -1.713496e+03 -7.839078e+03 3.232538e-16 2.802853e+02 2.422529e+01 -1.191738e-18
0.88454        -1.427096e+03 -7.804725e+03 3.204081e-16 -1.711014e+03 -7.827725e+03 3.215143e-16 2.839181e+02 2.299997e+01 -1.106212e-18
0.885249       -1.387503e+03 -7.641113e+03 3.152376e-16 -1.674993e+03 -7.662931e+03 3.162664e-16 2.874893e+02 2.181776e+01 -1.028750e-18
0.885958       -1.362263e+03 -7.542866e+03 3.124593e-16 -1.653271e+03 -7.563555e+03 3.134191e-16 2.910083e+02 2.068896e+01 -9.598662e-19
0.886667       -1.435388e+03 -7.892193e+03 3.232219e-16 -1.729417e+03 -7.911917e+03 3.241228e-16 2.940287e+02 1.972465e+01 -9.009284e-19
0.887376       -1.378102e+03 -7.645160e+03 3.161153e-16 -1.675210e+03 -7.663927e+03 3.169651e-16 2.971081e+02 1.876688e+01 -8.498689e-19
0.888084       -1.361406e+03 -7.583417e+03 3.146207e-16 -1.661515e+03 -7.601273e+03 3.154268e-16 3.001097e+02 1.785663e+01 -8.061252e-19
0.888791       -1.348934e+03 -7.540712e+03 3.138381e-16 -1.651991e+03 -7.557702e+03 3.146074e-16 3.030571e+02 1.699000e+01 -7.692578e-19
0.889492       -1.336333e+03 -7.496965e+03 3.133162e-16 -1.642250e+03 -7.513136e+03 3.140552e-16 3.059168e+02 1.617101e+01 -7.390449e-19
0.890188       -1.329815e+03 -7.480371e+03 3.143170e-16 -1.638452e+03 -7.495759e+03 3.150312e-16 3.086367e+02 1.538829e+01 -7.141742e-19
0.890878       -1.320104e+03 -7.447725e+03 3.148196e-16 -1.631147e+03 -7.462341e+03 3.155117e-16 3.110433e+02 1.461531e+01 -6.921332e-19
0.891564       -1.298252e+03 -7.358985e+03 3.128700e-16 -1.611587e+03 -7.372854e+03 3.135425e-16 3.133352e+02 1.386940e+01 -6.725582e-19
0.892244       -1.269995e+03 -7.240572e+03 3.097980e-16 -1.585545e+03 -7.253714e+03 3.104529e-16 3.155492e+02 1.314250e+01 -6.548435e-19
0.892919       -1.237594e+03 -7.101888e+03 3.059221e-16 -1.555073e+03 -7.114307e+03 3.065586e-16 3.174785e+02 1.241920e+01 -6.365433e-19
0.893589       -1.211914e+03 -6.990595e+03 3.034161e-16 -1.530584e+03 -7.002277e+03 3.040299e-16 3.186706e+02 1.168216e+01 -6.138424e-19
0.894254       -1.182656e+03 -6.861254e+03 3.000986e-16 -1.502144e+03 -6.872162e+03 3.006862e-16 3.194872e+02 1.090848e+01 -5.876201e-19
0.894915       -1.143356e+03 -6.687556e+03 2.946730e-16 -1.464005e+03 -6.697682e+03 2.952363e-16 3.206489e+02 1.012616e+01 -5.633649e-19
0.895572       -1.164174e+03 -6.788669e+03 2.973080e-16 -1.485941e+03 -6.798038e+03 2.978475e-16 3.217669e+02 9.369327e+00 -5.394420e-19
0.896224       -1.131595e+03 -6.644413e+03 2.924759e-16 -1.454250e+03 -6.653052e+03 2.929918e-16 3.226546e+02 8.639151e+00 -5.159162e-19
0.896872       -1.098200e+03 -6.495513e+03 2.879312e-16 -1.421541e+03 -6.503415e+03 2.884221e-16 3.233413e+02 7.901415e+00 -4.909118e-19
0.897517       -1.078156e+03 -6.406892e+03 2.852606e-16 -1.402008e+03 -6.414052e+03 2.857249e-16 3.238524e+02 7.159670e+00 -4.642724e-19
0.898157       -1.060805e+03 -6.329871e+03 2.830513e-16 -1.385009e+03 -6.336285e+03 2.834872e-16 3.242046e+02 6.413909e+00 -4.359357e-19
0.898794       -1.056544e+03 -6.311103e+03 2.829528e-16 -1.380753e+03 -6.316814e+03 2.833603e-16 3.242097e+02 5.710647e+00 -4.075568e-19
0.899428       -1.048758e+03 -6.275178e+03 2.819650e-16 -1.372748e+03 -6.280190e+03 2.823430e-16 3.239899e+02 5.012916e+00 -3.780555e-19
0.900058       -1.035525e+03 -6.215007e+03 2.804798e-16 -1.359424e+03 -6.219235e+03 2.808243e-16 3.238995e+02 4.227232e+00 -3.445130e-19
0.900685       -1.016229e+03 -6.126660e+03 2.773706e-16 -1.339925e+03 -6.130029e+03 2.776794e-16 3.236960e+02 3.369843e+00 -3.087777e-19
0.90131        -9.993908e+02 -6.048308e+03 2.743375e-16 -1.322571e+03 -6.050633e+03 2.746098e-16 3.231797e+02 2.324763e+00 -2.723127e-19
0.90193        -1.004088e+03 -6.070750e+03 2.755711e-16 -1.327261e+03 -6.072092e+03 2.757750e-16 3.231734e+02 1.342442e+00 -2.038304e-19
0.902549       -9.800789e+02 -5.961374e+03 2.713024e-16 -1.303175e+03 -5.961900e+03 2.714477e-16 3.230960e+02 5.256428e-01 -1.453086e-19
0.903164       -9.695413e+02 -5.912989e+03 2.691683e-16 -1.292442e+03 -5.912798e+03 2.692584e-16 3.229007e+02 -1.915166e-01 -9.011332e-20
0.903776       -9.562538e+02 -5.851829e+03 2.662493e-16 -1.278926e+03 -5.850964e+03 2.662871e-16 3.226723e+02 -8.653781e-01 -3.778406e-20
0.904386       -9.463385e+02 -5.806217e+03 2.639718e-16 -1.268812e+03 -5.804694e+03 2.639596e-16 3.224737e+02 -1.523721e+00 1.214894e-20
0.904993       -9.380231e+02 -5.767890e+03 2.617928e-16 -1.260292e+03 -5.765716e+03 2.617325e-16 3.222692e+02 -2.173778e+00 6.029262e-20
0.905597       -9.298833e+02 -5.730240e+03 2.597172e-16 -1.251922e+03 -5.727424e+03 2.596100e-16 3.220389e+02 -2.816649e+00 1.071785e-19
0.906199       -9.308868e+02 -5.734008e+03 2.583564e-16 -1.252609e+03 -5.730565e+03 2.582032e-16 3.217221e+02 -3.442427e+00 1.532489e-19
0.906798       -9.301405e+02 -5.728992e+03 2.573388e-16 -1.251372e+03 -5.724905e+03 2.571383e-16 3.212312e+02 -4.086589e+00 2.004836e-19
0.907395       -9.352604e+02 -5.750615e+03 2.574179e-16 -1.255956e+03 -5.745878e+03 2.571695e-16 3.206956e+02 -4.737214e+00 2.484480e-19
0.907989       -9.457937e+02 -5.797510e+03 2.584031e-16 -1.266066e+03 -5.792132e+03 2.581072e-16 3.202727e+02 -5.378384e+00 2.958873e-19
0.908582       -9.598625e+02 -5.859572e+03 2.598901e-16 -1.279491e+03 -5.853550e+03 2.595473e-16 3.196289e+02 -6.021657e+00 3.427811e-19
0.909172       -9.681547e+02 -5.896254e+03 2.601016e-16 -1.287369e+03 -5.889591e+03 2.597131e-16 3.192146e+02 -6.663475e+00 3.884704e-19
0.90976        -9.765525e+02 -5.933017e+03 2.602469e-16 -1.295262e+03 -5.925697e+03 2.598069e-16 3.187090e+02 -7.320320e+00 4.400327e-19
0.910347       -9.778862e+02 -5.938152e+03 2.588642e-16 -1.296243e+03 -5.930186e+03 2.583690e-16 3.183567e+02 -7.966067e+00 4.951876e-19
0.910932       -9.840038e+02 -5.965520e+03 2.584655e-16 -1.302083e+03 -5.956906e+03 2.579138e-16 3.180795e+02 -8.613973e+00 5.517618e-19
0.911515       -9.876041e+02 -5.981651e+03 2.575450e-16 -1.305468e+03 -5.972391e+03 2.569359e-16 3.178640e+02 -9.260171e+00 6.090649e-19
0.912097       -9.950108e+02 -6.015231e+03 2.573635e-16 -1.312669e+03 -6.005336e+03 2.566966e-16 3.176585e+02 -9.895362e+00 6.669157e-19
0.912676       -1.007626e+03 -6.071228e+03 2.580567e-16 -1.324786e+03 -6.060770e+03 2.573343e-16 3.171609e+02 -1.045753e+01 7.224565e-19
0.913255       -1.019093e+03 -6.120715e+03 2.585077e-16 -1.335495e+03 -6.109763e+03 2.577328e-16 3.164022e+02 -1.095251e+01 7.749554e-19
0.913832       -1.023616e+03 -6.141060e+03 2.577028e-16 -1.339814e+03 -6.129522e+03 2.568703e-16 3.161989e+02 -1.153812e+01 8.325341e-19
0.914407       -1.029049e+03 -6.166873e+03 2.571477e-16 -1.345323e+03 -6.154724e+03 2.562546e-16 3.162738e+02 -1.214942e+01 8.930724e-19
0.914981       -1.045216e+03 -6.241771e+03 2.579102e-16 -1.361562e+03 -6.229015e+03 2.569522e-16 3.163460e+02 -1.275663e+01 9.579545e-19
0.915554       -1.065927e+03 -6.337304e+03 2.592583e-16 -1.382313e+03 -6.323951e+03 2.582317e-16 3.163862e+02 -1.335314e+01 1.026586e-18
0.916126       -1.086597e+03 -6.432376e+03 2.613810e-16 -1.402967e+03 -6.418438e+03 2.602880e-16 3.163693e+02 -1.393789e+01 1.093041e-18
0.916696       -1.118855e+03 -6.580215e+03 2.649943e-16 -1.435159e+03 -6.565714e+03 2.638384e-16 3.163041e+02 -1.450031e+01 1.155893e-18
0.917266       -1.147214e+03 -6.710103e+03 2.688055e-16 -1.463436e+03 -6.695078e+03 2.675883e-16 3.162216e+02 -1.502433e+01 1.217183e-18
0.917835       -1.162048e+03 -6.778170e+03 2.703328e-16 -1.478198e+03 -6.762616e+03 2.690522e-16 3.161500e+02 -1.555467e+01 1.280611e-18
0.918403       -1.176612e+03 -6.844988e+03 2.714459e-16 -1.492683e+03 -6.828882e+03 2.701029e-16 3.160712e+02 -1.610579e+01 1.342990e-18
0.918971       -1.189205e+03 -6.902769e+03 2.720224e-16 -1.505197e+03 -6.886132e+03 2.706172e-16 3.159921e+02 -1.663715e+01 1.405186e-18
0.919538       -1.209375e+03 -6.995232e+03 2.741698e-16 -1.525296e+03 -6.978085e+03 2.727026e-16 3.159216e+02 -1.714686e+01 1.467197e-18
0.920104       -1.222420e+03 -7.055081e+03 2.748108e-16 -1.538272e+03 -7.037445e+03 2.732819e-16 3.158522e+02 -1.763590e+01 1.528902e-18
0.92067        -1.232395e+03 -7.101125e+03 2.748389e-16 -1.548234e+03 -7.083023e+03 2.732489e-16 3.158391e+02 -1.810256e+01 1.589925e-18
0.921235       -1.246428e+03 -7.165827e+03 2.755476e-16 -1.562280e+03 -7.147279e+03 2.738971e-16 3.158515e+02 -1.854849e+01 1.650442e-18
0.921799       -1.268575e+03 -7.267696e+03 2.773385e-16 -1.584454e+03 -7.248727e+03 2.756281e-16 3.158790e+02 -1.896893e+01 1.710453e-18
0.922362       -1.282974e+03 -7.333795e+03 2.784171e-16 -1.598812e+03 -7.314413e+03 2.766465e-16 3.158385e+02 -1.938119e+01 1.770583e-18
0.922925       -1.300999e+03 -7.416579e+03 2.799358e-16 -1.616821e+03 -7.396800e+03 2.781052e-16 3.158221e+02 -1.977886e+01 1.830580e-18
0.923488       -1.319339e+03 -7.500786e+03 2.814186e-16 -1.635142e+03 -7.480620e+03 2.795278e-16 3.158034e+02 -2.016617e+01 1.890823e-18
0.92405        -1.341754e+03 -7.603959e+03 2.837169e-16 -1.657611e+03 -7.583410e+03 2.817671e-16 3.158571e+02 -2.054918e+01 1.949838e-18
0.924611       -1.368136e+03 -7.725251e+03 2.867512e-16 -1.684044e+03 -7.704341e+03 2.847423e-16 3.159087e+02 -2.091041e+01 2.008887e-18
0.925172       -1.395480e+03 -7.850540e+03 2.899082e-16 -1.711361e+03 -7.829313e+03 2.878408e-16 3.158813e+02 -2.122674e+01 2.067423e-18
0.925732       -1.421847e+03 -7.972416e+03 2.928514e-16 -1.737931e+03 -7.950866e+03 2.907251e-16 3.160839e+02 -2.155071e+01 2.126224e-18
0.926292       -1.451977e+03 -8.110955e+03 2.949371e-16 -1.768148e+03 -8.089108e+03 2.927493e-16 3.161717e+02 -2.184676e+01 2.187799e-18
0.926852       -1.472291e+03 -8.204646e+03 2.956853e-16 -1.788569e+03 -8.182534e+03 2.934404e-16 3.162786e+02 -2.211215e+01 2.244817e-18
0.927412       -1.486134e+03 -8.268958e+03 2.959471e-16 -1.802572e+03 -8.246592e+03 2.936480e-16 3.164372e+02 -2.236612e+01 2.299077e-18
0.927972       -1.493633e+03 -8.305139e+03 2.950943e-16 -1.810423e+03 -8.282511e+03 2.927412e-16 3.167902e+02 -2.262761e+01 2.353084e-18
0.928532       -1.497768e+03 -8.326942e+03 2.937625e-16 -1.815130e+03 -8.304043e+03 2.913550e-16 3.173618e+02 -2.289865e+01 2.407502e-18
0.929091       -1.501672e+03 -8.347107e+03 2.925630e-16 -1.819486e+03 -8.323974e+03 2.901036e-16 3.178143e+02 -2.313245e+01 2.459351e-18
0.929651       -1.514037e+03 -8.403195e+03 2.931773e-16 -1.831714e+03 -8.379914e+03 2.906700e-16 3.176771e+02 -2.328111e+01 2.507312e-18
0.93021        -1.517872e+03 -8.421065e+03 2.921954e-16 -1.835585e+03 -8.397626e+03 2.896392e-16 3.177127e+02 -2.343879e+01 2.556231e-18
0.93077        -1.518316e+03 -8.424459e+03 2.906924e-16 -1.836291e+03 -8.400853e+03 2.880875e-16 3.179747e+02 -2.360613e+01 2.604908e-18
0.931329       -1.513612e+03 -8.404333e+03 2.884689e-16 -1.831858e+03 -8.380576e+03 2.858172e-16 3.182462e+02 -2.375757e+01 2.651686e-18
0.931889       -1.508357e+03 -8.381621e+03 2.862769e-16 -1.826865e+03 -8.357730e+03 2.835808e-16 3.185074e+02 -2.389137e+01 2.696176e-18
0.932449       -1.500668e+03 -8.347382e+03 2.836914e-16 -1.819356e+03 -8.323380e+03 2.809534e-16 3.186880e+02 -2.400264e+01 2.737950e-18
0.933009       -1.498208e+03 -8.336596e+03 2.821116e-16 -1.816977e+03 -8.312495e+03 2.793320e-16 3.187692e+02 -2.410100e+01 2.779606e-18
0.93357        -1.499527e+03 -8.342705e+03 2.818157e-16 -1.818293e+03 -8.318516e+03 2.789933e-16 3.187662e+02 -2.418891e+01 2.822368e-18
0.934131       -1.500705e+03 -8.347949e+03 2.816397e-16 -1.819424e+03 -8.323689e+03 2.787750e-16 3.187191e+02 -2.426019e+01 2.864635e-18
0.934692       -1.500333e+03 -8.345974e+03 2.816177e-16 -1.818981e+03 -8.321662e+03 2.787120e-16 3.186473e+02 -2.431169e+01 2.905686e-18
0.935254       -1.494988e+03 -8.320961e+03 2.802926e-16 -1.813506e+03 -8.296616e+03 2.773471e-16 3.185184e+02 -2.434556e+01 2.945503e-18
0.935817       -1.482909e+03 -8.265037e+03 2.776686e-16 -1.801277e+03 -8.240671e+03 2.746841e-16 3.183683e+02 -2.436682e+01 2.984520e-18
0.93638        -1.468659e+03 -8.199142e+03 2.746626e-16 -1.786870e+03 -8.174761e+03 2.716379e-16 3.182119e+02 -2.438072e+01 3.024681e-18
0.936944       -1.458191e+03 -8.150411e+03 2.715713e-16 -1.776218e+03 -8.126025e+03 2.685060e-16 3.180265e+02 -2.438543e+01 3.065341e-18
0.937509       -1.440311e+03 -8.067926e+03 2.676630e-16 -1.758188e+03 -8.043542e+03 2.645578e-16 3.178776e+02 -2.438385e+01 3.105196e-18
0.938074       -1.425834e+03 -8.000731e+03 2.641651e-16 -1.743504e+03 -7.976361e+03 2.610213e-16 3.176696e+02 -2.436943e+01 3.143774e-18
0.93864        -1.412317e+03 -7.937791e+03 2.608935e-16 -1.729750e+03 -7.913442e+03 2.577122e-16 3.174332e+02 -2.434899e+01 3.181299e-18
0.939206       -1.401764e+03 -7.888218e+03 2.586226e-16 -1.718921e+03 -7.863900e+03 2.554047e-16 3.171570e+02 -2.431787e+01 3.217877e-18
0.939773       -1.388686e+03 -7.827606e+03 2.556776e-16 -1.705674e+03 -7.803296e+03 2.524227e-16 3.169880e+02 -2.430944e+01 3.254850e-18
0.940341       -1.372671e+03 -7.753941e+03 2.520772e-16 -1.689576e+03 -7.729647e+03 2.487868e-16 3.169044e+02 -2.429443e+01 3.290359e-18
0.940909       -1.382875e+03 -7.799236e+03 2.522795e-16 -1.699488e+03 -7.774996e+03 2.489559e-16 3.166136e+02 -2.423957e+01 3.323655e-18
0.941479       -1.390882e+03 -7.835227e+03 2.517729e-16 -1.707367e+03 -7.811041e+03 2.484170e-16 3.164855e+02 -2.418599e+01 3.355971e-18
0.942048       -1.375386e+03 -7.763951e+03 2.480714e-16 -1.691801e+03 -7.739826e+03 2.446848e-16 3.164152e+02 -2.412521e+01 3.386564e-18
0.942619       -1.375598e+03 -7.763353e+03 2.472233e-16 -1.691691e+03 -7.739325e+03 2.438087e-16 3.160934e+02 -2.402765e+01 3.414590e-18
0.94319        -1.375092e+03 -7.760355e+03 2.462189e-16 -1.691056e+03 -7.736421e+03 2.427781e-16 3.159647e+02 -2.393373e+01 3.440856e-18
0.943762       -1.372654e+03 -7.748132e+03 2.447939e-16 -1.688409e+03 -7.724308e+03 2.413282e-16 3.157545e+02 -2.382385e+01 3.465730e-18
0.944335       -1.372830e+03 -7.746763e+03 2.439059e-16 -1.688136e+03 -7.723060e+03 2.404159e-16 3.153055e+02 -2.370297e+01 3.489954e-18
0.944909       -1.363728e+03 -7.703615e+03 2.409787e-16 -1.678734e+03 -7.680047e+03 2.374660e-16 3.150062e+02 -2.356800e+01 3.512740e-18
0.945484       -1.357299e+03 -7.672387e+03 2.384998e-16 -1.671941e+03 -7.648972e+03 2.349655e-16 3.146425e+02 -2.341553e+01 3.534391e-18
0.94606        -1.364706e+03 -7.702463e+03 2.387925e-16 -1.678552e+03 -7.679214e+03 2.352359e-16 3.138465e+02 -2.324900e+01 3.556538e-18
0.946638       -1.359149e+03 -7.674091e+03 2.362914e-16 -1.672386e+03 -7.651007e+03 2.327135e-16 3.132375e+02 -2.308441e+01 3.577949e-18
0.947216       -1.356015e+03 -7.657149e+03 2.342183e-16 -1.668720e+03 -7.634232e+03 2.306197e-16 3.127042e+02 -2.291746e+01 3.598601e-18
0.947795       -1.373211e+03 -7.732947e+03 2.346007e-16 -1.685321e+03 -7.710184e+03 2.309815e-16 3.121099e+02 -2.276329e+01 3.619161e-18
0.948375       -1.378818e+03 -7.755482e+03 2.356686e-16 -1.690281e+03 -7.732874e+03 2.320280e-16 3.114633e+02 -2.260753e+01 3.640632e-18
0.948957       -1.381053e+03 -7.762418e+03 2.371723e-16 -1.691833e+03 -7.739974e+03 2.335094e-16 3.107797e+02 -2.244473e+01 3.662830e-18
0.949539       -1.383202e+03 -7.768613e+03 2.383744e-16 -1.693224e+03 -7.746336e+03 2.346887e-16 3.100212e+02 -2.227776e+01 3.685619e-18
0.950123       -1.381997e+03 -7.759555e+03 2.387897e-16 -1.691280e+03 -7.737442e+03 2.350805e-16 3.092822e+02 -2.211284e+01 3.709105e-18
0.950708       -1.381932e+03 -7.755755e+03 2.394268e-16 -1.690485e+03 -7.733809e+03 2.356937e-16 3.085533e+02 -2.194641e+01 3.733182e-18
0.951294       -1.388808e+03 -7.783740e+03 2.415448e-16 -1.696639e+03 -7.761962e+03 2.377872e-16 3.078311e+02 -2.177793e+01 3.757684e-18
0.951881       -1.399739e+03 -7.829771e+03 2.445868e-16 -1.706740e+03 -7.808172e+03 2.408044e-16 3.070013e+02 -2.159862e+01 3.782369e-18
0.95247        -1.407450e+03 -7.860927e+03 2.473195e-16 -1.713590e+03 -7.839509e+03 2.435124e-16 3.061396e+02 -2.141850e+01 3.807109e-18
0.95306        -1.407300e+03 -7.856061e+03 2.489717e-16 -1.712569e+03 -7.834840e+03 2.451406e-16 3.052692e+02 -2.122119e+01 3.831135e-18
0.953652       -1.398416e+03 -7.811038e+03 2.452479e-16 -1.702777e+03 -7.790039e+03 2.413927e-16 3.043602e+02 -2.099825e+01 3.855189e-18
0.954245       -1.392107e+03 -7.777156e+03 2.427417e-16 -1.695424e+03 -7.756403e+03 2.388624e-16 3.033172e+02 -2.075231e+01 3.879348e-18
0.95484        -1.384570e+03 -7.736843e+03 2.395006e-16 -1.686672e+03 -7.716364e+03 2.355968e-16 3.021023e+02 -2.047873e+01 3.903800e-18
0.955436       -1.392061e+03 -7.765111e+03 2.405979e-16 -1.692914e+03 -7.744920e+03 2.366700e-16 3.008531e+02 -2.019075e+01 3.927930e-18
0.956034       -1.397814e+03 -7.785202e+03 2.413878e-16 -1.697371e+03 -7.765309e+03 2.374358e-16 2.995572e+02 -1.989335e+01 3.952049e-18
0.956633       -1.401711e+03 -7.796146e+03 2.419226e-16 -1.699829e+03 -7.776556e+03 2.379459e-16 2.981181e+02 -1.959007e+01 3.976673e-18
0.957233       -1.400698e+03 -7.784880e+03 2.416440e-16 -1.697434e+03 -7.765596e+03 2.376427e-16 2.967359e+02 -1.928452e+01 4.001314e-18
0.957835       -1.401551e+03 -7.782317e+03 2.418750e-16 -1.696940e+03 -7.763340e+03 2.378488e-16 2.953893e+02 -1.897767e+01 4.026166e-18
0.958439       -1.399970e+03 -7.768588e+03 2.415713e-16 -1.694006e+03 -7.749917e+03 2.375196e-16 2.940368e+02 -1.867048e+01 4.051669e-18
0.959044       -1.398988e+03 -7.757439e+03 2.413111e-16 -1.691636e+03 -7.739073e+03 2.372330e-16 2.926477e+02 -1.836610e+01 4.078029e-18
0.95965        -1.400425e+03 -7.757505e+03 2.416426e-16 -1.691716e+03 -7.739440e+03 2.375378e-16 2.912912e+02 -1.806530e+01 4.104832e-18
0.960258       -1.401906e+03 -7.757927e+03 2.422059e-16 -1.691874e+03 -7.740160e+03 2.380738e-16 2.899677e+02 -1.776680e+01 4.132158e-18
0.960868       -1.404136e+03 -7.762181e+03 2.429334e-16 -1.692869e+03 -7.744715e+03 2.387737e-16 2.887330e+02 -1.746635e+01 4.159663e-18
0.961479       -1.404241e+03 -7.756314e+03 2.430917e-16 -1.691651e+03 -7.739142e+03 2.389035e-16 2.874105e+02 -1.717109e+01 4.188175e-18
0.962092       -1.397464e+03 -7.718828e+03 2.414764e-16 -1.683521e+03 -7.701949e+03 2.372586e-16 2.860574e+02 -1.687944e+01 4.217809e-18
0.962707       -1.388607e+03 -7.671607e+03 2.397701e-16 -1.673263e+03 -7.655018e+03 2.355226e-16 2.846562e+02 -1.658926e+01 4.247494e-18
0.963324       -1.377118e+03 -7.612508e+03 2.374109e-16 -1.660411e+03 -7.596219e+03 2.331338e-16 2.832924e+02 -1.628879e+01 4.277057e-18
0.963943       -1.371956e+03 -7.582093e+03 2.365708e-16 -1.653830e+03 -7.566112e+03 2.322647e-16 2.818732e+02 -1.598092e+01 4.306079e-18
0.964563       -1.367786e+03 -7.556044e+03 2.360521e-16 -1.648202e+03 -7.540368e+03 2.317166e-16 2.804169e+02 -1.567600e+01 4.335496e-18
0.965186       -1.364030e+03 -7.531599e+03 2.354512e-16 -1.642926e+03 -7.516229e+03 2.310859e-16 2.788959e+02 -1.537009e+01 4.365275e-18
0.96581        -1.367191e+03 -7.538658e+03 2.361729e-16 -1.644536e+03 -7.523596e+03 2.317767e-16 2.773455e+02 -1.506252e+01 4.396150e-18
0.966436       -1.369539e+03 -7.541748e+03 2.365065e-16 -1.645279e+03 -7.526994e+03 2.320796e-16 2.757398e+02 -1.475439e+01 4.426875e-18
0.967064       -1.370830e+03 -7.539753e+03 2.370568e-16 -1.644914e+03 -7.525323e+03 2.325988e-16 2.740840e+02 -1.442963e+01 4.457999e-18
0.967693       -1.371116e+03 -7.532785e+03 2.372880e-16 -1.643464e+03 -7.518688e+03 2.327983e-16 2.723472e+02 -1.409685e+01 4.489747e-18
0.968325       -1.362533e+03 -7.485207e+03 2.354864e-16 -1.633138e+03 -7.471449e+03 2.309633e-16 2.706045e+02 -1.375735e+01 4.523139e-18
0.968959       -1.358358e+03 -7.457634e+03 2.343016e-16 -1.627186e+03 -7.444221e+03 2.297461e-16 2.688285e+02 -1.341236e+01 4.555486e-18
0.969595       -1.361120e+03 -7.461897e+03 2.343302e-16 -1.628193e+03 -7.448826e+03 2.297426e-16 2.670729e+02 -1.307170e+01 4.587634e-18
0.970232       -1.361110e+03 -7.453501e+03 2.340373e-16 -1.626430e+03 -7.440763e+03 2.294176e-16 2.653204e+02 -1.273787e+01 4.619745e-18
0.970872       -1.355732e+03 -7.420699e+03 2.325389e-16 -1.619334e+03 -7.408298e+03 2.278876e-16 2.636017e+02 -1.240066e+01 4.651291e-18
0.971515       -1.348180e+03 -7.377837e+03 2.305212e-16 -1.610040e+03 -7.365777e+03 2.258388e-16 2.618599e+02 -1.206073e+01 4.682398e-18
0.972159       -1.340204e+03 -7.332777e+03 2.281697e-16 -1.600265e+03 -7.321058e+03 2.234565e-16 2.600609e+02 -1.171914e+01 4.713225e-18
0.972805       -1.334599e+03 -7.298454e+03 2.262559e-16 -1.592838e+03 -7.287082e+03 2.215124e-16 2.582388e+02 -1.137137e+01 4.743520e-18
0.973454       -1.344471e+03 -7.334788e+03 2.275822e-16 -1.600857e+03 -7.323768e+03 2.228089e-16 2.563865e+02 -1.101954e+01 4.773266e-18
0.974105       -1.339069e+03 -7.301144e+03 2.255973e-16 -1.593581e+03 -7.290478e+03 2.207948e-16 2.545112e+02 -1.066582e+01 4.802578e-18
0.974758       -1.336965e+03 -7.282543e+03 2.242808e-16 -1.589592e+03 -7.272232e+03 2.194494e-16 2.526274e+02 -1.031055e+01 4.831394e-18
0.975413       -1.336103e+03 -7.269758e+03 2.230493e-16 -1.586876e+03 -7.259807e+03 2.181898e-16 2.507732e+02 -9.951183e+00 4.859457e-18
0.976071       -1.329884e+03 -7.232646e+03 2.210359e-16 -1.578847e+03 -7.223072e+03 2.161502e-16 2.489630e+02 -9.574837e+00 4.885733e-18
0.976731       -1.322917e+03 -7.192357e+03 2.185906e-16 -1.570123e+03 -7.183161e+03 2.136799e-16 2.472053e+02 -9.196272e+00 4.910645e-18
0.977393       -1.319946e+03 -7.170792e+03 2.167952e-16 -1.565491e+03 -7.161973e+03 2.118609e-16 2.455454e+02 -8.819568e+00 4.934309e-18
0.978057       -1.323242e+03 -7.178150e+03 2.163064e-16 -1.567180e+03 -7.169698e+03 2.113495e-16 2.439380e+02 -8.451561e+00 4.956978e-18
0.978723       -1.331565e+03 -7.208760e+03 2.169742e-16 -1.573949e+03 -7.200667e+03 2.119956e-16 2.423840e+02 -8.092613e+00 4.978578e-18
0.979392       -1.332968e+03 -7.208173e+03 2.161836e-16 -1.573899e+03 -7.200435e+03 2.111848e-16 2.409303e+02 -7.737800e+00 4.998798e-18
0.980064       -1.331321e+03 -7.194006e+03 2.145345e-16 -1.570878e+03 -7.186617e+03 2.095172e-16 2.395573e+02 -7.388700e+00 5.017358e-18
0.980738       -1.331951e+03 -7.190163e+03 2.123448e-16 -1.570114e+03 -7.183121e+03 2.073114e-16 2.381634e+02 -7.042392e+00 5.033439e-18
0.981414       -1.350065e+03 -7.266402e+03 2.119424e-16 -1.586855e+03 -7.259711e+03 2.068946e-16 2.367901e+02 -6.691332e+00 5.047842e-18
0.982093       -1.340573e+03 -7.216789e+03 2.083074e-16 -1.576084e+03 -7.210434e+03 2.032474e-16 2.355115e+02 -6.354873e+00 5.059936e-18
0.982774       -1.343008e+03 -7.221931e+03 2.060713e-16 -1.577278e+03 -7.215897e+03 2.010033e-16 2.342703e+02 -6.034314e+00 5.067978e-18
0.983458       -1.358978e+03 -7.289367e+03 2.067087e-16 -1.592082e+03 -7.283621e+03 2.016350e-16 2.331035e+02 -5.746564e+00 5.073650e-18
0.984145       -1.369488e+03 -7.332350e+03 2.061419e-16 -1.601535e+03 -7.326869e+03 2.010650e-16 2.320471e+02 -5.480698e+00 5.076958e-18
0.984834       -1.373398e+03 -7.344790e+03 2.065863e-16 -1.604323e+03 -7.339623e+03 2.015093e-16 2.309249e+02 -5.167476e+00 5.076996e-18
0.985525       -1.375798e+03 -7.349736e+03 2.064930e-16 -1.605483e+03 -7.344931e+03 2.014208e-16 2.296852e+02 -4.805595e+00 5.072149e-18
0.986219       -1.374731e+03 -7.339352e+03 2.051053e-16 -1.603293e+03 -7.334912e+03 2.000424e-16 2.285619e+02 -4.440145e+00 5.062823e-18
0.986913       -1.381931e+03 -7.367349e+03 2.047884e-16 -1.609488e+03 -7.363254e+03 1.997399e-16 2.275568e+02 -4.094888e+00 5.048414e-18
0.987607       -1.396870e+03 -7.428722e+03 2.063027e-16 -1.623000e+03 -7.425071e+03 2.012524e-16 2.261301e+02 -3.651147e+00 5.050357e-18
0.988301       -1.407407e+03 -7.470446e+03 2.065391e-16 -1.632202e+03 -7.467169e+03 2.014889e-16 2.247953e+02 -3.276935e+00 5.050163e-18
0.988994       -1.413617e+03 -7.492935e+03 2.058983e-16 -1.637186e+03 -7.489968e+03 2.008549e-16 2.235682e+02 -2.967461e+00 5.043328e-18
0.989688       -1.409525e+03 -7.468340e+03 2.013886e-16 -1.631876e+03 -7.465675e+03 1.963569e-16 2.223504e+02 -2.665306e+00 5.031609e-18
0.990381       -1.424759e+03 -7.532076e+03 2.005733e-16 -1.645871e+03 -7.529702e+03 1.955550e-16 2.211124e+02 -2.373682e+00 5.018210e-18
0.991074       -1.440408e+03 -7.597391e+03 1.996960e-16 -1.660211e+03 -7.595308e+03 1.946893e-16 2.198030e+02 -2.083047e+00 5.006653e-18
0.991767       -1.459166e+03 -7.677043e+03 1.997107e-16 -1.677678e+03 -7.675214e+03 1.947207e-16 2.185113e+02 -1.828681e+00 4.989972e-18
0.99246        -1.476417e+03 -7.749701e+03 2.000355e-16 -1.693608e+03 -7.748093e+03 1.950637e-16 2.171907e+02 -1.608531e+00 4.971811e-18
0.993152       -1.485640e+03 -7.785653e+03 1.987105e-16 -1.701496e+03 -7.784182e+03 1.937586e-16 2.158556e+02 -1.471849e+00 4.951886e-18
0.993845       -1.497729e+03 -7.834309e+03 1.957922e-16 -1.712082e+03 -7.832609e+03 1.908632e-16 2.143526e+02 -1.700293e+00 4.928993e-18
0.994537       -1.498112e+03 -7.826242e+03 1.924202e-16 -1.710170e+03 -7.823862e+03 1.875212e-16 2.120572e+02 -2.380738e+00 4.899010e-18
0.995229       -1.510839e+03 -7.865472e+03 2.003954e-16 -1.718835e+03 -7.863504e+03 1.954661e-16 2.079961e+02 -1.967805e+00 4.929332e-18
0.995922       -1.514211e+03 -7.865609e+03 2.016901e-16 -1.718975e+03 -7.864147e+03 1.967377e-16 2.047642e+02 -1.462092e+00 4.952421e-18
0.996613       -1.514109e+03 -7.851524e+03 2.008310e-16 -1.716007e+03 -7.850566e+03 1.958719e-16 2.018974e+02 -9.580221e-01 4.959026e-18
0.997305       -1.513119e+03 -7.834523e+03 1.997574e-16 -1.712396e+03 -7.834048e+03 1.948029e-16 1.992775e+02 -4.747299e-01 4.954478e-18
0.997997       -1.506894e+03 -7.794365e+03 1.983436e-16 -1.703723e+03 -7.794368e+03 1.934004e-16 1.968288e+02 3.505679e-03 4.943216e-18
0.998689       -1.501281e+03 -7.757587e+03 1.972039e-16 -1.695786e+03 -7.758059e+03 1.922760e-16 1.945048e+02 4.718034e-01 4.927966e-18
0.99938        -1.493291e+03 -7.710156e+03 1.957777e-16 -1.685519e+03 -7.711086e+03 1.908672e-16 1.922273e+02 9.294122e-01 4.910453e-18
1.00007        -1.486383e+03 -7.667551e+03 1.946360e-16 -1.676303e+03 -7.668926e+03 1.897442e-16 1.899204e+02 1.375654e+00 4.891786e-18
1.000763       -1.480235e+03 -7.628724e+03 1.936882e-16 -1.667911e+03 -7.630533e+03 1.888158e-16 1.876763e+02 1.808281e+00 4.872373e-18
1.001454       -1.477432e+03 -7.605093e+03 1.930604e-16 -1.662838e+03 -7.607323e+03 1.882016e-16 1.854057e+02 2.230526e+00 4.858853e-18
1.002145       -1.478673e+03 -7.599923e+03 1.930539e-16 -1.661791e+03 -7.602535e+03 1.882092e-16 1.831178e+02 2.611352e+00 4.844643e-18
1.002836       -1.528353e+03 -7.815967e+03 1.957540e-16 -1.709060e+03 -7.818784e+03 1.909259e-16 1.807063e+02 2.817253e+00 4.828106e-18
1.003526       -1.515320e+03 -7.745019e+03 1.935563e-16 -1.693596e+03 -7.748038e+03 1.887441e-16 1.782753e+02 3.018463e+00 4.812229e-18
1.004217       -1.500872e+03 -7.667559e+03 1.912540e-16 -1.676706e+03 -7.670771e+03 1.864585e-16 1.758342e+02 3.211301e+00 4.795586e-18
1.004908       -1.490567e+03 -7.608928e+03 1.896158e-16 -1.663931e+03 -7.612324e+03 1.848384e-16 1.733640e+02 3.395881e+00 4.777457e-18
1.005598       -1.477898e+03 -7.539330e+03 1.888183e-16 -1.648753e+03 -7.542885e+03 1.840614e-16 1.708542e+02 3.555227e+00 4.756977e-18
1.006289       -1.460840e+03 -7.449581e+03 1.892847e-16 -1.629158e+03 -7.453240e+03 1.845511e-16 1.683178e+02 3.658541e+00 4.733623e-18
1.006979       -1.444241e+03 -7.361453e+03 1.873158e-16 -1.609905e+03 -7.365159e+03 1.826092e-16 1.656640e+02 3.705911e+00 4.706646e-18
1.00767        -1.421488e+03 -7.244481e+03 1.848034e-16 -1.584357e+03 -7.248282e+03 1.801286e-16 1.628688e+02 3.800551e+00 4.674821e-18
1.00836        -1.399185e+03 -7.129010e+03 1.823988e-16 -1.559160e+03 -7.133007e+03 1.777593e-16 1.599752e+02 3.996785e+00 4.639515e-18
1.009049       -1.393179e+03 -7.088531e+03 1.806588e-16 -1.550356e+03 -7.092729e+03 1.760506e-16 1.571771e+02 4.198206e+00 4.608227e-18
1.009739       -1.392220e+03 -7.071566e+03 1.798667e-16 -1.546693e+03 -7.075974e+03 1.752866e-16 1.544738e+02 4.407533e+00 4.580108e-18
1.010428       -1.391228e+03 -7.054875e+03 1.807483e-16 -1.543092e+03 -7.059496e+03 1.761979e-16 1.518638e+02 4.620741e+00 4.550448e-18
1.011117       -1.391820e+03 -7.045832e+03 1.813644e-16 -1.541163e+03 -7.050672e+03 1.768421e-16 1.493428e+02 4.840112e+00 4.522267e-18
1.011805       -1.402566e+03 -7.083521e+03 1.826776e-16 -1.549449e+03 -7.088581e+03 1.781810e-16 1.468834e+02 5.060476e+00 4.496583e-18
1.012493       -1.411366e+03 -7.112736e+03 1.830878e-16 -1.555881e+03 -7.118006e+03 1.786136e-16 1.445153e+02 5.269725e+00 4.474141e-18
1.013181       -1.395121e+03 -7.026373e+03 1.835658e-16 -1.537148e+03 -7.032304e+03 1.791170e-16 1.420271e+02 5.930787e+00 4.448860e-18
1.013868       -1.394367e+03 -7.010987e+03 1.843770e-16 -1.533952e+03 -7.017685e+03 1.799496e-16 1.395851e+02 6.698146e+00 4.427383e-18
1.0145547      -1.395960e+03 -7.006379e+03 1.868891e-16 -1.533114e+03 -7.013850e+03 1.824812e-16 1.371544e+02 7.471400e+00 4.407885e-18
1.0152411      -1.392032e+03 -6.976829e+03 1.895065e-16 -1.526824e+03 -6.985072e+03 1.851170e-16 1.347921e+02 8.243101e+00 4.389484e-18
1.0159271      -1.382242e+03 -6.920507e+03 1.915451e-16 -1.514686e+03 -6.929545e+03 1.871729e-16 1.324447e+02 9.037674e+00 4.372169e-18
1.0166127      -1.368643e+03 -6.847241e+03 1.925971e-16 -1.498843e+03 -6.857064e+03 1.882419e-16 1.302001e+02 9.822583e+00 4.355250e-18
1.0172978      -1.354554e+03 -6.772130e+03 1.932597e-16 -1.482591e+03 -6.782714e+03 1.889202e-16 1.280374e+02 1.058358e+01 4.339573e-18
1.0179826      -1.340237e+03 -6.696328e+03 1.935149e-16 -1.466182e+03 -6.707644e+03 1.891895e-16 1.259455e+02 1.131633e+01 4.325414e-18
1.0186669      -1.323402e+03 -6.609619e+03 1.928300e-16 -1.447380e+03 -6.621625e+03 1.885179e-16 1.239782e+02 1.200545e+01 4.312071e-18
1.0193509      -1.307684e+03 -6.528191e+03 1.922149e-16 -1.429725e+03 -6.540857e+03 1.879151e-16 1.220412e+02 1.266592e+01 4.299810e-18
1.0200344      -1.293576e+03 -6.454376e+03 1.914628e-16 -1.413725e+03 -6.467659e+03 1.871746e-16 1.201494e+02 1.328277e+01 4.288173e-18
1.0207175      -1.269889e+03 -6.337160e+03 1.906540e-16 -1.388228e+03 -6.351008e+03 1.863772e-16 1.183388e+02 1.384762e+01 4.276789e-18
1.0214002      -1.235507e+03 -6.171594e+03 1.892957e-16 -1.352150e+03 -6.185956e+03 1.850301e-16 1.166427e+02 1.436139e+01 4.265617e-18
1.0220825      -1.215168e+03 -6.070934e+03 1.877321e-16 -1.330249e+03 -6.085759e+03 1.834773e-16 1.150804e+02 1.482497e+01 4.254857e-18
1.0227644      -1.184367e+03 -5.923050e+03 1.853412e-16 -1.298013e+03 -5.938286e+03 1.810971e-16 1.136467e+02 1.523635e+01 4.244142e-18
1.0234458      -1.149271e+03 -5.756361e+03 1.819440e-16 -1.261654e+03 -5.771946e+03 1.777115e-16 1.123829e+02 1.558412e+01 4.232562e-18
1.0241269      -1.132304e+03 -5.673406e+03 1.821214e-16 -1.243583e+03 -5.689275e+03 1.779013e-16 1.112789e+02 1.586894e+01 4.220125e-18
1.0248077      -1.109031e+03 -5.562557e+03 1.805841e-16 -1.219400e+03 -5.578639e+03 1.763780e-16 1.103696e+02 1.608189e+01 4.206131e-18
1.025488       -1.083191e+03 -5.440824e+03 1.781574e-16 -1.192823e+03 -5.457049e+03 1.739664e-16 1.096316e+02 1.622497e+01 4.191046e-18
1.0261679      -1.063481e+03 -5.348106e+03 1.768134e-16 -1.172570e+03 -5.364396e+03 1.726387e-16 1.090888e+02 1.628966e+01 4.174678e-18
1.0268475      -1.043711e+03 -5.256021e+03 1.751594e-16 -1.152438e+03 -5.272294e+03 1.710025e-16 1.087269e+02 1.627353e+01 4.156905e-18
1.0275268      -1.027318e+03 -5.179683e+03 1.745115e-16 -1.135738e+03 -5.195891e+03 1.703694e-16 1.084193e+02 1.620794e+01 4.142040e-18
1.02820567     -1.019473e+03 -5.140635e+03 1.751443e-16 -1.127196e+03 -5.156815e+03 1.710033e-16 1.077235e+02 1.617938e+01 4.140970e-18
1.02888422     -1.014591e+03 -5.116858e+03 1.763156e-16 -1.121945e+03 -5.132792e+03 1.721761e-16 1.073542e+02 1.593337e+01 4.139470e-18
1.02956244     -1.016486e+03 -5.124001e+03 1.784151e-16 -1.123451e+03 -5.139679e+03 1.742814e-16 1.069644e+02 1.567809e+01 4.133715e-18
1.03024035     -1.022475e+03 -5.143370e+03 1.815380e-16 -1.127827e+03 -5.159699e+03 1.774513e-16 1.053512e+02 1.632848e+01 4.086650e-18
1.03091794     -1.024099e+03 -5.145467e+03 1.833028e-16 -1.128361e+03 -5.162142e+03 1.792446e-16 1.042617e+02 1.667420e+01 4.058169e-18
1.03159524     -1.034531e+03 -5.189636e+03 1.870706e-16 -1.138048e+03 -5.206462e+03 1.830328e-16 1.035176e+02 1.682650e+01 4.037840e-18
1.03227225     -1.018739e+03 -5.113531e+03 1.835243e-16 -1.121422e+03 -5.130398e+03 1.794926e-16 1.026832e+02 1.686709e+01 4.031747e-18
1.03294898     -1.017873e+03 -5.105195e+03 1.844234e-16 -1.119614e+03 -5.122128e+03 1.803965e-16 1.017416e+02 1.693323e+01 4.026915e-18
1.03362545     -1.026780e+03 -5.140075e+03 1.858358e-16 -1.127248e+03 -5.157051e+03 1.818113e-16 1.004676e+02 1.697630e+01 4.024454e-18
1.03430166     -9.901395e+02 -4.960933e+03 1.848990e-16 -1.087997e+03 -4.977484e+03 1.808676e-16 9.785798e+01 1.655097e+01 4.031379e-18
1.03497762     -1.090934e+03 -5.412764e+03 1.959602e-16 -1.186538e+03 -5.428300e+03 1.919090e-16 9.560461e+01 1.553579e+01 4.051183e-18
1.03565335     -1.066663e+03 -5.297335e+03 1.965800e-16 -1.161100e+03 -5.311919e+03 1.925069e-16 9.443612e+01 1.458430e+01 4.073110e-18
1.03632884     -1.083327e+03 -5.368491e+03 1.974183e-16 -1.176539e+03 -5.382554e+03 1.933362e-16 9.321235e+01 1.406264e+01 4.082178e-18
1.03700413     -1.094681e+03 -5.415398e+03 1.972922e-16 -1.186730e+03 -5.429177e+03 1.932055e-16 9.204880e+01 1.377908e+01 4.086747e-18
1.0376792      -1.205061e+03 -5.914979e+03 2.019993e-16 -1.295905e+03 -5.928640e+03 1.979101e-16 9.084421e+01 1.366162e+01 4.089174e-18
1.03835407     -1.246472e+03 -6.098796e+03 2.039031e-16 -1.336080e+03 -6.112437e+03 1.998133e-16 8.960810e+01 1.364136e+01 4.089832e-18
1.03902876     -1.252880e+03 -6.122657e+03 2.051087e-16 -1.341301e+03 -6.136321e+03 2.010198e-16 8.842012e+01 1.366398e+01 4.088972e-18
1.03970326     -1.258960e+03 -6.145410e+03 2.058560e-16 -1.346283e+03 -6.159118e+03 2.017692e-16 8.732353e+01 1.370790e+01 4.086748e-18
1.04037758     -1.269226e+03 -6.187431e+03 2.066433e-16 -1.355480e+03 -6.201190e+03 2.025600e-16 8.625354e+01 1.375922e+01 4.083288e-18
1.04105174     -1.298081e+03 -6.314640e+03 2.121066e-16 -1.383298e+03 -6.328457e+03 2.080278e-16 8.521778e+01 1.381690e+01 4.078858e-18
1.041725731    -1.322291e+03 -6.420751e+03 2.162622e-16 -1.406505e+03 -6.434624e+03 2.121886e-16 8.421397e+01 1.387369e+01 4.073596e-18
1.04239957     -1.333194e+03 -6.466129e+03 2.178215e-16 -1.416435e+03 -6.480055e+03 2.137538e-16 8.324081e+01 1.392597e+01 4.067719e-18
1.043073257    -1.335522e+03 -6.472404e+03 2.178681e-16 -1.417817e+03 -6.486375e+03 2.138066e-16 8.229427e+01 1.397013e+01 4.061488e-18
1.043746799    -1.327845e+03 -6.433285e+03 2.160513e-16 -1.409272e+03 -6.447286e+03 2.119968e-16 8.142791e+01 1.400155e+01 4.054522e-18
1.044420198    -1.322936e+03 -6.406815e+03 2.132632e-16 -1.403495e+03 -6.420855e+03 2.092168e-16 8.055942e+01 1.403999e+01 4.046419e-18
1.045093459    -1.330710e+03 -6.438358e+03 2.120355e-16 -1.410400e+03 -6.452445e+03 2.079978e-16 7.969002e+01 1.408741e+01 4.037684e-18
1.045766584    -1.335143e+03 -6.454694e+03 2.100677e-16 -1.413983e+03 -6.468835e+03 2.060388e-16 7.883983e+01 1.414084e+01 4.028946e-18
1.046439574    -1.340552e+03 -6.475613e+03 2.088976e-16 -1.418568e+03 -6.489814e+03 2.048774e-16 7.801585e+01 1.420110e+01 4.020256e-18
1.047112432    -1.343498e+03 -6.485396e+03 2.076411e-16 -1.420721e+03 -6.499664e+03 2.036294e-16 7.722341e+01 1.426779e+01 4.011747e-18
1.047785159    -1.344992e+03 -6.488631e+03 2.060374e-16 -1.421445e+03 -6.502974e+03 2.020339e-16 7.645300e+01 1.434331e+01 4.003508e-18
1.048457754    -1.344151e+03 -6.481402e+03 2.040681e-16 -1.419883e+03 -6.495829e+03 2.000725e-16 7.573199e+01 1.442699e+01 3.995626e-18
1.049130217    -1.343343e+03 -6.474525e+03 2.021489e-16 -1.418400e+03 -6.489042e+03 1.981607e-16 7.505627e+01 1.451752e+01 3.988165e-18
1.049802548    -1.341491e+03 -6.463099e+03 1.999791e-16 -1.415923e+03 -6.477714e+03 1.959979e-16 7.443258e+01 1.461551e+01 3.981174e-18
1.050474744    -1.341096e+03 -6.458542e+03 1.979325e-16 -1.414951e+03 -6.473264e+03 1.939578e-16 7.385441e+01 1.472182e+01 3.974708e-18
1.051146804    -1.345956e+03 -6.478262e+03 1.965215e-16 -1.419285e+03 -6.493093e+03 1.925526e-16 7.332944e+01 1.483068e+01 3.968898e-18
1.051818726    -1.352365e+03 -6.505313e+03 1.953053e-16 -1.425221e+03 -6.520250e+03 1.913414e-16 7.285574e+01 1.493741e+01 3.963848e-18
1.052490506    -1.366742e+03 -6.569042e+03 1.942257e-16 -1.439174e+03 -6.584083e+03 1.902664e-16 7.243158e+01 1.504017e+01 3.959369e-18
1.053162141    -1.382401e+03 -6.638975e+03 1.937196e-16 -1.454480e+03 -6.654106e+03 1.897640e-16 7.207938e+01 1.513131e+01 3.955567e-18
1.053833628    -1.398374e+03 -6.710799e+03 1.934796e-16 -1.470192e+03 -6.725986e+03 1.895269e-16 7.181755e+01 1.518688e+01 3.952687e-18
1.054504963    -1.411903e+03 -6.772083e+03 1.929248e-16 -1.483583e+03 -6.787249e+03 1.889738e-16 7.167947e+01 1.516594e+01 3.951060e-18
1.0551761415   -1.423087e+03 -6.823206e+03 1.927268e-16 -1.494738e+03 -6.838284e+03 1.887772e-16 7.165120e+01 1.507743e+01 3.949655e-18
1.0558471591   -1.428432e+03 -6.848690e+03 1.918639e-16 -1.500255e+03 -6.863523e+03 1.879146e-16 7.182273e+01 1.483364e+01 3.949280e-18
1.0565180111   -1.437527e+03 -6.891850e+03 1.918186e-16 -1.509616e+03 -6.906347e+03 1.878701e-16 7.208912e+01 1.449703e+01 3.948535e-18
1.0571886926   -1.460846e+03 -7.000204e+03 1.930015e-16 -1.533217e+03 -7.014322e+03 1.890545e-16 7.237132e+01 1.411786e+01 3.947007e-18
1.0578591988   -1.447704e+03 -6.942460e+03 1.943083e-16 -1.520500e+03 -6.956143e+03 1.903643e-16 7.279583e+01 1.368300e+01 3.943992e-18
1.0585295247   -1.441300e+03 -6.916451e+03 1.964727e-16 -1.514706e+03 -6.929635e+03 1.925338e-16 7.340610e+01 1.318474e+01 3.938894e-18
1.0591996653   -1.425327e+03 -6.847532e+03 1.980548e-16 -1.499527e+03 -6.860190e+03 1.941235e-16 7.419983e+01 1.265819e+01 3.931268e-18
1.0598696154   -1.428625e+03 -6.864199e+03 2.032944e-16 -1.503165e+03 -6.876834e+03 1.993607e-16 7.453962e+01 1.263473e+01 3.933733e-18
1.0605393701   -1.401188e+03 -6.741290e+03 2.042471e-16 -1.476292e+03 -6.753896e+03 2.003252e-16 7.510415e+01 1.260550e+01 3.921935e-18
1.0612089243   -1.376816e+03 -6.632751e+03 2.056184e-16 -1.452576e+03 -6.645397e+03 2.017180e-16 7.575991e+01 1.264650e+01 3.900404e-18
1.0618782733   -1.333766e+03 -6.437852e+03 2.003272e-16 -1.410006e+03 -6.450642e+03 1.964603e-16 7.624010e+01 1.279031e+01 3.866940e-18
1.0625474125   -1.303633e+03 -6.298625e+03 1.994100e-16 -1.379690e+03 -6.311950e+03 1.955672e-16 7.605759e+01 1.332522e+01 3.842808e-18
1.0632163372   -1.273650e+03 -6.160074e+03 1.972144e-16 -1.349537e+03 -6.174001e+03 1.934026e-16 7.588695e+01 1.392691e+01 3.811890e-18
1.0638850432   -1.254064e+03 -6.068747e+03 1.950062e-16 -1.329719e+03 -6.083337e+03 1.912258e-16 7.565493e+01 1.458996e+01 3.780434e-18
1.0645535262   -1.247502e+03 -6.036462e+03 1.936767e-16 -1.322837e+03 -6.051851e+03 1.899330e-16 7.533511e+01 1.538877e+01 3.743699e-18
1.0652217824   -1.169138e+03 -5.676898e+03 1.831193e-16 -1.244371e+03 -5.692878e+03 1.794101e-16 7.523315e+01 1.598035e+01 3.709226e-18
1.0658898081   -1.151357e+03 -5.595598e+03 1.776751e-16 -1.226648e+03 -5.611798e+03 1.739973e-16 7.529097e+01 1.619989e+01 3.677768e-18
1.0665575999   -1.146212e+03 -5.570845e+03 1.780684e-16 -1.221307e+03 -5.587362e+03 1.744276e-16 7.509536e+01 1.651682e+01 3.640801e-18
1.0672251546   -1.135934e+03 -5.519390e+03 1.777098e-16 -1.210106e+03 -5.536121e+03 1.741101e-16 7.417255e+01 1.673042e+01 3.599709e-18
1.0678924695   -1.165860e+03 -5.647613e+03 1.837646e-16 -1.238082e+03 -5.664105e+03 1.802013e-16 7.222123e+01 1.649123e+01 3.563369e-18
1.06855954207  -1.171333e+03 -5.673869e+03 1.881468e-16 -1.243734e+03 -5.689964e+03 1.846175e-16 7.240144e+01 1.609535e+01 3.529272e-18
1.06922636996  -1.129894e+03 -5.484947e+03 1.846308e-16 -1.202433e+03 -5.501017e+03 1.811348e-16 7.253905e+01 1.606967e+01 3.495969e-18
1.06989295105  -1.121568e+03 -5.447175e+03 1.849135e-16 -1.194230e+03 -5.463488e+03 1.814512e-16 7.266219e+01 1.631226e+01 3.462272e-18
1.0705592838   -1.111666e+03 -5.402117e+03 1.845928e-16 -1.184471e+03 -5.418839e+03 1.811643e-16 7.280478e+01 1.672224e+01 3.428560e-18
1.07122536705  -1.099535e+03 -5.346971e+03 1.832676e-16 -1.172525e+03 -5.364188e+03 1.798721e-16 7.298922e+01 1.721659e+01 3.395585e-18
1.07189119973  -1.088649e+03 -5.297684e+03 1.820004e-16 -1.161867e+03 -5.315431e+03 1.786367e-16 7.321795e+01 1.774714e+01 3.363706e-18
1.07255678104  -1.080015e+03 -5.258895e+03 1.810363e-16 -1.153505e+03 -5.277174e+03 1.777032e-16 7.348986e+01 1.827979e+01 3.333188e-18
1.07322211035  -1.081717e+03 -5.267669e+03 1.834632e-16 -1.155538e+03 -5.286476e+03 1.801583e-16 7.382076e+01 1.880660e+01 3.304863e-18
1.07388718768  -1.082551e+03 -5.272726e+03 1.850718e-16 -1.156750e+03 -5.292019e+03 1.817933e-16 7.419835e+01 1.929264e+01 3.278550e-18
1.07455201339  -1.083617e+03 -5.279280e+03 1.841697e-16 -1.158261e+03 -5.298934e+03 1.809151e-16 7.464454e+01 1.965376e+01 3.254611e-18
1.07521658796  -1.101648e+03 -5.363896e+03 1.864875e-16 -1.176806e+03 -5.383772e+03 1.832545e-16 7.515709e+01 1.987662e+01 3.232955e-18
1.07588091214  -1.097801e+03 -5.348841e+03 1.849051e-16 -1.173534e+03 -5.368805e+03 1.816918e-16 7.573255e+01 1.996394e+01 3.213301e-18
1.07654498689  -1.084437e+03 -5.290795e+03 1.818036e-16 -1.160832e+03 -5.310696e+03 1.786081e-16 7.639559e+01 1.990168e+01 3.195539e-18
1.07720881372  -1.079377e+03 -5.271181e+03 1.811430e-16 -1.156506e+03 -5.290905e+03 1.779637e-16 7.712913e+01 1.972480e+01 3.179296e-18
1.07787239425  -1.084227e+03 -5.297092e+03 1.801600e-16 -1.162111e+03 -5.316548e+03 1.769956e-16 7.788398e+01 1.945616e+01 3.164388e-18
1.07853573002  -1.083891e+03 -5.299543e+03 1.790334e-16 -1.162570e+03 -5.318647e+03 1.758827e-16 7.867880e+01 1.910438e+01 3.150693e-18
1.07919882277  -1.081526e+03 -5.293195e+03 1.778924e-16 -1.161088e+03 -5.311867e+03 1.747539e-16 7.956190e+01 1.867223e+01 3.138436e-18
1.07986167454  -1.076998e+03 -5.277353e+03 1.767753e-16 -1.157516e+03 -5.295525e+03 1.736479e-16 8.051778e+01 1.817218e+01 3.127415e-18
1.0805242876   -1.074501e+03 -5.271090e+03 1.761193e-16 -1.156026e+03 -5.288707e+03 1.730018e-16 8.152518e+01 1.761695e+01 3.117504e-18
1.0811866643   -1.069699e+03 -5.254635e+03 1.755175e-16 -1.152297e+03 -5.271647e+03 1.724090e-16 8.259727e+01 1.701151e+01 3.108483e-18
1.081848806959 -1.065296e+03 -5.240274e+03 1.748150e-16 -1.149016e+03 -5.256638e+03 1.717141e-16 8.371983e+01 1.636390e+01 3.100858e-18
1.08251071789  -1.063653e+03 -5.238757e+03 1.749625e-16 -1.148534e+03 -5.254435e+03 1.718682e-16 8.488159e+01 1.567785e+01 3.094320e-18
1.083172399618 -1.061186e+03 -5.233706e+03 1.751948e-16 -1.147273e+03 -5.248662e+03 1.721062e-16 8.608680e+01 1.495646e+01 3.088555e-18
1.083833854827 -1.054189e+03 -5.208237e+03 1.747264e-16 -1.141540e+03 -5.222437e+03 1.716427e-16 8.735166e+01 1.419946e+01 3.083642e-18
1.084495086188 -1.068095e+03 -5.278678e+03 1.777007e-16 -1.156764e+03 -5.292086e+03 1.746208e-16 8.866962e+01 1.340788e+01 3.079938e-18
1.085156096306 -1.057089e+03 -5.235601e+03 1.770827e-16 -1.147165e+03 -5.248172e+03 1.740047e-16 9.007645e+01 1.257056e+01 3.077937e-18
1.085816887756 -1.069310e+03 -5.300672e+03 1.668888e-16 -1.161156e+03 -5.312177e+03 1.638046e-16 9.184557e+01 1.150464e+01 3.084174e-18
1.086477463255 -1.071759e+03 -5.318896e+03 1.690235e-16 -1.164981e+03 -5.329675e+03 1.659484e-16 9.322126e+01 1.077875e+01 3.075096e-18
1.087137825495 -1.061599e+03 -5.279090e+03 1.691761e-16 -1.156129e+03 -5.289178e+03 1.661080e-16 9.452973e+01 1.008779e+01 3.068125e-18
1.087797977205 -1.039567e+03 -5.185045e+03 1.675505e-16 -1.135423e+03 -5.194452e+03 1.644882e-16 9.585642e+01 9.406412e+00 3.062287e-18
1.088457920956 -1.018589e+03 -5.095131e+03 1.673706e-16 -1.115625e+03 -5.103878e+03 1.643098e-16 9.703596e+01 8.747151e+00 3.060839e-18
1.089117659265 -1.000059e+03 -5.016018e+03 1.662059e-16 -1.098211e+03 -5.024208e+03 1.631476e-16 9.815136e+01 8.189591e+00 3.058305e-18
1.089777194656 -9.905075e+02 -4.977825e+03 1.652426e-16 -1.089757e+03 -4.985531e+03 1.621866e-16 9.924905e+01 7.706571e+00 3.055954e-18
1.090436529681 -9.747410e+02 -4.911554e+03 1.590878e-16 -1.075168e+03 -4.918788e+03 1.560314e-16 1.004266e+02 7.234304e+00 3.056414e-18
1.091095666905 -9.666190e+02 -4.879802e+03 1.587239e-16 -1.068143e+03 -4.886652e+03 1.556696e-16 1.015240e+02 6.849479e+00 3.054291e-18
1.09175460868  -9.385777e+02 -4.756417e+03 1.565860e-16 -1.041110e+03 -4.762977e+03 1.535342e-16 1.025320e+02 6.559888e+00 3.051784e-18
1.092413357179 -9.123815e+02 -4.641128e+03 1.548269e-16 -1.015861e+03 -4.647467e+03 1.517777e-16 1.034798e+02 6.339788e+00 3.049221e-18
1.093071914373 -8.913161e+02 -4.549130e+03 1.540301e-16 -9.957144e+02 -4.555298e+03 1.509839e-16 1.043983e+02 6.167400e+00 3.046185e-18
1.093730282256 -8.787754e+02 -4.495023e+03 1.549084e-16 -9.838719e+02 -4.501119e+03 1.518614e-16 1.050965e+02 6.096326e+00 3.047051e-18
1.094388462715 -8.737893e+02 -4.474635e+03 1.574568e-16 -9.794090e+02 -4.480702e+03 1.544048e-16 1.056197e+02 6.067519e+00 3.052033e-18
1.0950464574709 -8.681324e+02 -4.451046e+03 1.598484e-16 -9.742357e+02 -4.457035e+03 1.567906e-16 1.061033e+02 5.988874e+00 3.057738e-18
1.0957042678448 -8.643932e+02 -4.435106e+03 1.618769e-16 -9.707143e+02 -4.440924e+03 1.588097e-16 1.063211e+02 5.818374e+00 3.067139e-18
1.0963618956889 -8.564436e+02 -4.396167e+03 1.633475e-16 -9.620807e+02 -4.401427e+03 1.602584e-16 1.056371e+02 5.259617e+00 3.089178e-18
1.0970193426945 -8.673778e+02 -4.445966e+03 1.647657e-16 -9.727915e+02 -4.450428e+03 1.616525e-16 1.054137e+02 4.461864e+00 3.113175e-18
1.0976766101779 -8.677660e+02 -4.452378e+03 1.654260e-16 -9.740521e+02 -4.456195e+03 1.622957e-16 1.062861e+02 3.817137e+00 3.130260e-18
1.098333699359 -8.585928e+02 -4.414802e+03 1.651989e-16 -9.657225e+02 -4.418087e+03 1.620606e-16 1.071296e+02 3.285280e+00 3.138375e-18
1.0989906113448 -8.458174e+02 -4.360563e+03 1.640326e-16 -9.537807e+02 -4.363455e+03 1.608883e-16 1.079633e+02 2.892061e+00 3.144297e-18
1.0996473471073 -8.373680e+02 -4.326014e+03 1.634645e-16 -9.461638e+02 -4.328608e+03 1.603161e-16 1.087958e+02 2.594390e+00 3.148383e-18
1.1003039075025 -8.268693e+02 -4.282065e+03 1.623829e-16 -9.365053e+02 -4.284422e+03 1.592318e-16 1.096360e+02 2.356462e+00 3.151072e-18
1.1009602933035 -8.169433e+02 -4.240754e+03 1.613012e-16 -9.274312e+02 -4.242909e+03 1.581484e-16 1.104880e+02 2.155041e+00 3.152744e-18
1.101616505163 -8.096327e+02 -4.211403e+03 1.601444e-16 -9.209769e+02 -4.213381e+03 1.569908e-16 1.113442e+02 1.977393e+00 3.153640e-18
1.1022725436332 -7.864364e+02 -4.109460e+03 1.594436e-16 -8.986527e+02 -4.111249e+03 1.562909e-16 1.122162e+02 1.789805e+00 3.152715e-18
1.1029284092423 -7.781028e+02 -4.075581e+03 1.614914e-16 -8.912087e+02 -4.077194e+03 1.583400e-16 1.131059e+02 1.612850e+00 3.151333e-18
1.1035841024216 -7.746124e+02 -4.063551e+03 1.633361e-16 -8.885436e+02 -4.065002e+03 1.601855e-16 1.139312e+02 1.450249e+00 3.150558e-18
1.1042396235456 -7.772447e+02 -4.079552e+03 1.656446e-16 -8.920045e+02 -4.080835e+03 1.624946e-16 1.147597e+02 1.282900e+00 3.150007e-18
1.1048949729084 -7.782884e+02 -4.088444e+03 1.673173e-16 -8.939095e+02 -4.089550e+03 1.641678e-16 1.156210e+02 1.105908e+00 3.149558e-18
1.1055501507727 -7.585954e+02 -4.002693e+03 1.657810e-16 -8.751228e+02 -4.003602e+03 1.626320e-16 1.165274e+02 9.091201e-01 3.148979e-18
1.1062051571057 -7.558011e+02 -3.994240e+03 1.658064e-16 -8.732297e+02 -3.994942e+03 1.626580e-16 1.174286e+02 7.014792e-01 3.148434e-18
1.1068599918554 -7.463274e+02 -3.955258e+03 1.644037e-16 -8.646609e+02 -3.955741e+03 1.612558e-16 1.183336e+02 4.823397e-01 3.147971e-18
1.1075146549429 -7.359416e+02 -3.912193e+03 1.627453e-16 -8.551964e+02 -3.912441e+03 1.595977e-16 1.192548e+02 2.481311e-01 3.147608e-18
1.10816914620493 -7.251522e+02 -3.867344e+03 1.613179e-16 -8.453386e+02 -3.867343e+03 1.581705e-16 1.201864e+02 -1.479995e-03 3.147341e-18
1.10882346547185 -7.120955e+02 -3.812116e+03 1.595193e-16 -8.332098e+02 -3.811854e+03 1.563722e-16 1.211143e+02 -2.616643e-01 3.147110e-18
1.10947761248474 -6.968682e+02 -3.746856e+03 1.586248e-16 -8.188877e+02 -3.746333e+03 1.554780e-16 1.220195e+02 -5.235886e-01 3.146751e-18
1.11013158693886 -6.794457e+02 -3.671447e+03 1.582837e-16 -8.023454e+02 -3.670653e+03 1.551374e-16 1.228997e+02 -7.935919e-01 3.146323e-18
1.11078538842782 -6.605827e+02 -3.589498e+03 1.567790e-16 -7.843694e+02 -3.588414e+03 1.536326e-16 1.237867e+02 -1.083712e+00 3.146381e-18
1.11143901660393 -6.432484e+02 -3.514628e+03 1.548091e-16 -7.679371e+02 -3.513238e+03 1.516619e-16 1.246888e+02 -1.389565e+00 3.147171e-18
1.11209247111569 -6.272147e+02 -3.445821e+03 1.529475e-16 -7.528272e+02 -3.444112e+03 1.497992e-16 1.256125e+02 -1.709452e+00 3.148263e-18
1.11274575164133 -6.292459e+02 -3.459671e+03 1.544118e-16 -7.557822e+02 -3.457631e+03 1.512623e-16 1.265363e+02 -2.040803e+00 3.149499e-18
1.11339885782835 -6.303647e+02 -3.469749e+03 1.502608e-16 -7.579032e+02 -3.467334e+03 1.471095e-16 1.275385e+02 -2.414560e+00 3.151250e-18
1.11405178940216 -6.407716e+02 -3.522776e+03 1.473234e-16 -7.694056e+02 -3.519957e+03 1.441702e-16 1.286340e+02 -2.819214e+00 3.153200e-18
1.11470454609934 -6.360395e+02 -3.506524e+03 1.456695e-16 -7.657634e+02 -3.503294e+03 1.425150e-16 1.297239e+02 -3.230512e+00 3.154493e-18
1.11535712762435 -6.313898e+02 -3.490623e+03 1.443102e-16 -7.621982e+02 -3.486983e+03 1.411550e-16 1.308083e+02 -3.640258e+00 3.155175e-18
1.11600953374002 -6.267990e+02 -3.475001e+03 1.437945e-16 -7.586941e+02 -3.470952e+03 1.406390e-16 1.318951e+02 -4.048512e+00 3.155452e-18
1.11666176422568 -6.255914e+02 -3.474860e+03 1.436912e-16 -7.585750e+02 -3.470407e+03 1.405357e-16 1.329836e+02 -4.452914e+00 3.155428e-18
1.11731381893608 -6.252923e+02 -3.478803e+03 1.440809e-16 -7.593502e+02 -3.473954e+03 1.409259e-16 1.340579e+02 -4.848869e+00 3.155029e-18
1.11796569769766 -6.265374e+02 -3.489783e+03 1.442533e-16 -7.616662e+02 -3.484549e+03 1.410991e-16 1.351288e+02 -5.233755e+00 3.154232e-18
1.118617400472 -6.323976e+02 -3.521571e+03 1.453393e-16 -7.685414e+02 -3.516003e+03 1.421853e-16 1.361438e+02 -5.567980e+00 3.153998e-18
1.11926892710219 -6.355272e+02 -3.540313e+03 1.457671e-16 -7.725838e+02 -3.534496e+03 1.426123e-16 1.370566e+02 -5.816639e+00 3.154845e-18
1.11992027760916 -6.673944e+02 -3.691347e+03 1.364063e-16 -8.055452e+02 -3.685292e+03 1.332462e-16 1.381508e+02 -6.055055e+00 3.160166e-18
1.12057145209783 -7.049809e+02 -3.868610e+03 1.353660e-16 -8.442415e+02 -3.862323e+03 1.322026e-16 1.392606e+02 -6.286758e+00 3.163380e-18
1.121222450761656 -7.073884e+02 -3.885109e+03 1.335679e-16 -8.477960e+02 -3.878585e+03 1.304038e-16 1.404076e+02 -6.523792e+00 3.164094e-18
1.121873273788663 -7.055741e+02 -3.882467e+03 1.321146e-16 -8.471660e+02 -3.875703e+03 1.289517e-16 1.415919e+02 -6.764314e+00 3.162937e-18
1.122523921474396 -7.078746e+02 -3.898853e+03 1.331905e-16 -8.506951e+02 -3.891848e+03 1.300306e-16 1.428205e+02 -7.004783e+00 3.159834e-18
1.123174394154205 -7.240838e+02 -3.978820e+03 1.366659e-16 -8.681237e+02 -3.971582e+03 1.335103e-16 1.440399e+02 -7.237199e+00 3.155633e-18
1.12382469222571 -7.377846e+02 -4.046850e+03 1.401942e-16 -8.829496e+02 -4.039409e+03 1.370431e-16 1.451650e+02 -7.440562e+00 3.151145e-18
1.124474816174184 -7.344166e+02 -4.036673e+03 1.396600e-16 -8.806832e+02 -4.029041e+03 1.365139e-16 1.462667e+02 -7.632352e+00 3.146080e-18
1.125124766473085 -7.362070e+02 -4.049313e+03 1.419614e-16 -8.834046e+02 -4.041491e+03 1.388239e-16 1.471976e+02 -7.822185e+00 3.137518e-18
1.125774543779331 -7.431298e+02 -4.085264e+03 1.445918e-16 -8.912292e+02 -4.077288e+03 1.414640e-16 1.480994e+02 -7.975793e+00 3.127849e-18
1.126424148789106 -7.523490e+02 -4.131469e+03 1.475346e-16 -9.013018e+02 -4.123369e+03 1.444167e-16 1.489528e+02 -8.100609e+00 3.117855e-18
1.127073582230775 -7.599571e+02 -4.170107e+03 1.502200e-16 -9.097243e+02 -4.161901e+03 1.471123e-16 1.497673e+02 -8.205822e+00 3.107745e-18
1.127722844984132 -7.817614e+02 -4.273526e+03 1.557522e-16 -9.323098e+02 -4.265227e+03 1.526554e-16 1.505483e+02 -8.298108e+00 3.096803e-18
1.12837193797219 -8.078088e+02 -4.396168e+03 1.616829e-16 -9.591008e+02 -4.387794e+03 1.585979e-16 1.512920e+02 -8.374456e+00 3.085018e-18
1.129020862210952 -8.329547e+02 -4.514494e+03 1.673670e-16 -9.849529e+02 -4.506065e+03 1.642941e-16 1.519982e+02 -8.429373e+00 3.072978e-18
1.129669618773488 -8.496702e+02 -4.593783e+03 1.719281e-16 -1.002279e+03 -4.585331e+03 1.688663e-16 1.526091e+02 -8.452200e+00 3.061791e-18
1.130318208796294 -8.686278e+02 -4.683367e+03 1.767652e-16 -1.021853e+03 -4.674881e+03 1.737156e-16 1.532256e+02 -8.486496e+00 3.049639e-18
1.130966633462816 -8.883414e+02 -4.776298e+03 1.812341e-16 -1.042159e+03 -4.767776e+03 1.781977e-16 1.538174e+02 -8.521878e+00 3.036425e-18
1.13161489405508 -9.057435e+02 -4.858548e+03 1.850870e-16 -1.060129e+03 -4.849989e+03 1.820647e-16 1.543856e+02 -8.559576e+00 3.022239e-18
1.132262992002044 -9.253623e+02 -4.950774e+03 1.893107e-16 -1.080278e+03 -4.942170e+03 1.863037e-16 1.549161e+02 -8.604275e+00 3.007020e-18
1.132910928638503 -9.380091e+02 -5.010919e+03 1.920618e-16 -1.093411e+03 -5.002252e+03 1.890712e-16 1.554024e+02 -8.666785e+00 2.990600e-18
1.13355870536252 -9.560958e+02 -5.095550e+03 1.957763e-16 -1.111892e+03 -5.086797e+03 1.928033e-16 1.557958e+02 -8.752705e+00 2.972964e-18
1.134206323710297 -9.713219e+02 -5.166290e+03 1.988946e-16 -1.127324e+03 -5.157400e+03 1.959408e-16 1.560024e+02 -8.889537e+00 2.953848e-18
1.134853785322961 -9.857357e+02 -5.231525e+03 2.016367e-16 -1.141520e+03 -5.222345e+03 1.987041e-16 1.557844e+02 -9.180392e+00 2.932586e-18
1.135501091922052 -9.944196e+02 -5.270440e+03 2.020771e-16 -1.149920e+03 -5.260775e+03 1.991610e-16 1.555008e+02 -9.665083e+00 2.916175e-18
1.136148245467003 -1.012320e+03 -5.356627e+03 2.043047e-16 -1.168680e+03 -5.346597e+03 2.013932e-16 1.563599e+02 -1.003020e+01 2.911452e-18
1.136795247813977 -1.016413e+03 -5.379498e+03 2.063790e-16 -1.173606e+03 -5.369133e+03 2.034735e-16 1.571923e+02 -1.036501e+01 2.905432e-18
1.137442100895072 -1.029393e+03 -5.442772e+03 2.090610e-16 -1.187378e+03 -5.432142e+03 2.061619e-16 1.579858e+02 -1.062979e+01 2.899003e-18
1.138088806766484 -1.041916e+03 -5.503731e+03 2.112373e-16 -1.200657e+03 -5.492891e+03 2.083449e-16 1.587408e+02 -1.083986e+01 2.892385e-18
1.138735367551518 -1.054014e+03 -5.562540e+03 2.132308e-16 -1.213475e+03 -5.551531e+03 2.103450e-16 1.594605e+02 -1.100962e+01 2.885812e-18
1.139381785428518 -1.064397e+03 -5.613335e+03 2.147543e-16 -1.224547e+03 -5.602186e+03 2.118749e-16 1.601500e+02 -1.114943e+01 2.879438e-18
1.140028062621786 -1.075232e+03 -5.666043e+03 2.163834e-16 -1.236043e+03 -5.654776e+03 2.135100e-16 1.608109e+02 -1.126696e+01 2.873373e-18
1.140674201442644 -1.081957e+03 -5.699796e+03 2.171808e-16 -1.243399e+03 -5.688429e+03 2.143131e-16 1.614411e+02 -1.136736e+01 2.867687e-18
1.141320204289459 -1.084705e+03 -5.715219e+03 2.171811e-16 -1.246751e+03 -5.703764e+03 2.143188e-16 1.620457e+02 -1.145538e+01 2.862394e-18
1.141966073641979 -1.087602e+03 -5.731163e+03 2.172057e-16 -1.250219e+03 -5.719631e+03 2.143482e-16 1.626170e+02 -1.153196e+01 2.857535e-18
1.142611812021013 -1.088447e+03 -5.737556e+03 2.168421e-16 -1.251602e+03 -5.725958e+03 2.139890e-16 1.631551e+02 -1.159846e+01 2.853097e-18
1.143257421925477 -1.079994e+03 -5.701264e+03 2.145659e-16 -1.243657e+03 -5.689610e+03 2.117169e-16 1.636630e+02 -1.165443e+01 2.849005e-18
1.143902906070217 -1.087580e+03 -5.738124e+03 2.154111e-16 -1.251703e+03 -5.726423e+03 2.125658e-16 1.641231e+02 -1.170146e+01 2.845372e-18
1.144548267104344 -1.087022e+03 -5.737527e+03 2.149069e-16 -1.251564e+03 -5.725786e+03 2.120647e-16 1.645420e+02 -1.174135e+01 2.842152e-18
1.145193507747827 -1.085367e+03 -5.731701e+03 2.142205e-16 -1.250284e+03 -5.719927e+03 2.113812e-16 1.649163e+02 -1.177376e+01 2.839294e-18
1.145838630789697 -1.085524e+03 -5.733916e+03 2.139697e-16 -1.250763e+03 -5.722118e+03 2.111329e-16 1.652385e+02 -1.179819e+01 2.836770e-18
1.146483639057847 -1.085104e+03 -5.733227e+03 2.136433e-16 -1.250608e+03 -5.721413e+03 2.108087e-16 1.655040e+02 -1.181340e+01 2.834586e-18
1.147128535435355 -1.082045e+03 -5.720215e+03 2.127936e-16 -1.247763e+03 -5.708395e+03 2.099609e-16 1.657175e+02 -1.182019e+01 2.832700e-18
1.147773322864784 -1.078975e+03 -5.706973e+03 2.119883e-16 -1.244868e+03 -5.695151e+03 2.091572e-16 1.658930e+02 -1.182225e+01 2.831038e-18
1.148418004298931 -1.073630e+03 -5.683262e+03 2.107600e-16 -1.239684e+03 -5.671437e+03 2.079305e-16 1.660542e+02 -1.182494e+01 2.829504e-18
1.14906258269481 -1.068767e+03 -5.661354e+03 2.094114e-16 -1.234899e+03 -5.649545e+03 2.065831e-16 1.661321e+02 -1.180944e+01 2.828332e-18
1.14970706105625 -1.062506e+03 -5.632758e+03 2.080339e-16 -1.228654e+03 -5.620975e+03 2.052065e-16 1.661487e+02 -1.178260e+01 2.827448e-18
1.150351442395272 -1.055601e+03 -5.600946e+03 2.065056e-16 -1.221709e+03 -5.589202e+03 2.036787e-16 1.661077e+02 -1.174390e+01 2.826909e-18
1.150995729730427 -1.045701e+03 -5.555218e+03 2.043799e-16 -1.211724e+03 -5.543522e+03 2.015533e-16 1.660230e+02 -1.169619e+01 2.826594e-18
1.151639926081938 -1.038025e+03 -5.519434e+03 2.026325e-16 -1.203915e+03 -5.507796e+03 1.998060e-16 1.658900e+02 -1.163822e+01 2.826503e-18
1.152284034454931 -1.042848e+03 -5.540593e+03 2.036736e-16 -1.208555e+03 -5.529024e+03 2.008469e-16 1.657070e+02 -1.156868e+01 2.826639e-18
1.152928057872199 -1.060492e+03 -5.620228e+03 2.074895e-16 -1.225979e+03 -5.608737e+03 2.046626e-16 1.654868e+02 -1.149144e+01 2.826897e-18
1.153571999332528 -1.072593e+03 -5.674302e+03 2.103260e-16 -1.237817e+03 -5.662896e+03 2.074988e-16 1.652248e+02 -1.140675e+01 2.827262e-18
1.15421586182088 -1.078208e+03 -5.698723e+03 2.117412e-16 -1.243173e+03 -5.687398e+03 2.089135e-16 1.649651e+02 -1.132490e+01 2.827649e-18
1.154859648262231 -1.079296e+03 -5.702433e+03 2.122735e-16 -1.244002e+03 -5.691188e+03 2.094454e-16 1.647058e+02 -1.124485e+01 2.828062e-18
1.155503361541474 -1.078619e+03 -5.697899e+03 2.123487e-16 -1.243030e+03 -5.686743e+03 2.095201e-16 1.644115e+02 -1.115634e+01 2.828534e-18
1.156147004471804 -1.079228e+03 -5.699056e+03 2.127001e-16 -1.243304e+03 -5.687998e+03 2.098710e-16 1.640759e+02 -1.105792e+01 2.829035e-18
1.156790579831403 -1.131472e+03 -5.936243e+03 2.240143e-16 -1.295173e+03 -5.925293e+03 2.211847e-16 1.637014e+02 -1.095015e+01 2.829634e-18
1.157434090365912 -1.179343e+03 -6.153200e+03 2.343800e-16 -1.342623e+03 -6.142369e+03 2.315498e-16 1.632797e+02 -1.083118e+01 2.830281e-18
1.158077538792436 -1.190027e+03 -6.199858e+03 2.369071e-16 -1.352849e+03 -6.189154e+03 2.340762e-16 1.628223e+02 -1.070416e+01 2.830930e-18
1.158720927727586 -1.210005e+03 -6.288912e+03 2.413818e-16 -1.372344e+03 -6.278341e+03 2.385502e-16 1.623390e+02 -1.057136e+01 2.831537e-18
1.159364259660586 -1.208829e+03 -6.281033e+03 2.413568e-16 -1.370652e+03 -6.270602e+03 2.385247e-16 1.618232e+02 -1.043054e+01 2.832096e-18
1.160007537066649 -1.210338e+03 -6.285237e+03 2.418891e-16 -1.371604e+03 -6.274957e+03 2.390565e-16 1.612659e+02 -1.027965e+01 2.832608e-18
1.160650762307957 -1.194398e+03 -6.209351e+03 2.387017e-16 -1.355052e+03 -6.199235e+03 2.358686e-16 1.606542e+02 -1.011609e+01 2.833112e-18
1.161293937616708 -1.167335e+03 -6.082292e+03 2.331558e-16 -1.327318e+03 -6.072354e+03 2.303222e-16 1.599830e+02 -9.938449e+00 2.833618e-18
1.161937065138702 -1.143778e+03 -5.970131e+03 2.280446e-16 -1.302854e+03 -5.960432e+03 2.252098e-16 1.590760e+02 -9.699105e+00 2.834828e-18
1.162580146900687 -1.115229e+03 -5.834552e+03 2.219941e-16 -1.273278e+03 -5.825124e+03 2.191578e-16 1.580490e+02 -9.428761e+00 2.836246e-18
1.163223184863031 -1.082729e+03 -5.680667e+03 2.152102e-16 -1.239703e+03 -5.671521e+03 2.123725e-16 1.569736e+02 -9.145334e+00 2.837687e-18
1.163866180888844 -1.056501e+03 -5.555011e+03 2.096636e-16 -1.212304e+03 -5.546174e+03 2.068243e-16 1.558029e+02 -8.837044e+00 2.839317e-18
1.164509136700581 -1.038563e+03 -5.463404e+03 2.049032e-16 -1.192393e+03 -5.455084e+03 2.020597e-16 1.538300e+02 -8.319806e+00 2.843583e-18
1.165152053930139 -1.008811e+03 -5.317903e+03 1.986003e-16 -1.160700e+03 -5.310090e+03 1.957529e-16 1.518885e+02 -7.812405e+00 2.847407e-18
1.165794934136442 -9.857971e+02 -5.203461e+03 1.938227e-16 -1.135792e+03 -5.196140e+03 1.909721e-16 1.499950e+02 -7.321252e+00 2.850650e-18
1.166437778781693 -9.656533e+02 -5.102205e+03 1.896470e-16 -1.113765e+03 -5.095370e+03 1.867935e-16 1.481122e+02 -6.835341e+00 2.853504e-18
1.167080589279075 -9.413005e+02 -4.981706e+03 1.846379e-16 -1.087531e+03 -4.975352e+03 1.817818e-16 1.462310e+02 -6.353511e+00 2.856117e-18
1.167723366884426 -9.269466e+02 -4.906985e+03 1.817150e-16 -1.071303e+03 -4.901108e+03 1.788566e-16 1.443563e+02 -5.876840e+00 2.858319e-18
1.168366112728603 -9.070241e+02 -4.806748e+03 1.775158e-16 -1.049495e+03 -4.801339e+03 1.746554e-16 1.424710e+02 -5.408558e+00 2.860433e-18
1.169008827871994 -8.861979e+02 -4.702264e+03 1.732256e-16 -1.026755e+03 -4.697308e+03 1.703628e-16 1.405575e+02 -4.956027e+00 2.862774e-18
1.169651512878046 -8.641240e+02 -4.591868e+03 1.688881e-16 -1.002723e+03 -4.587361e+03 1.660230e-16 1.385990e+02 -4.506768e+00 2.865121e-18
1.170294169429571 -8.471128e+02 -4.504475e+03 1.655677e-16 -9.837204e+02 -4.500426e+03 1.627004e-16 1.366075e+02 -4.048403e+00 2.867252e-18
1.170936798315344 -8.322755e+02 -4.426882e+03 1.627213e-16 -9.668624e+02 -4.423302e+03 1.598521e-16 1.345868e+02 -3.579157e+00 2.869145e-18
1.171579400249154 -8.172379e+02 -4.348224e+03 1.598607e-16 -9.497741e+02 -4.345125e+03 1.569899e-16 1.325362e+02 -3.098540e+00 2.870829e-18
1.172221975848934 -8.074654e+02 -4.293458e+03 1.579340e-16 -9.379118e+02 -4.290857e+03 1.550617e-16 1.304465e+02 -2.601129e+00 2.872383e-18
1.172864525756344 -8.003554e+02 -4.250515e+03 1.564559e-16 -9.286436e+02 -4.248455e+03 1.535821e-16 1.282883e+02 -2.060012e+00 2.873772e-18
1.173503847283414 -8.099729e+02 -4.283986e+03 1.586618e-16 -9.360815e+02 -4.282483e+03 1.557869e-16 1.261085e+02 -1.503020e+00 2.874813e-18
1.174139259268212 -8.033814e+02 -4.243299e+03 1.574800e-16 -9.273094e+02 -4.242352e+03 1.546045e-16 1.239280e+02 -9.473761e-01 2.875508e-18
1.174770884981509 -7.969892e+02 -4.203363e+03 1.565762e-16 -9.187044e+02 -4.202984e+03 1.537003e-16 1.217152e+02 -3.783689e-01 2.875924e-18
1.175398846149244 -7.917185e+02 -4.168225e+03 1.558990e-16 -9.111521e+02 -4.168433e+03 1.530231e-16 1.194336e+02 2.086844e-01 2.875841e-18
1.17602326530074 -8.000380e+02 -4.194666e+03 1.580479e-16 -9.170637e+02 -4.195478e+03 1.551724e-16 1.170258e+02 8.122851e-01 2.875582e-18
1.176644251758313 -8.110085e+02 -4.232379e+03 1.606496e-16 -9.254431e+02 -4.233813e+03 1.577744e-16 1.144346e+02 1.434646e+00 2.875200e-18
1.177261900114264 -8.253657e+02 -4.284422e+03 1.637420e-16 -9.369564e+02 -4.286485e+03 1.608670e-16 1.115907e+02 2.063027e+00 2.875023e-18
1.177876318219504 -8.333285e+02 -4.305831e+03 1.659889e-16 -9.417654e+02 -4.308486e+03 1.631129e-16 1.084370e+02 2.655852e+00 2.875961e-18
1.178487614329305 -8.409777e+02 -4.323487e+03 1.680507e-16 -9.457314e+02 -4.326630e+03 1.651729e-16 1.047538e+02 3.143505e+00 2.877795e-18
1.179095889751107 -8.377363e+02 -4.296331e+03 1.669247e-16 -9.398956e+02 -4.299932e+03 1.640543e-16 1.021593e+02 3.601198e+00 2.870368e-18
1.179701264565115 -8.437251e+02 -4.311024e+03 1.689045e-16 -9.432199e+02 -4.315140e+03 1.660413e-16 9.949472e+01 4.116235e+00 2.863164e-18
1.180303847470457 -8.466453e+02 -4.311527e+03 1.702761e-16 -9.434509e+02 -4.316197e+03 1.674204e-16 9.680564e+01 4.669820e+00 2.855790e-18
1.18090373386803 -8.447182e+02 -4.290032e+03 1.706955e-16 -9.388768e+02 -4.295271e+03 1.678474e-16 9.415855e+01 5.238794e+00 2.848081e-18
1.181501015445223 -8.422185e+02 -4.266054e+03 1.710375e-16 -9.337622e+02 -4.271873e+03 1.681974e-16 9.154369e+01 5.818155e+00 2.840054e-18
1.182095780771895 -8.405652e+02 -4.246162e+03 1.715947e-16 -9.295413e+02 -4.252562e+03 1.687630e-16 8.897607e+01 6.399680e+00 2.831789e-18
1.182688116346361 -8.365783e+02 -4.215775e+03 1.716392e-16 -9.230266e+02 -4.222758e+03 1.688158e-16 8.644829e+01 6.983227e+00 2.823317e-18
1.183278102933693 -8.383005e+02 -4.211589e+03 1.726721e-16 -9.222425e+02 -4.219171e+03 1.698573e-16 8.394201e+01 7.581718e+00 2.814798e-18
1.183865811507056 -8.375648e+02 -4.196275e+03 1.732362e-16 -9.190265e+02 -4.204458e+03 1.704304e-16 8.146169e+01 8.182625e+00 2.805853e-18
1.1844513133012 -8.358924e+02 -4.176812e+03 1.734868e-16 -9.149051e+02 -4.185603e+03 1.706901e-16 7.901270e+01 8.791367e+00 2.796695e-18
1.185034678835202 -8.340805e+02 -4.156855e+03 1.737897e-16 -9.106759e+02 -4.166255e+03 1.710023e-16 7.659538e+01 9.399605e+00 2.787358e-18
1.18561597592767 -8.381895e+02 -4.162809e+03 1.752445e-16 -9.121237e+02 -4.172878e+03 1.724656e-16 7.393416e+01 1.006963e+01 2.778924e-18
1.186195270440684 -8.380369e+02 -4.149207e+03 1.758641e-16 -9.092986e+02 -4.159954e+03 1.730937e-16 7.126174e+01 1.074670e+01 2.770455e-18
1.186772625515057 -8.405023e+02 -4.147543e+03 1.770001e-16 -9.090844e+02 -4.158974e+03 1.742386e-16 6.858208e+01 1.143052e+01 2.761488e-18
1.18734810247282 -8.215573e+02 -4.047178e+03 1.781108e-16 -8.873098e+02 -4.059357e+03 1.753631e-16 6.575243e+01 1.217880e+01 2.747721e-18
1.187921760244941 -8.159796e+02 -4.007513e+03 1.802482e-16 -8.788124e+02 -4.020483e+03 1.775157e-16 6.283283e+01 1.296918e+01 2.732436e-18
1.188493655611445 -8.147158e+02 -3.987307e+03 1.817757e-16 -8.745748e+02 -4.001096e+03 1.790588e-16 5.985898e+01 1.378861e+01 2.716898e-18
1.189063843256063 -8.339471e+02 -4.061192e+03 1.826942e-16 -8.909003e+02 -4.075783e+03 1.799891e-16 5.695321e+01 1.459102e+01 2.705092e-18
1.18963238437967 -8.596009e+02 -4.164839e+03 1.836548e-16 -9.137298e+02 -4.180226e+03 1.809588e-16 5.412897e+01 1.538719e+01 2.695970e-18
1.190199286780735 -8.659450e+02 -4.179959e+03 1.843769e-16 -9.172165e+02 -4.196177e+03 1.816915e-16 5.127146e+01 1.621851e+01 2.685475e-18
1.190763415663034 -9.593445e+02 -4.593642e+03 2.003658e-16 -1.007778e+03 -4.610490e+03 1.976913e-16 4.843400e+01 1.684754e+01 2.674446e-18
1.191324661610277 -1.058117e+03 -5.032046e+03 2.185638e-16 -1.103720e+03 -5.049411e+03 2.159017e-16 4.560241e+01 1.736549e+01 2.662107e-18
1.191882892605482 -1.072517e+03 -5.083716e+03 2.203745e-16 -1.115137e+03 -5.101647e+03 2.177255e-16 4.262003e+01 1.793072e+01 2.649009e-18
1.192438167741913 -1.074951e+03 -5.080751e+03 2.204482e-16 -1.114609e+03 -5.099231e+03 2.178137e-16 3.965870e+01 1.847941e+01 2.634528e-18
1.192990559244276 -1.102925e+03 -5.193745e+03 2.249261e-16 -1.139440e+03 -5.212828e+03 2.223071e-16 3.651510e+01 1.908307e+01 2.619043e-18
1.193540117322603 -1.110808e+03 -5.214822e+03 2.262196e-16 -1.144174e+03 -5.234484e+03 2.236172e-16 3.336604e+01 1.966269e+01 2.602435e-18
1.194086910604102 -1.121470e+03 -5.248441e+03 2.278554e-16 -1.151647e+03 -5.268675e+03 2.252705e-16 3.017684e+01 2.023442e+01 2.584971e-18
1.194631009749676 -1.128665e+03 -5.265053e+03 2.287372e-16 -1.155392e+03 -5.285806e+03 2.261696e-16 2.672605e+01 2.075224e+01 2.567551e-18
1.195172480429788 -1.139811e+03 -5.299736e+03 2.301915e-16 -1.163082e+03 -5.320990e+03 2.276418e-16 2.327166e+01 2.125335e+01 2.549655e-18
1.195711388483002 -1.148915e+03 -5.325088e+03 2.313665e-16 -1.168733e+03 -5.346843e+03 2.288355e-16 1.981796e+01 2.175486e+01 2.531030e-18
1.196247798529462 -1.153865e+03 -5.331511e+03 2.316632e-16 -1.170246e+03 -5.353765e+03 2.291513e-16 1.638127e+01 2.225450e+01 2.511884e-18
1.196781776050579 -1.160163e+03 -5.344046e+03 2.321495e-16 -1.173096e+03 -5.366800e+03 2.296573e-16 1.293253e+01 2.275444e+01 2.492108e-18
1.197313381739201 -1.165749e+03 -5.353235e+03 2.326801e-16 -1.175218e+03 -5.376509e+03 2.302083e-16 9.468513e+00 2.327410e+01 2.471777e-18
1.197842681685896 -1.168710e+03 -5.350449e+03 2.329575e-16 -1.174730e+03 -5.374277e+03 2.305065e-16 6.020198e+00 2.382785e+01 2.451003e-18
1.198369740510087 -1.171090e+03 -5.345086e+03 2.331301e-16 -1.173685e+03 -5.369497e+03 2.307000e-16 2.595470e+00 2.441030e+01 2.430076e-18
1.198894619549861 -1.172602e+03 -5.335907e+03 2.331470e-16 -1.171811e+03 -5.360922e+03 2.307383e-16 -7.914316e-01 2.501546e+01 2.408631e-18
1.19941737698874 -1.175674e+03 -5.333790e+03 2.335304e-16 -1.171486e+03 -5.359434e+03 2.311438e-16 -4.188718e+00 2.564411e+01 2.386614e-18
1.199938069291731 -1.178124e+03 -5.328799e+03 2.337281e-16 -1.170537e+03 -5.355094e+03 2.313639e-16 -7.586614e+00 2.629476e+01 2.364173e-18
1.200456755869288 -1.182954e+03 -5.334622e+03 2.344163e-16 -1.171958e+03 -5.361596e+03 2.320749e-16 -1.099601e+01 2.697342e+01 2.341362e-18
1.200973490662079 -1.168946e+03 -5.254151e+03 2.311348e-16 -1.154524e+03 -5.281835e+03 2.288167e-16 -1.442221e+01 2.768385e+01 2.318060e-18
1.201488331992424 -1.174838e+03 -5.264512e+03 2.320639e-16 -1.156949e+03 -5.292929e+03 2.297696e-16 -1.788934e+01 2.841674e+01 2.294324e-18
1.20200132661016 -1.178840e+03 -5.265968e+03 2.325897e-16 -1.157430e+03 -5.295131e+03 2.303196e-16 -2.140958e+01 2.916338e+01 2.270071e-18
1.202512517780649 -1.180317e+03 -5.255493e+03 2.325666e-16 -1.155306e+03 -5.285413e+03 2.303214e-16 -2.501086e+01 2.991937e+01 2.245265e-18
1.203021946538227 -1.176614e+03 -5.222922e+03 2.318287e-16 -1.148327e+03 -5.253485e+03 2.296104e-16 -2.828722e+01 3.056355e+01 2.218248e-18
1.203529651137911 -1.184129e+03 -5.237348e+03 2.324721e-16 -1.151663e+03 -5.268746e+03 2.302784e-16 -3.246629e+01 3.139810e+01 2.193685e-18
1.204035666928672 -1.175609e+03 -5.178660e+03 2.303749e-16 -1.138990e+03 -5.210769e+03 2.282076e-16 -3.661874e+01 3.210920e+01 2.167273e-18
1.204540026536882 -1.174425e+03 -5.152854e+03 2.291974e-16 -1.133472e+03 -5.185526e+03 2.270571e-16 -4.095278e+01 3.267134e+01 2.140333e-18
1.205042759848755 -1.180173e+03 -5.164623e+03 2.277795e-16 -1.136183e+03 -5.197926e+03 2.256564e-16 -4.399084e+01 3.330385e+01 2.123044e-18
1.205543894312011 -1.180894e+03 -5.153228e+03 2.269544e-16 -1.133826e+03 -5.187147e+03 2.248497e-16 -4.706710e+01 3.391940e+01 2.104752e-18
