# Moment      
# CofR        : (0.000000e+00 0.000000e+00 0.000000e+00)
#
# Time        	total_x total_y total_z	pressure_x pressure_y pressure_z	viscous_x viscous_y viscous_z
0.006          -5.569552e-15 7.366762e-14 1.856215e+06 -5.569552e-15 7.366763e-14 1.856235e+06 3.428073e-22 -5.956343e-21 -1.981002e+01
0.0132         -5.616299e-15 7.429127e-14 1.867760e+06 -5.616302e-15 7.429131e-14 1.867803e+06 2.873426e-21 -4.041272e-20 -4.341906e+01
0.02184        -5.690351e-15 7.528047e-14 1.885170e+06 -5.690357e-15 7.528055e-14 1.885242e+06 5.535809e-21 -7.685100e-20 -7.136776e+01
0.032208       -5.769195e-15 7.633613e-14 1.900190e+06 -5.769202e-15 7.633624e-14 1.900294e+06 7.667533e-21 -1.065817e-19 -1.045507e+02
0.0438483      -5.835676e-15 7.723267e-14 1.906486e+06 -5.835684e-15 7.723279e-14 1.906628e+06 8.582427e-21 -1.203358e-19 -1.413666e+02
0.0533615      -5.840036e-15 7.730793e-14 1.890135e+06 -5.840044e-15 7.730803e-14 1.890306e+06 7.468278e-21 -1.069913e-19 -1.706709e+02
0.0612865      -5.837538e-15 7.729154e-14 1.871656e+06 -5.837542e-15 7.729161e-14 1.871850e+06 4.634127e-21 -7.080382e-20 -1.941762e+02
0.0682593      -5.835952e-15 7.728683e-14 1.854587e+06 -5.835953e-15 7.728685e-14 1.854801e+06 1.151643e-21 -2.588235e-20 -2.139049e+02
0.0745734      -5.829641e-15 7.721916e-14 1.837865e+06 -5.829639e-15 7.721914e-14 1.838096e+06 -2.363870e-21 1.967355e-20 -2.308154e+02
0.0803954      -5.828746e-15 7.722139e-14 1.822536e+06 -5.828740e-15 7.722133e-14 1.822782e+06 -5.622488e-21 6.202455e-20 -2.456022e+02
0.085832       -5.826070e-15 7.720105e-14 1.808224e+06 -5.826062e-15 7.720095e-14 1.808482e+06 -8.081738e-21 9.409687e-20 -2.586680e+02
0.0909562      -5.814713e-15 7.706910e-14 1.794030e+06 -5.814703e-15 7.706899e-14 1.794301e+06 -9.578309e-21 1.137318e-19 -2.702245e+02
0.0958208      -5.801774e-15 7.691646e-14 1.779602e+06 -5.801764e-15 7.691633e-14 1.779882e+06 -1.050755e-20 1.259899e-19 -2.803222e+02
0.100465       -5.777867e-15 7.661976e-14 1.763064e+06 -5.777856e-15 7.661963e-14 1.763353e+06 -1.106091e-20 1.333444e-19 -2.890532e+02
0.104921       -5.747757e-15 7.624215e-14 1.746787e+06 -5.747745e-15 7.624202e-14 1.747084e+06 -1.133099e-20 1.369913e-19 -2.966051e+02
0.109211       -5.714259e-15 7.582067e-14 1.730567e+06 -5.714247e-15 7.582053e-14 1.730870e+06 -1.143853e-20 1.384966e-19 -3.030354e+02
0.113356       -5.673941e-15 7.531058e-14 1.712535e+06 -5.673930e-15 7.531044e-14 1.712844e+06 -1.155236e-20 1.400543e-19 -3.084483e+02
0.117371       -5.630858e-15 7.476463e-14 1.694772e+06 -5.630846e-15 7.476449e-14 1.695085e+06 -1.173331e-20 1.424588e-19 -3.129299e+02
0.12127        -5.587750e-15 7.421952e-14 1.678153e+06 -5.587739e-15 7.421937e-14 1.678469e+06 -1.193213e-20 1.450736e-19 -3.165809e+02
0.125065       -5.539348e-15 7.360460e-14 1.660062e+06 -5.539336e-15 7.360445e-14 1.660381e+06 -1.216983e-20 1.481608e-19 -3.194335e+02
0.128764       -5.492727e-15 7.301462e-14 1.642773e+06 -5.492714e-15 7.301447e-14 1.643094e+06 -1.247270e-20 1.520935e-19 -3.215822e+02
0.132376       -5.443138e-15 7.238586e-14 1.624677e+06 -5.443125e-15 7.238570e-14 1.625000e+06 -1.283718e-20 1.568301e-19 -3.230830e+02
0.135908       -5.393540e-15 7.175702e-14 1.606660e+06 -5.393527e-15 7.175685e-14 1.606984e+06 -1.329662e-20 1.628115e-19 -3.240027e+02
0.139367       -5.340976e-15 7.108858e-14 1.587772e+06 -5.340962e-15 7.108841e-14 1.588097e+06 -1.384308e-20 1.699335e-19 -3.243829e+02
0.142757       -5.290947e-15 7.045414e-14 1.569006e+06 -5.290932e-15 7.045396e-14 1.569330e+06 -1.447287e-20 1.781485e-19 -3.242689e+02
0.146085       -5.242271e-15 6.983779e-14 1.550386e+06 -5.242256e-15 6.983760e-14 1.550709e+06 -1.517524e-20 1.873162e-19 -3.237011e+02
0.149349       -5.189734e-15 6.917072e-14 1.530368e+06 -5.189718e-15 6.917052e-14 1.530690e+06 -1.592733e-20 1.971388e-19 -3.227110e+02
0.152546       -5.135666e-15 6.848375e-14 1.510103e+06 -5.135649e-15 6.848355e-14 1.510424e+06 -1.670886e-20 2.073504e-19 -3.213328e+02
0.15568        -5.077781e-15 6.774766e-14 1.489642e+06 -5.077764e-15 6.774744e-14 1.489962e+06 -1.737591e-20 2.160891e-19 -3.195995e+02
0.158754       -5.004349e-15 6.680978e-14 1.467855e+06 -5.004331e-15 6.680956e-14 1.468172e+06 -1.762685e-20 2.194517e-19 -3.175231e+02
0.161772       -4.983995e-15 6.656352e-14 1.451817e+06 -4.983977e-15 6.656329e-14 1.452133e+06 -1.832998e-20 2.286447e-19 -3.152439e+02
0.164737       -4.945620e-15 6.608243e-14 1.433441e+06 -4.945601e-15 6.608221e-14 1.433754e+06 -1.816202e-20 2.265585e-19 -3.127730e+02
0.167654       -4.928065e-15 6.587091e-14 1.415672e+06 -4.928048e-15 6.587069e-14 1.415982e+06 -1.760395e-20 2.194229e-19 -3.101984e+02
0.170523       -4.940326e-15 6.604159e-14 1.395410e+06 -4.940309e-15 6.604137e-14 1.395717e+06 -1.764527e-20 2.200952e-19 -3.075260e+02
0.173348       -4.961124e-15 6.632119e-14 1.373069e+06 -4.961106e-15 6.632096e-14 1.373374e+06 -1.852377e-20 2.316789e-19 -3.047541e+02
0.176132       -4.959170e-15 6.630998e-14 1.353399e+06 -4.959151e-15 6.630974e-14 1.353701e+06 -1.893515e-20 2.372517e-19 -3.019322e+02
0.178875       -4.955078e-15 6.627113e-14 1.333006e+06 -4.955059e-15 6.627089e-14 1.333305e+06 -1.890865e-20 2.371924e-19 -2.990740e+02
0.181581       -4.955613e-15 6.629290e-14 1.313165e+06 -4.955595e-15 6.629267e-14 1.313461e+06 -1.846947e-20 2.318291e-19 -2.961940e+02
0.18425        -4.954828e-15 6.629734e-14 1.293146e+06 -4.954811e-15 6.629712e-14 1.293439e+06 -1.751327e-20 2.197879e-19 -2.932723e+02
0.186886       -4.960601e-15 6.638661e-14 1.272482e+06 -4.960585e-15 6.638640e-14 1.272773e+06 -1.635864e-20 2.052110e-19 -2.903302e+02
0.189488       -4.967411e-15 6.648923e-14 1.251831e+06 -4.967396e-15 6.648905e-14 1.252118e+06 -1.490466e-20 1.867774e-19 -2.873918e+02
0.19206        -4.980874e-15 6.667930e-14 1.231891e+06 -4.980860e-15 6.667913e-14 1.232176e+06 -1.322074e-20 1.654118e-19 -2.844739e+02
0.194601       -4.989196e-15 6.680265e-14 1.210509e+06 -4.989185e-15 6.680251e-14 1.210791e+06 -1.124402e-20 1.402772e-19 -2.815029e+02
0.197114       -4.992295e-15 6.685769e-14 1.187353e+06 -4.992286e-15 6.685758e-14 1.187632e+06 -8.784955e-21 1.089288e-19 -2.784516e+02
0.1996         -5.002625e-15 6.700675e-14 1.164650e+06 -5.002619e-15 6.700668e-14 1.164925e+06 -5.990102e-21 7.326440e-20 -2.753282e+02
0.202059       -5.021030e-15 6.726115e-14 1.143031e+06 -5.021027e-15 6.726112e-14 1.143303e+06 -2.966171e-21 3.463677e-20 -2.721100e+02
0.204492       -5.057221e-15 6.774817e-14 1.121257e+06 -5.057220e-15 6.774816e-14 1.121526e+06 -4.302847e-22 2.369515e-21 -2.688458e+02
0.206902       -5.054000e-15 6.771774e-14 1.098088e+06 -5.054003e-15 6.771779e-14 1.098354e+06 3.397897e-21 -4.666128e-20 -2.655530e+02
0.209288       -5.078668e-15 6.805378e-14 1.076810e+06 -5.078676e-15 6.805388e-14 1.077073e+06 7.552362e-21 -9.991251e-20 -2.622546e+02
0.211652       -5.101444e-15 6.836372e-14 1.053076e+06 -5.101456e-15 6.836388e-14 1.053335e+06 1.212747e-20 -1.586546e-19 -2.588745e+02
0.213994       -5.124934e-15 6.868480e-14 1.029433e+06 -5.124952e-15 6.868502e-14 1.029688e+06 1.710771e-20 -2.226655e-19 -2.553261e+02
0.216315       -5.156011e-15 6.910363e-14 1.006331e+06 -5.156033e-15 6.910392e-14 1.006583e+06 2.231828e-20 -2.897038e-19 -2.517073e+02
0.218616       -5.192729e-15 6.959572e-14 9.836674e+05 -5.192757e-15 6.959608e-14 9.839155e+05 2.782239e-20 -3.605903e-19 -2.480709e+02
0.220898       -5.231572e-15 7.011534e-14 9.608075e+05 -5.231606e-15 7.011578e-14 9.610519e+05 3.366509e-20 -4.359143e-19 -2.444366e+02
0.223161       -5.271937e-15 7.065442e-14 9.376636e+05 -5.271977e-15 7.065494e-14 9.379044e+05 3.986938e-20 -5.159863e-19 -2.408272e+02
0.225406       -5.315857e-15 7.124013e-14 9.154428e+05 -5.315903e-15 7.124073e-14 9.156801e+05 4.645831e-20 -6.010863e-19 -2.372553e+02
0.227633       -5.358976e-15 7.181459e-14 8.926067e+05 -5.359029e-15 7.181528e-14 8.928404e+05 5.360087e-20 -6.934796e-19 -2.336615e+02
0.229843       -5.403325e-15 7.240516e-14 8.691120e+05 -5.403386e-15 7.240595e-14 8.693420e+05 6.124133e-20 -7.924175e-19 -2.300677e+02
0.232038       -5.437776e-15 7.286619e-14 8.427930e+05 -5.437846e-15 7.286710e-14 8.430195e+05 6.976752e-20 -9.029083e-19 -2.264230e+02
0.234216       -5.487053e-15 7.352095e-14 8.203576e+05 -5.487132e-15 7.352197e-14 8.205803e+05 7.889374e-20 -1.021271e-18 -2.227253e+02
0.236379       -5.535767e-15 7.416805e-14 7.959273e+05 -5.535855e-15 7.416920e-14 7.961463e+05 8.845948e-20 -1.145432e-18 -2.189566e+02
0.238528       -5.589148e-15 7.487642e-14 7.730056e+05 -5.589247e-15 7.487770e-14 7.732208e+05 9.856041e-20 -1.276644e-18 -2.151830e+02
0.240662       -5.641230e-15 7.556775e-14 7.492533e+05 -5.641339e-15 7.556916e-14 7.494647e+05 1.091169e-19 -1.413823e-18 -2.114196e+02
0.242782       -5.692399e-15 7.624604e-14 7.248758e+05 -5.692519e-15 7.624760e-14 7.250834e+05 1.202314e-19 -1.558367e-18 -2.075585e+02
0.244889       -5.745481e-15 7.694980e-14 6.995645e+05 -5.745612e-15 7.695151e-14 6.997680e+05 1.317162e-19 -1.707811e-18 -2.035212e+02
0.246984       -5.803445e-15 7.771764e-14 6.753046e+05 -5.803588e-15 7.771951e-14 6.755040e+05 1.436178e-19 -1.862752e-18 -1.993872e+02
0.249065       -5.850188e-15 7.833643e-14 6.503334e+05 -5.850344e-15 7.833846e-14 6.505286e+05 1.560047e-19 -2.024120e-18 -1.951620e+02
0.251135       -5.899874e-15 7.899450e-14 6.250505e+05 -5.900042e-15 7.899669e-14 6.252414e+05 1.686667e-19 -2.189182e-18 -1.908596e+02
0.253193       -5.954959e-15 7.972399e-14 6.011933e+05 -5.955141e-15 7.972635e-14 6.013798e+05 1.814784e-19 -2.356253e-18 -1.864880e+02
0.25524        -6.005668e-15 8.039564e-14 5.751423e+05 -6.005863e-15 8.039817e-14 5.753242e+05 1.943533e-19 -2.524215e-18 -1.819584e+02
0.257276       -6.053996e-15 8.103447e-14 5.482871e+05 -6.054203e-15 8.103717e-14 5.484641e+05 2.073698e-19 -2.694220e-18 -1.770833e+02
0.259301       -6.106974e-15 8.173430e-14 5.234608e+05 -6.107194e-15 8.173716e-14 5.236329e+05 2.206025e-19 -2.867151e-18 -1.721252e+02
0.261316       -6.158519e-15 8.241487e-14 4.984578e+05 -6.158754e-15 8.241792e-14 4.986249e+05 2.341043e-19 -3.043681e-18 -1.670943e+02
0.263321       -6.210202e-15 8.309741e-14 4.734946e+05 -6.210450e-15 8.310063e-14 4.736566e+05 2.479012e-19 -3.224145e-18 -1.619903e+02
0.265315       -6.261379e-15 8.377311e-14 4.485167e+05 -6.261641e-15 8.377652e-14 4.486735e+05 2.619924e-19 -3.408531e-18 -1.568096e+02
0.267301       -6.310785e-15 8.442535e-14 4.231167e+05 -6.311062e-15 8.442895e-14 4.232683e+05 2.763640e-19 -3.596647e-18 -1.515452e+02
0.269277       -6.361787e-15 8.509853e-14 3.982305e+05 -6.362078e-15 8.510232e-14 3.983767e+05 2.910226e-19 -3.788580e-18 -1.462137e+02
0.271243       -6.408885e-15 8.571967e-14 3.725109e+05 -6.409191e-15 8.572365e-14 3.726516e+05 3.060243e-19 -3.985081e-18 -1.407572e+02
0.273201       -6.456766e-15 8.635118e-14 3.472050e+05 -6.457088e-15 8.635537e-14 3.473402e+05 3.213096e-19 -4.185354e-18 -1.351960e+02
0.27515        -6.501030e-15 8.693310e-14 3.204223e+05 -6.501366e-15 8.693749e-14 3.205519e+05 3.366660e-19 -4.386635e-18 -1.295595e+02
0.277091       -6.539838e-15 8.744767e-14 2.953456e+05 -6.540190e-15 8.745227e-14 2.954695e+05 3.527250e-19 -4.597102e-18 -1.238619e+02
0.279023       -6.585135e-15 8.804599e-14 2.701014e+05 -6.585504e-15 8.805080e-14 2.702194e+05 3.691578e-19 -4.812480e-18 -1.180349e+02
0.280947       -6.639209e-15 8.875723e-14 2.431714e+05 -6.639594e-15 8.876225e-14 2.432833e+05 3.852128e-19 -5.023002e-18 -1.119139e+02
0.282863       -6.683094e-15 8.933205e-14 2.150627e+05 -6.683494e-15 8.933728e-14 2.151681e+05 4.006689e-19 -5.225801e-18 -1.054204e+02
0.284771       -6.691340e-15 8.944449e-14 1.894301e+05 -6.691757e-15 8.944993e-14 1.895287e+05 4.169341e-19 -5.439129e-18 -9.860488e+01
0.286672       -6.719802e-15 8.981934e-14 1.608416e+05 -6.720235e-15 8.982499e-14 1.609330e+05 4.331791e-19 -5.652189e-18 -9.140686e+01
0.288564       -6.748910e-15 9.020405e-14 1.342041e+05 -6.749359e-15 9.020992e-14 1.342880e+05 4.491271e-19 -5.861397e-18 -8.392242e+01
0.290448       -6.788940e-15 9.073046e-14 1.052028e+05 -6.789404e-15 9.073651e-14 1.052787e+05 4.634677e-19 -6.049731e-18 -7.581715e+01
0.292323       -6.812474e-15 9.104088e-14 7.673459e+04 -6.812951e-15 9.104711e-14 7.680195e+04 4.772439e-19 -6.230731e-18 -6.735820e+01
0.294189       -6.831733e-15 9.129739e-14 5.209472e+04 -6.832224e-15 9.130379e-14 5.215337e+04 4.905111e-19 -6.405100e-18 -5.864687e+01
0.296047       -6.818514e-15 9.112476e-14 2.538381e+04 -6.819018e-15 9.113134e-14 2.543354e+04 5.040544e-19 -6.583051e-18 -4.972483e+01
0.297896       -6.817838e-15 9.111691e-14 -2.603282e+03 -6.818354e-15 9.112366e-14 -2.562704e+03 5.161640e-19 -6.742355e-18 -4.057849e+01
0.299736       -6.815410e-15 9.108801e-14 -2.920452e+04 -6.815938e-15 9.109491e-14 -2.917322e+04 5.276258e-19 -6.893215e-18 -3.129510e+01
0.301569       -6.803194e-15 9.092942e-14 -5.700339e+04 -6.803732e-15 9.093645e-14 -5.698158e+04 5.383969e-19 -7.035053e-18 -2.180823e+01
0.303394       -6.784580e-15 9.068659e-14 -8.512625e+04 -6.785129e-15 9.069375e-14 -8.511413e+04 5.484583e-19 -7.167613e-18 -1.211872e+01
0.30521        -6.764562e-15 9.042679e-14 -1.121727e+05 -6.765119e-15 9.043408e-14 -1.121705e+05 5.578450e-19 -7.291372e-18 -2.231189e+00
0.307018       -6.736673e-15 9.006320e-14 -1.400787e+05 -6.737240e-15 9.007060e-14 -1.400866e+05 5.665555e-19 -7.406318e-18 7.853057e+00
0.308817       -6.704694e-15 8.964586e-14 -1.680391e+05 -6.705268e-15 8.965337e-14 -1.680573e+05 5.745812e-19 -7.512336e-18 1.813745e+01
0.310608       -6.679102e-15 8.931412e-14 -1.958857e+05 -6.679684e-15 8.932172e-14 -1.959143e+05 5.817585e-19 -7.607287e-18 2.863479e+01
0.312389       -6.605244e-15 8.834330e-14 -2.242441e+05 -6.605833e-15 8.835100e-14 -2.242834e+05 5.889974e-19 -7.703152e-18 3.925050e+01
0.314163       -6.549819e-15 8.761761e-14 -2.527086e+05 -6.550415e-15 8.762541e-14 -2.527586e+05 5.959225e-19 -7.795017e-18 5.003059e+01
0.315929       -6.489249e-15 8.682309e-14 -2.812695e+05 -6.489852e-15 8.683097e-14 -2.813304e+05 6.024311e-19 -7.881483e-18 6.096275e+01
0.317686       -6.433682e-15 8.609663e-14 -3.105541e+05 -6.434290e-15 8.610459e-14 -3.106264e+05 6.082984e-19 -7.959643e-18 7.231276e+01
0.319437       -6.370324e-15 8.526765e-14 -3.404434e+05 -6.370937e-15 8.527568e-14 -3.405276e+05 6.137433e-19 -8.032416e-18 8.419359e+01
0.32118        -6.297965e-15 8.432040e-14 -3.697093e+05 -6.298584e-15 8.432850e-14 -3.698057e+05 6.191953e-19 -8.105415e-18 9.642372e+01
0.322915       -6.216971e-15 8.325948e-14 -3.993645e+05 -6.217595e-15 8.326766e-14 -3.994734e+05 6.247308e-19 -8.179653e-18 1.089339e+02
0.324644       -6.135662e-15 8.219449e-14 -4.315180e+05 -6.136292e-15 8.220274e-14 -4.316403e+05 6.299006e-19 -8.249308e-18 1.222875e+02
0.326366       -6.037918e-15 8.091421e-14 -4.609062e+05 -6.038553e-15 8.092254e-14 -4.610420e+05 6.353351e-19 -8.322583e-18 1.358091e+02
0.328081       -5.943767e-15 7.968237e-14 -4.892980e+05 -5.944407e-15 7.969077e-14 -4.894475e+05 6.407426e-19 -8.395667e-18 1.494887e+02
0.329789       -5.834015e-15 7.824426e-14 -5.182573e+05 -5.834661e-15 7.825273e-14 -5.184206e+05 6.462427e-19 -8.470147e-18 1.633142e+02
0.331492       -5.701864e-15 7.650952e-14 -5.465951e+05 -5.702516e-15 7.651808e-14 -5.467724e+05 6.524851e-19 -8.554562e-18 1.772952e+02
0.333188       -5.582788e-15 7.494876e-14 -5.785268e+05 -5.583447e-15 7.495740e-14 -5.787182e+05 6.585301e-19 -8.636653e-18 1.914296e+02
0.334877       -5.455183e-15 7.327586e-14 -6.110038e+05 -5.455847e-15 7.328458e-14 -6.112094e+05 6.640848e-19 -8.712608e-18 2.055838e+02
0.336561       -5.318688e-15 7.148616e-14 -6.406594e+05 -5.319357e-15 7.149495e-14 -6.408791e+05 6.696624e-19 -8.789129e-18 2.196946e+02
0.338239       -5.175840e-15 6.961273e-14 -6.706681e+05 -5.176516e-15 6.962160e-14 -6.709019e+05 6.752858e-19 -8.866545e-18 2.337982e+02
0.339911       -5.028300e-15 6.767883e-14 -7.022818e+05 -5.028981e-15 6.768777e-14 -7.025298e+05 6.805306e-19 -8.939072e-18 2.479992e+02
0.341577       -4.887909e-15 6.583827e-14 -7.302221e+05 -4.888595e-15 6.584728e-14 -7.304844e+05 6.855511e-19 -9.008910e-18 2.622242e+02
0.343238       -4.709823e-15 6.350098e-14 -7.648978e+05 -4.710514e-15 6.351006e-14 -7.651743e+05 6.907636e-19 -9.081516e-18 2.765301e+02
0.344893       -4.545015e-15 6.133849e-14 -7.962005e+05 -4.545711e-15 6.134764e-14 -7.964913e+05 6.958029e-19 -9.152084e-18 2.908895e+02
0.346543       -4.373524e-15 5.908786e-14 -8.266776e+05 -4.374225e-15 5.909708e-14 -8.269829e+05 7.008585e-19 -9.223151e-18 3.053085e+02
0.348188       -4.199940e-15 5.681097e-14 -8.574159e+05 -4.200646e-15 5.682026e-14 -8.577357e+05 7.058403e-19 -9.293470e-18 3.197798e+02
0.349827       -4.012145e-15 5.434277e-14 -8.865129e+05 -4.012856e-15 5.435213e-14 -8.868471e+05 7.109790e-19 -9.366109e-18 3.342298e+02
0.351461       -3.818124e-15 5.179342e-14 -9.199799e+05 -3.818840e-15 5.180285e-14 -9.203287e+05 7.159124e-19 -9.436220e-18 3.487394e+02
0.35309        -3.621606e-15 4.921153e-14 -9.525787e+05 -3.622327e-15 4.922103e-14 -9.529419e+05 7.207119e-19 -9.504724e-18 3.632607e+02
0.354714       -3.418201e-15 4.653850e-14 -9.876316e+05 -3.418926e-15 4.654808e-14 -9.880099e+05 7.254992e-19 -9.573218e-18 3.782737e+02
0.356333       -3.208230e-15 4.377857e-14 -1.022730e+06 -3.208960e-15 4.378821e-14 -1.023124e+06 7.303188e-19 -9.642280e-18 3.937803e+02
0.357947       -2.993833e-15 4.095996e-14 -1.057060e+06 -2.994569e-15 4.096967e-14 -1.057469e+06 7.351531e-19 -9.711669e-18 4.095837e+02
0.359557       -2.775564e-15 3.809017e-14 -1.090977e+06 -2.776305e-15 3.809995e-14 -1.091403e+06 7.401152e-19 -9.782885e-18 4.256056e+02
0.361161       -2.549084e-15 3.511137e-14 -1.128178e+06 -2.549830e-15 3.512122e-14 -1.128620e+06 7.452445e-19 -9.856396e-18 4.423772e+02
0.362761       -2.318106e-15 3.207330e-14 -1.162915e+06 -2.318856e-15 3.208323e-14 -1.163375e+06 7.506290e-19 -9.933366e-18 4.594314e+02
0.364356       -2.080616e-15 2.894896e-14 -1.197421e+06 -2.081372e-15 2.895898e-14 -1.197897e+06 7.563102e-19 -1.001435e-17 4.765771e+02
0.365947       -1.837001e-15 2.574262e-14 -1.231461e+06 -1.837763e-15 2.575273e-14 -1.231954e+06 7.624570e-19 -1.010160e-17 4.937719e+02
0.367533       -1.594891e-15 2.255845e-14 -1.266733e+06 -1.595659e-15 2.256864e-14 -1.267244e+06 7.686320e-19 -1.018925e-17 5.110392e+02
0.369115       -1.348672e-15 1.931946e-14 -1.302663e+06 -1.349447e-15 1.932974e-14 -1.303192e+06 7.750541e-19 -1.028022e-17 5.283782e+02
0.370692       -1.088281e-15 1.588945e-14 -1.337020e+06 -1.089062e-15 1.589982e-14 -1.337566e+06 7.816446e-19 -1.037354e-17 5.457893e+02
0.372265       -8.291077e-16 1.247773e-14 -1.373986e+06 -8.298963e-16 1.248820e-14 -1.374549e+06 7.885406e-19 -1.047100e-17 5.632654e+02
0.373833       -5.653275e-16 9.004979e-15 -1.409829e+06 -5.661231e-16 9.015550e-15 -1.410410e+06 7.956127e-19 -1.057088e-17 5.807774e+02
0.375398       -2.980125e-16 5.485127e-15 -1.445688e+06 -2.988153e-16 5.495799e-15 -1.446286e+06 8.028292e-19 -1.067276e-17 5.983588e+02
0.376958       -2.865858e-17 1.938149e-15 -1.481332e+06 -2.946872e-17 1.948925e-15 -1.481948e+06 8.101400e-19 -1.077600e-17 6.160433e+02
0.378514       2.439071e-16 -1.651431e-15 -1.516752e+06 2.430896e-16 -1.640551e-15 -1.517386e+06 8.174892e-19 -1.087984e-17 6.338606e+02
0.380066       5.239621e-16 -5.340482e-15 -1.553643e+06 5.231373e-16 -5.329499e-15 -1.554295e+06 8.248165e-19 -1.098351e-17 6.518384e+02
0.381614       8.154768e-16 -9.181212e-15 -1.593985e+06 8.146448e-16 -9.170126e-15 -1.594655e+06 8.320504e-19 -1.108608e-17 6.700208e+02
0.383158       1.106096e-15 -1.300967e-14 -1.631799e+06 1.105257e-15 -1.299848e-14 -1.632488e+06 8.391810e-19 -1.118740e-17 6.884721e+02
0.384668       1.378667e-15 -1.660307e-14 -1.666753e+06 1.377822e-15 -1.659179e-14 -1.667459e+06 8.452672e-19 -1.127511e-17 7.062872e+02
0.38613        1.667167e-15 -2.040399e-14 -1.705621e+06 1.666316e-15 -2.039264e-14 -1.706344e+06 8.507136e-19 -1.135430e-17 7.234851e+02
0.387577       1.945927e-15 -2.407864e-14 -1.740656e+06 1.945070e-15 -2.406721e-14 -1.741397e+06 8.562209e-19 -1.143417e-17 7.407525e+02
0.389018       2.223436e-15 -2.773731e-14 -1.775671e+06 2.222574e-15 -2.772579e-14 -1.776429e+06 8.618067e-19 -1.151505e-17 7.581602e+02
0.390458       2.496319e-15 -3.133558e-14 -1.811373e+06 2.495451e-15 -3.132398e-14 -1.812149e+06 8.674396e-19 -1.159656e-17 7.759208e+02
0.391896       2.777925e-15 -3.505651e-14 -1.845849e+06 2.777051e-15 -3.504483e-14 -1.846643e+06 8.735963e-19 -1.168518e-17 7.941175e+02
0.393333       3.081080e-15 -3.905706e-14 -1.885844e+06 3.080200e-15 -3.904528e-14 -1.886657e+06 8.800680e-19 -1.177790e-17 8.128623e+02
0.394766       3.365730e-15 -4.281087e-14 -1.923013e+06 3.364842e-15 -4.279899e-14 -1.923846e+06 8.873836e-19 -1.188170e-17 8.320955e+02
0.396197       3.657399e-15 -4.665965e-14 -1.960852e+06 3.656504e-15 -4.664765e-14 -1.961704e+06 8.955298e-19 -1.199648e-17 8.517835e+02
0.397625       3.942036e-15 -5.041443e-14 -2.000224e+06 3.941132e-15 -5.040231e-14 -2.001097e+06 9.041542e-19 -1.211761e-17 8.724470e+02
0.39905        4.238206e-15 -5.432277e-14 -2.039805e+06 4.237293e-15 -5.431053e-14 -2.040698e+06 9.128446e-19 -1.223966e-17 8.936402e+02
0.400471       4.537571e-15 -5.827404e-14 -2.077378e+06 4.536649e-15 -5.826168e-14 -2.078293e+06 9.215041e-19 -1.236132e-17 9.151060e+02
0.40189        4.832461e-15 -6.216642e-14 -2.115005e+06 4.831531e-15 -6.215394e-14 -2.115942e+06 9.301634e-19 -1.248297e-17 9.368444e+02
0.403306       5.143201e-15 -6.626981e-14 -2.153190e+06 5.142262e-15 -6.625720e-14 -2.154149e+06 9.387880e-19 -1.260416e-17 9.588253e+02
0.404719       5.449317e-15 -7.031096e-14 -2.190987e+06 5.448369e-15 -7.029824e-14 -2.191968e+06 9.472290e-19 -1.272296e-17 9.810808e+02
0.406129       5.755036e-15 -7.434783e-14 -2.229833e+06 5.754081e-15 -7.433499e-14 -2.230837e+06 9.555794e-19 -1.284056e-17 1.003614e+03
0.407536       6.059248e-15 -7.836371e-14 -2.267796e+06 6.058284e-15 -7.835075e-14 -2.268822e+06 9.635794e-19 -1.295358e-17 1.026439e+03
0.408941       6.367743e-15 -8.243922e-14 -2.307268e+06 6.366772e-15 -8.242616e-14 -2.308318e+06 9.715803e-19 -1.306657e-17 1.049532e+03
0.410343       6.672542e-15 -8.646515e-14 -2.346789e+06 6.671562e-15 -8.645197e-14 -2.347862e+06 9.796078e-19 -1.317988e-17 1.072906e+03
0.411741       6.996856e-15 -9.075275e-14 -2.385756e+06 6.995869e-15 -9.073947e-14 -2.386853e+06 9.867822e-19 -1.328192e-17 1.096512e+03
0.413138       7.309307e-15 -9.488179e-14 -2.425507e+06 7.308313e-15 -9.486841e-14 -2.426628e+06 9.936686e-19 -1.338011e-17 1.120400e+03
0.414531       7.625535e-15 -9.906249e-14 -2.466371e+06 7.624536e-15 -9.904902e-14 -2.467515e+06 9.998667e-19 -1.346913e-17 1.144555e+03
0.415922       7.947260e-15 -1.033151e-13 -2.507948e+06 7.946254e-15 -1.033015e-13 -2.509117e+06 1.005687e-18 -1.355304e-17 1.169013e+03
0.41731        8.262676e-15 -1.074854e-13 -2.548058e+06 8.261665e-15 -1.074717e-13 -2.549252e+06 1.010956e-18 -1.362957e-17 1.193769e+03
0.418695       8.582450e-15 -1.117140e-13 -2.589551e+06 8.581435e-15 -1.117003e-13 -2.590770e+06 1.015597e-18 -1.369770e-17 1.218824e+03
0.420078       8.909288e-15 -1.160368e-13 -2.632827e+06 8.908268e-15 -1.160230e-13 -2.634071e+06 1.019595e-18 -1.375722e-17 1.244171e+03
0.421459       9.226495e-15 -1.202323e-13 -2.673937e+06 9.225473e-15 -1.202185e-13 -2.675207e+06 1.022699e-18 -1.380482e-17 1.269820e+03
0.422835       9.546604e-15 -1.244671e-13 -2.715668e+06 9.545580e-15 -1.244533e-13 -2.716964e+06 1.024884e-18 -1.384015e-17 1.295704e+03
0.424205       9.872641e-15 -1.287833e-13 -2.756740e+06 9.871615e-15 -1.287694e-13 -2.758062e+06 1.026760e-18 -1.387124e-17 1.321706e+03
0.425569       1.019368e-14 -1.330322e-13 -2.799916e+06 1.019266e-14 -1.330183e-13 -2.801264e+06 1.027496e-18 -1.388715e-17 1.347807e+03
0.426928       1.052882e-14 -1.374667e-13 -2.843514e+06 1.052780e-14 -1.374528e-13 -2.844889e+06 1.028695e-18 -1.390895e-17 1.374694e+03
0.428281       1.086554e-14 -1.419234e-13 -2.888137e+06 1.086451e-14 -1.419095e-13 -2.889539e+06 1.029439e-18 -1.392454e-17 1.402193e+03
0.429629       1.119398e-14 -1.462717e-13 -2.931298e+06 1.119295e-14 -1.462577e-13 -2.932728e+06 1.029514e-18 -1.393111e-17 1.430128e+03
0.430971       1.152694e-14 -1.506806e-13 -2.976297e+06 1.152591e-14 -1.506667e-13 -2.977756e+06 1.029030e-18 -1.393010e-17 1.458412e+03
0.432308       1.186235e-14 -1.551221e-13 -3.021245e+06 1.186133e-14 -1.551082e-13 -3.022732e+06 1.028296e-18 -1.392560e-17 1.487041e+03
0.43364        1.221431e-14 -1.597823e-13 -3.068227e+06 1.221328e-14 -1.597684e-13 -3.069744e+06 1.028872e-18 -1.393808e-17 1.516754e+03
0.434967       1.253640e-14 -1.640491e-13 -3.110504e+06 1.253537e-14 -1.640352e-13 -3.112051e+06 1.028194e-18 -1.393381e-17 1.546636e+03
0.436288       1.286477e-14 -1.683995e-13 -3.155121e+06 1.286374e-14 -1.683856e-13 -3.156698e+06 1.027167e-18 -1.392473e-17 1.576665e+03
0.437605       1.318920e-14 -1.726987e-13 -3.198393e+06 1.318817e-14 -1.726847e-13 -3.200000e+06 1.025902e-18 -1.391234e-17 1.606824e+03
0.438916       1.351712e-14 -1.770478e-13 -3.240158e+06 1.351610e-14 -1.770339e-13 -3.241795e+06 1.023943e-18 -1.389062e-17 1.637042e+03
0.440223       1.384963e-14 -1.814540e-13 -3.287164e+06 1.384861e-14 -1.814401e-13 -3.288831e+06 1.021016e-18 -1.385575e-17 1.667364e+03
0.441525       1.417952e-14 -1.858273e-13 -3.332628e+06 1.417850e-14 -1.858135e-13 -3.334326e+06 1.017745e-18 -1.381614e-17 1.697777e+03
0.442822       1.450860e-14 -1.901907e-13 -3.378010e+06 1.450759e-14 -1.901769e-13 -3.379739e+06 1.014137e-18 -1.377184e-17 1.728279e+03
0.444115       1.483165e-14 -1.944744e-13 -3.421976e+06 1.483064e-14 -1.944607e-13 -3.423735e+06 1.010173e-18 -1.372263e-17 1.758870e+03
0.445403       1.516432e-14 -1.988872e-13 -3.468780e+06 1.516331e-14 -1.988736e-13 -3.470569e+06 1.005829e-18 -1.366820e-17 1.789545e+03
0.446686       1.549112e-14 -2.032223e-13 -3.514332e+06 1.549012e-14 -2.032087e-13 -3.516152e+06 1.000924e-18 -1.360612e-17 1.820330e+03
0.447966       1.582304e-14 -2.076264e-13 -3.562068e+06 1.582204e-14 -2.076128e-13 -3.563919e+06 9.951415e-19 -1.353219e-17 1.851274e+03
0.44924        1.616028e-14 -2.121004e-13 -3.609667e+06 1.615929e-14 -2.120869e-13 -3.611550e+06 9.900233e-19 -1.346677e-17 1.882309e+03
0.450511       1.648669e-14 -2.164324e-13 -3.655976e+06 1.648570e-14 -2.164190e-13 -3.657889e+06 9.844018e-19 -1.339446e-17 1.913382e+03
0.451777       1.681166e-14 -2.207457e-13 -3.702099e+06 1.681068e-14 -2.207324e-13 -3.704044e+06 9.781857e-19 -1.331405e-17 1.944523e+03
0.453039       1.713345e-14 -2.250158e-13 -3.747868e+06 1.713248e-14 -2.250026e-13 -3.749844e+06 9.710912e-19 -1.322178e-17 1.975772e+03
0.454297       1.746500e-14 -2.294206e-13 -3.795675e+06 1.746403e-14 -2.294075e-13 -3.797682e+06 9.641403e-19 -1.313114e-17 2.007080e+03
0.455551       1.778414e-14 -2.336594e-13 -3.841353e+06 1.778319e-14 -2.336463e-13 -3.843391e+06 9.565935e-19 -1.303238e-17 2.038471e+03
0.4568         1.810871e-14 -2.379697e-13 -3.888600e+06 1.810776e-14 -2.379568e-13 -3.890670e+06 9.484739e-19 -1.292580e-17 2.069956e+03
0.458046       1.844218e-14 -2.423994e-13 -3.938666e+06 1.844124e-14 -2.423866e-13 -3.940767e+06 9.397021e-19 -1.281032e-17 2.101528e+03
0.459288       1.876417e-14 -2.466771e-13 -3.986122e+06 1.876324e-14 -2.466644e-13 -3.988255e+06 9.302909e-19 -1.268611e-17 2.133171e+03
0.460526       1.909642e-14 -2.510914e-13 -4.036357e+06 1.909550e-14 -2.510788e-13 -4.038521e+06 9.200474e-19 -1.255062e-17 2.164853e+03
0.461761       1.941811e-14 -2.553657e-13 -4.085451e+06 1.941720e-14 -2.553533e-13 -4.087647e+06 9.082497e-19 -1.239412e-17 2.196516e+03
0.462991       1.974811e-14 -2.597519e-13 -4.133711e+06 1.974722e-14 -2.597396e-13 -4.135939e+06 8.964165e-19 -1.223703e-17 2.228228e+03
0.464218       2.008564e-14 -2.642376e-13 -4.185398e+06 2.008476e-14 -2.642255e-13 -4.187659e+06 8.846572e-19 -1.208063e-17 2.260645e+03
0.465441       2.041624e-14 -2.686325e-13 -4.236701e+06 2.041537e-14 -2.686206e-13 -4.238995e+06 8.721624e-19 -1.191418e-17 2.293428e+03
0.466661       2.075406e-14 -2.731241e-13 -4.290617e+06 2.075320e-14 -2.731124e-13 -4.292944e+06 8.589536e-19 -1.173803e-17 2.326439e+03
0.467877       2.106873e-14 -2.773084e-13 -4.338567e+06 2.106788e-14 -2.772968e-13 -4.340927e+06 8.451139e-19 -1.155325e-17 2.359604e+03
0.46909        2.135947e-14 -2.811755e-13 -4.380614e+06 2.135864e-14 -2.811641e-13 -4.383007e+06 8.310126e-19 -1.136472e-17 2.393058e+03
0.470299       2.172228e-14 -2.859990e-13 -4.442730e+06 2.172146e-14 -2.859879e-13 -4.445157e+06 8.176826e-19 -1.118618e-17 2.427301e+03
0.471505       2.203034e-14 -2.901010e-13 -4.491059e+06 2.202954e-14 -2.900900e-13 -4.493521e+06 8.020764e-19 -1.097708e-17 2.461518e+03
0.472708       2.234845e-14 -2.943341e-13 -4.542166e+06 2.234766e-14 -2.943234e-13 -4.544662e+06 7.856838e-19 -1.075726e-17 2.495706e+03
0.473907       2.268552e-14 -2.988197e-13 -4.598900e+06 2.268475e-14 -2.988092e-13 -4.601430e+06 7.687473e-19 -1.052994e-17 2.529866e+03
0.475103       2.298321e-14 -3.027825e-13 -4.644839e+06 2.298246e-14 -3.027722e-13 -4.647403e+06 7.512924e-19 -1.029545e-17 2.563959e+03
0.476295       2.330094e-14 -3.070121e-13 -4.697044e+06 2.330021e-14 -3.070021e-13 -4.699642e+06 7.333612e-19 -1.005434e-17 2.598003e+03
0.477485       2.361839e-14 -3.112385e-13 -4.749290e+06 2.361768e-14 -3.112287e-13 -4.751922e+06 7.149873e-19 -9.807063e-18 2.631986e+03
0.478671       2.394129e-14 -3.155383e-13 -4.803792e+06 2.394059e-14 -3.155288e-13 -4.806458e+06 6.961935e-19 -9.553910e-18 2.665908e+03
0.479855       2.425999e-14 -3.197830e-13 -4.857403e+06 2.425932e-14 -3.197737e-13 -4.860103e+06 6.769960e-19 -9.295097e-18 2.699757e+03
0.481035       2.457431e-14 -3.239695e-13 -4.910132e+06 2.457365e-14 -3.239605e-13 -4.912866e+06 6.574103e-19 -9.030818e-18 2.733531e+03
0.482212       2.489166e-14 -3.281970e-13 -4.964165e+06 2.489103e-14 -3.281882e-13 -4.966933e+06 6.374579e-19 -8.761350e-18 2.767219e+03
0.483387       2.520989e-14 -3.324379e-13 -5.018854e+06 2.520928e-14 -3.324294e-13 -5.021655e+06 6.170638e-19 -8.485726e-18 2.800836e+03
0.484558       2.550966e-14 -3.364348e-13 -5.069464e+06 2.550906e-14 -3.364266e-13 -5.072299e+06 5.961514e-19 -8.202958e-18 2.834388e+03
0.485726       2.579644e-14 -3.402569e-13 -5.117232e+06 2.579587e-14 -3.402490e-13 -5.120099e+06 5.739631e-19 -7.902734e-18 2.867566e+03
0.486892       2.612695e-14 -3.446600e-13 -5.175029e+06 2.612640e-14 -3.446524e-13 -5.177930e+06 5.526658e-19 -7.614368e-18 2.900635e+03
0.488055       2.643012e-14 -3.487011e-13 -5.228716e+06 2.642959e-14 -3.486938e-13 -5.231650e+06 5.306384e-19 -7.316216e-18 2.933888e+03
0.489215       2.674882e-14 -3.529485e-13 -5.287273e+06 2.674832e-14 -3.529415e-13 -5.290241e+06 5.076175e-19 -7.004941e-18 2.967566e+03
0.490372       2.703526e-14 -3.567705e-13 -5.337998e+06 2.703478e-14 -3.567638e-13 -5.341000e+06 4.836804e-19 -6.681263e-18 3.001174e+03
0.491527       2.734346e-14 -3.608804e-13 -5.393926e+06 2.734300e-14 -3.608740e-13 -5.396961e+06 4.590473e-19 -6.348075e-18 3.034755e+03
0.492678       2.764031e-14 -3.648392e-13 -5.447215e+06 2.763987e-14 -3.648332e-13 -5.450283e+06 4.338167e-19 -6.006694e-18 3.068313e+03
0.493827       2.793776e-14 -3.688070e-13 -5.501287e+06 2.793735e-14 -3.688014e-13 -5.504389e+06 4.079620e-19 -5.656769e-18 3.101844e+03
0.494974       2.824490e-14 -3.729044e-13 -5.558742e+06 2.824451e-14 -3.728991e-13 -5.561878e+06 3.814627e-19 -5.298043e-18 3.135343e+03
0.496118       2.854273e-14 -3.768785e-13 -5.614277e+06 2.854238e-14 -3.768735e-13 -5.617446e+06 3.542712e-19 -4.929886e-18 3.168799e+03
0.497259       2.883518e-14 -3.807814e-13 -5.669154e+06 2.883486e-14 -3.807769e-13 -5.672356e+06 3.263556e-19 -4.551884e-18 3.202203e+03
0.498398       2.912010e-14 -3.845856e-13 -5.722662e+06 2.911980e-14 -3.845815e-13 -5.725897e+06 2.976283e-19 -4.162881e-18 3.235504e+03
0.499534       2.941434e-14 -3.885144e-13 -5.780374e+06 2.941407e-14 -3.885106e-13 -5.783643e+06 2.679462e-19 -3.760973e-18 3.268684e+03
0.500668       2.971742e-14 -3.925608e-13 -5.839692e+06 2.971718e-14 -3.925575e-13 -5.842994e+06 2.374787e-19 -3.348422e-18 3.301667e+03
0.5018         3.002380e-14 -3.966515e-13 -5.896946e+06 3.002359e-14 -3.966486e-13 -5.900280e+06 2.068191e-19 -2.933018e-18 3.334646e+03
0.502929       3.033522e-14 -4.008105e-13 -5.956710e+06 3.033504e-14 -4.008080e-13 -5.960079e+06 1.761469e-19 -2.517286e-18 3.368264e+03
0.504055       3.063313e-14 -4.047902e-13 -6.015359e+06 3.063299e-14 -4.047881e-13 -6.018762e+06 1.442986e-19 -2.085821e-18 3.402210e+03
0.50518        3.091763e-14 -4.085920e-13 -6.071370e+06 3.091752e-14 -4.085903e-13 -6.074807e+06 1.113172e-19 -1.639194e-18 3.436342e+03
0.506301       3.122426e-14 -4.126865e-13 -6.129353e+06 3.122418e-14 -4.126853e-13 -6.132824e+06 7.826069e-20 -1.191176e-18 3.470571e+03
0.507419       3.152543e-14 -4.167045e-13 -6.186906e+06 3.152539e-14 -4.167038e-13 -6.190411e+06 4.527803e-20 -7.437094e-19 3.504912e+03
0.508534       3.186729e-14 -4.212652e-13 -6.252932e+06 3.186728e-14 -4.212648e-13 -6.256472e+06 1.315475e-20 -3.074520e-19 3.540214e+03
0.509646       3.214436e-14 -4.249683e-13 -6.308706e+06 3.214438e-14 -4.249684e-13 -6.312281e+06 -2.049400e-20 1.491729e-19 3.575503e+03
0.510756       3.243154e-14 -4.288077e-13 -6.367380e+06 3.243160e-14 -4.288083e-13 -6.370990e+06 -5.468241e-20 6.131670e-19 3.610682e+03
0.511862       3.273984e-14 -4.329204e-13 -6.426670e+06 3.273993e-14 -4.329215e-13 -6.430316e+06 -8.830281e-20 1.070143e-18 3.645737e+03
0.512965       3.303076e-14 -4.368077e-13 -6.485251e+06 3.303088e-14 -4.368093e-13 -6.488932e+06 -1.225758e-19 1.535957e-18 3.680688e+03
0.514065       3.332611e-14 -4.407563e-13 -6.547246e+06 3.332626e-14 -4.407584e-13 -6.550961e+06 -1.577208e-19 2.013443e-18 3.715533e+03
0.515162       3.361304e-14 -4.445934e-13 -6.606984e+06 3.361323e-14 -4.445959e-13 -6.610734e+06 -1.936454e-19 2.501390e-18 3.750255e+03
0.516256       3.390506e-14 -4.484987e-13 -6.668348e+06 3.390529e-14 -4.485017e-13 -6.672133e+06 -2.303243e-19 2.999455e-18 3.784851e+03
0.517348       3.418780e-14 -4.522809e-13 -6.727052e+06 3.418807e-14 -4.522844e-13 -6.730871e+06 -2.677806e-19 3.507931e-18 3.819307e+03
0.518436       3.446187e-14 -4.559480e-13 -6.786749e+06 3.446218e-14 -4.559520e-13 -6.790603e+06 -3.060710e-19 4.027547e-18 3.853653e+03
0.519522       3.472297e-14 -4.594430e-13 -6.846366e+06 3.472332e-14 -4.594475e-13 -6.850254e+06 -3.453623e-19 4.560457e-18 3.887914e+03
0.520605       3.499439e-14 -4.630774e-13 -6.909109e+06 3.499477e-14 -4.630826e-13 -6.913031e+06 -3.861392e-19 5.112927e-18 3.922060e+03
0.521686       3.526556e-14 -4.667085e-13 -6.970598e+06 3.526599e-14 -4.667142e-13 -6.974554e+06 -4.274261e-19 5.672235e-18 3.956075e+03
0.522763       3.557883e-14 -4.708946e-13 -7.034041e+06 3.557930e-14 -4.709008e-13 -7.038031e+06 -4.676295e-19 6.217723e-18 3.989995e+03
0.523838       3.588765e-14 -4.750193e-13 -7.095871e+06 3.588815e-14 -4.750260e-13 -7.099895e+06 -5.063269e-19 6.743875e-18 4.023784e+03
0.524911       3.621444e-14 -4.793840e-13 -7.161695e+06 3.621499e-14 -4.793912e-13 -7.165752e+06 -5.433252e-19 7.247973e-18 4.057339e+03
0.52598        3.646537e-14 -4.827432e-13 -7.220283e+06 3.646595e-14 -4.827510e-13 -7.224373e+06 -5.821172e-19 7.776044e-18 4.090728e+03
0.527048       3.676750e-14 -4.867865e-13 -7.288025e+06 3.676812e-14 -4.867948e-13 -7.292149e+06 -6.212861e-19 8.309227e-18 4.123966e+03
0.528112       3.705073e-14 -4.905763e-13 -7.351084e+06 3.705139e-14 -4.905852e-13 -7.355242e+06 -6.606204e-19 8.844759e-18 4.157110e+03
0.529174       3.733161e-14 -4.943347e-13 -7.413842e+06 3.733231e-14 -4.943441e-13 -7.418032e+06 -6.998667e-19 9.379255e-18 4.190116e+03
0.530233       3.761650e-14 -4.981459e-13 -7.477397e+06 3.761724e-14 -4.981558e-13 -7.481620e+06 -7.384670e-19 9.905283e-18 4.222915e+03
0.53129        3.788269e-14 -5.017094e-13 -7.536983e+06 3.788347e-14 -5.017199e-13 -7.541239e+06 -7.782483e-19 1.044759e-17 4.255367e+03
0.532345       3.814302e-14 -5.052017e-13 -7.601424e+06 3.814384e-14 -5.052127e-13 -7.605712e+06 -8.198690e-19 1.101399e-17 4.288135e+03
0.533397       3.841094e-14 -5.087923e-13 -7.666014e+06 3.841180e-14 -5.088039e-13 -7.670335e+06 -8.623460e-19 1.159182e-17 4.320906e+03
0.534447       3.866899e-14 -5.122535e-13 -7.732630e+06 3.866990e-14 -5.122657e-13 -7.736984e+06 -9.066648e-19 1.219378e-17 4.354005e+03
0.535494       3.894438e-14 -5.159426e-13 -7.798811e+06 3.894533e-14 -5.159554e-13 -7.803198e+06 -9.513301e-19 1.280047e-17 4.386985e+03
0.536539       3.921246e-14 -5.195354e-13 -7.863731e+06 3.921346e-14 -5.195488e-13 -7.868151e+06 -9.963949e-19 1.341260e-17 4.419734e+03
0.537581       3.947124e-14 -5.230031e-13 -7.926701e+06 3.947228e-14 -5.230171e-13 -7.931153e+06 -1.041496e-18 1.402536e-17 4.452449e+03
0.538621       3.976578e-14 -5.269457e-13 -7.996889e+06 3.976687e-14 -5.269603e-13 -8.001375e+06 -1.086235e-18 1.463341e-17 4.485665e+03
0.539659       4.004695e-14 -5.307127e-13 -8.063867e+06 4.004808e-14 -5.307279e-13 -8.068386e+06 -1.131565e-18 1.524944e-17 4.519036e+03
0.540695       4.032967e-14 -5.344988e-13 -8.132605e+06 4.033084e-14 -5.345147e-13 -8.137157e+06 -1.177596e-18 1.587486e-17 4.552494e+03
0.541728       4.059344e-14 -5.380337e-13 -8.198536e+06 4.059467e-14 -5.380502e-13 -8.203122e+06 -1.224163e-18 1.650750e-17 4.585989e+03
0.542759       4.084554e-14 -5.414136e-13 -8.261312e+06 4.084681e-14 -5.414307e-13 -8.265932e+06 -1.271186e-18 1.714630e-17 4.619482e+03
0.543788       4.113060e-14 -5.452318e-13 -8.332932e+06 4.113192e-14 -5.452496e-13 -8.337586e+06 -1.317638e-18 1.777761e-17 4.653649e+03
0.544814       4.139605e-14 -5.487896e-13 -8.400622e+06 4.139742e-14 -5.488080e-13 -8.405310e+06 -1.364436e-18 1.841360e-17 4.687954e+03
0.545839       4.165903e-14 -5.523147e-13 -8.468528e+06 4.166045e-14 -5.523337e-13 -8.473250e+06 -1.411723e-18 1.905619e-17 4.722125e+03
0.546861       4.191530e-14 -5.557506e-13 -8.534824e+06 4.191676e-14 -5.557703e-13 -8.539580e+06 -1.459368e-18 1.970364e-17 4.756132e+03
0.547881       4.217526e-14 -5.592352e-13 -8.602604e+06 4.217677e-14 -5.592556e-13 -8.607394e+06 -1.507306e-18 2.035509e-17 4.789965e+03
0.548899       4.244061e-14 -5.627938e-13 -8.671226e+06 4.244216e-14 -5.628148e-13 -8.676049e+06 -1.555516e-18 2.101028e-17 4.823577e+03
0.549915       4.268392e-14 -5.660582e-13 -8.736534e+06 4.268552e-14 -5.660798e-13 -8.741391e+06 -1.603976e-18 2.166889e-17 4.856987e+03
0.550929       4.294776e-14 -5.695955e-13 -8.806210e+06 4.294941e-14 -5.696178e-13 -8.811101e+06 -1.652940e-18 2.233435e-17 4.890189e+03
0.551941       4.321024e-14 -5.731149e-13 -8.875913e+06 4.321194e-14 -5.731379e-13 -8.880836e+06 -1.702490e-18 2.300773e-17 4.923178e+03
0.552951       4.345142e-14 -5.763514e-13 -8.942003e+06 4.345317e-14 -5.763750e-13 -8.946959e+06 -1.751026e-18 2.366749e-17 4.955922e+03
0.553959       4.370925e-14 -5.798093e-13 -9.011843e+06 4.371105e-14 -5.798336e-13 -9.016832e+06 -1.799863e-18 2.433132e-17 4.988435e+03
0.554965       4.396612e-14 -5.832546e-13 -9.082164e+06 4.396796e-14 -5.832796e-13 -9.087185e+06 -1.849119e-18 2.500076e-17 5.020707e+03
0.555968       4.421931e-14 -5.866513e-13 -9.152682e+06 4.422121e-14 -5.866770e-13 -9.157734e+06 -1.899042e-18 2.567903e-17 5.052725e+03
0.55697        4.447247e-14 -5.900470e-13 -9.223973e+06 4.447442e-14 -5.900734e-13 -9.229057e+06 -1.949759e-18 2.636789e-17 5.084480e+03
0.55797        4.469047e-14 -5.929637e-13 -9.286213e+06 4.469248e-14 -5.929908e-13 -9.291329e+06 -2.001425e-18 2.707094e-17 5.115946e+03
0.558968       4.499642e-14 -5.970744e-13 -9.360335e+06 4.499847e-14 -5.971021e-13 -9.365482e+06 -2.048422e-18 2.771058e-17 5.147284e+03
0.559964       4.525657e-14 -6.005636e-13 -9.432051e+06 4.525866e-14 -6.005919e-13 -9.437229e+06 -2.094771e-18 2.834192e-17 5.178389e+03
0.560959       4.550021e-14 -6.038317e-13 -9.497977e+06 4.550235e-14 -6.038607e-13 -9.503187e+06 -2.140529e-18 2.896601e-17 5.209323e+03
0.561951       4.572664e-14 -6.068753e-13 -9.566628e+06 4.572883e-14 -6.069049e-13 -9.571869e+06 -2.188187e-18 2.961546e-17 5.240291e+03
0.562942       4.597982e-14 -6.102729e-13 -9.640027e+06 4.598205e-14 -6.103031e-13 -9.645298e+06 -2.235943e-18 3.026626e-17 5.271310e+03
0.56393        4.622687e-14 -6.135891e-13 -9.712075e+06 4.622916e-14 -6.136200e-13 -9.717378e+06 -2.283913e-18 3.091993e-17 5.302280e+03
0.564917       4.647122e-14 -6.168694e-13 -9.783748e+06 4.647355e-14 -6.169010e-13 -9.789081e+06 -2.332117e-18 3.157677e-17 5.333141e+03
0.565903       4.671693e-14 -6.201678e-13 -9.856384e+06 4.671931e-14 -6.202000e-13 -9.861748e+06 -2.380577e-18 3.223708e-17 5.363855e+03
0.566886       4.695781e-14 -6.234019e-13 -9.928317e+06 4.696024e-14 -6.234348e-13 -9.933712e+06 -2.429326e-18 3.290131e-17 5.394390e+03
0.567868       4.719414e-14 -6.265759e-13 -9.998568e+06 4.719661e-14 -6.266095e-13 -1.000399e+07 -2.478440e-18 3.357047e-17 5.424706e+03
0.568847       4.742932e-14 -6.297348e-13 -1.006919e+07 4.743185e-14 -6.297690e-13 -1.007465e+07 -2.528031e-18 3.424605e-17 5.454750e+03
0.569825       4.767139e-14 -6.329851e-13 -1.014188e+07 4.767397e-14 -6.330201e-13 -1.014736e+07 -2.577492e-18 3.491997e-17 5.484722e+03
0.570802       4.792657e-14 -6.364104e-13 -1.021591e+07 4.792919e-14 -6.364459e-13 -1.022143e+07 -2.625552e-18 3.557523e-17 5.515122e+03
0.571777       4.816942e-14 -6.396717e-13 -1.028883e+07 4.817209e-14 -6.397079e-13 -1.029438e+07 -2.673563e-18 3.622987e-17 5.545632e+03
0.57275        4.840873e-14 -6.428861e-13 -1.036194e+07 4.841145e-14 -6.429230e-13 -1.036751e+07 -2.721797e-18 3.688756e-17 5.576120e+03
0.573721       4.866596e-14 -6.463387e-13 -1.043809e+07 4.866873e-14 -6.463762e-13 -1.044370e+07 -2.770225e-18 3.754792e-17 5.606529e+03
0.574691       4.890625e-14 -6.495662e-13 -1.051176e+07 4.890906e-14 -6.496044e-13 -1.051740e+07 -2.818645e-18 3.820819e-17 5.636818e+03
0.575659       4.917841e-14 -6.532175e-13 -1.059010e+07 4.918127e-14 -6.532563e-13 -1.059576e+07 -2.865023e-18 3.884122e-17 5.667793e+03
0.576625       4.941221e-14 -6.563599e-13 -1.066266e+07 4.941512e-14 -6.563994e-13 -1.066836e+07 -2.912181e-18 3.948469e-17 5.698800e+03
0.57759        4.965017e-14 -6.595563e-13 -1.073415e+07 4.965313e-14 -6.595965e-13 -1.073988e+07 -2.960445e-18 4.014286e-17 5.729647e+03
0.578553       4.987690e-14 -6.626038e-13 -1.080561e+07 4.987991e-14 -6.626446e-13 -1.081137e+07 -3.009350e-18 4.080958e-17 5.760317e+03
0.579515       5.010651e-14 -6.656899e-13 -1.087911e+07 5.010957e-14 -6.657313e-13 -1.088490e+07 -3.058692e-18 4.148215e-17 5.790797e+03
0.580475       5.034780e-14 -6.689315e-13 -1.095550e+07 5.035091e-14 -6.689737e-13 -1.096132e+07 -3.108379e-18 4.215933e-17 5.821074e+03
0.581434       5.059007e-14 -6.721864e-13 -1.103256e+07 5.059323e-14 -6.722293e-13 -1.103842e+07 -3.158326e-18 4.283998e-17 5.851138e+03
0.582391       5.082018e-14 -6.752790e-13 -1.110660e+07 5.082339e-14 -6.753226e-13 -1.111248e+07 -3.208548e-18 4.352435e-17 5.880986e+03
0.583346       5.105075e-14 -6.783738e-13 -1.118399e+07 5.105402e-14 -6.784180e-13 -1.118990e+07 -3.260798e-18 4.423652e-17 5.910662e+03
0.5843         5.128138e-14 -6.814797e-13 -1.125450e+07 5.128469e-14 -6.815246e-13 -1.126044e+07 -3.310430e-18 4.491272e-17 5.940047e+03
0.585253       5.151313e-14 -6.845949e-13 -1.133012e+07 5.151649e-14 -6.846404e-13 -1.133609e+07 -3.360001e-18 4.558804e-17 5.969205e+03
0.586204       5.174591e-14 -6.877237e-13 -1.140537e+07 5.174932e-14 -6.877699e-13 -1.141137e+07 -3.409512e-18 4.626256e-17 5.998134e+03
0.587153       5.197487e-14 -6.908019e-13 -1.148062e+07 5.197833e-14 -6.908489e-13 -1.148664e+07 -3.458988e-18 4.693654e-17 6.026831e+03
0.588101       5.220062e-14 -6.938378e-13 -1.155518e+07 5.220413e-14 -6.938854e-13 -1.156123e+07 -3.508419e-18 4.760989e-17 6.055287e+03
0.589048       5.243310e-14 -6.969631e-13 -1.163184e+07 5.243666e-14 -6.970114e-13 -1.163793e+07 -3.557780e-18 4.828223e-17 6.083496e+03
0.589993       5.266168e-14 -7.000369e-13 -1.170788e+07 5.266529e-14 -7.000859e-13 -1.171399e+07 -3.607019e-18 4.895287e-17 6.111443e+03
0.590937       5.288785e-14 -7.030788e-13 -1.178383e+07 5.289151e-14 -7.031284e-13 -1.178997e+07 -3.656036e-18 4.962046e-17 6.139091e+03
0.591879       5.311381e-14 -7.061186e-13 -1.186123e+07 5.311751e-14 -7.061689e-13 -1.186740e+07 -3.704378e-18 5.027885e-17 6.166339e+03
0.59282        5.332981e-14 -7.090248e-13 -1.193579e+07 5.333356e-14 -7.090758e-13 -1.194198e+07 -3.753764e-18 5.095112e-17 6.193163e+03
0.59376        5.355953e-14 -7.121117e-13 -1.200541e+07 5.356333e-14 -7.121633e-13 -1.201163e+07 -3.803153e-18 5.162367e-17 6.220058e+03
0.594698       5.381990e-14 -7.156103e-13 -1.209432e+07 5.382375e-14 -7.156626e-13 -1.210057e+07 -3.853058e-18 5.230276e-17 6.247297e+03
0.595635       5.399713e-14 -7.180016e-13 -1.215955e+07 5.400103e-14 -7.180546e-13 -1.216582e+07 -3.903007e-18 5.298222e-17 6.274561e+03
0.59657        5.423851e-14 -7.212463e-13 -1.224168e+07 5.424246e-14 -7.213000e-13 -1.224798e+07 -3.953166e-18 5.366427e-17 6.301801e+03
0.597504       5.448272e-14 -7.245289e-13 -1.232462e+07 5.448672e-14 -7.245832e-13 -1.233095e+07 -4.003754e-18 5.435184e-17 6.328978e+03
0.598437       5.469003e-14 -7.273186e-13 -1.239879e+07 5.469408e-14 -7.273737e-13 -1.240515e+07 -4.054218e-18 5.503760e-17 6.356505e+03
0.599368       5.492502e-14 -7.304736e-13 -1.247531e+07 5.492912e-14 -7.305293e-13 -1.248170e+07 -4.103790e-18 5.571166e-17 6.383889e+03
0.600299       5.514989e-14 -7.334969e-13 -1.255155e+07 5.515405e-14 -7.335533e-13 -1.255796e+07 -4.153351e-18 5.638549e-17 6.411152e+03
0.601227       5.537492e-14 -7.365230e-13 -1.262855e+07 5.537913e-14 -7.365801e-13 -1.263499e+07 -4.203049e-18 5.706106e-17 6.438259e+03
0.602155       5.560565e-14 -7.396251e-13 -1.270751e+07 5.560990e-14 -7.396829e-13 -1.271397e+07 -4.253029e-18 5.774026e-17 6.465172e+03
0.603081       5.582717e-14 -7.426051e-13 -1.278377e+07 5.583147e-14 -7.426635e-13 -1.279026e+07 -4.303500e-18 5.842591e-17 6.491821e+03
0.604006       5.604541e-14 -7.455410e-13 -1.286043e+07 5.604976e-14 -7.456001e-13 -1.286695e+07 -4.352870e-18 5.909668e-17 6.518783e+03
0.60493        5.626469e-14 -7.484910e-13 -1.293674e+07 5.626910e-14 -7.485508e-13 -1.294329e+07 -4.401083e-18 5.975177e-17 6.546052e+03
0.605852       5.648783e-14 -7.514921e-13 -1.301469e+07 5.649228e-14 -7.515525e-13 -1.302126e+07 -4.448952e-18 6.040208e-17 6.573425e+03
0.606773       5.670837e-14 -7.544588e-13 -1.309203e+07 5.671287e-14 -7.545198e-13 -1.309863e+07 -4.497131e-18 6.105633e-17 6.600786e+03
0.607693       5.692322e-14 -7.573497e-13 -1.316825e+07 5.692777e-14 -7.574114e-13 -1.317488e+07 -4.545624e-18 6.171458e-17 6.628073e+03
0.608612       5.717342e-14 -7.607045e-13 -1.324703e+07 5.717801e-14 -7.607668e-13 -1.325369e+07 -4.593199e-18 6.236092e-17 6.655269e+03
0.609529       5.741749e-14 -7.639880e-13 -1.332965e+07 5.742213e-14 -7.640510e-13 -1.333634e+07 -4.639512e-18 6.298977e-17 6.683214e+03
0.610445       5.764091e-14 -7.669995e-13 -1.340465e+07 5.764560e-14 -7.670631e-13 -1.341136e+07 -4.684103e-18 6.359464e-17 6.711038e+03
0.61136        5.785459e-14 -7.698664e-13 -1.348880e+07 5.785933e-14 -7.699306e-13 -1.349554e+07 -4.734079e-18 6.427278e-17 6.738823e+03
0.612274       5.806335e-14 -7.726768e-13 -1.356435e+07 5.806814e-14 -7.727418e-13 -1.357112e+07 -4.784635e-18 6.495832e-17 6.766418e+03
0.613187       5.827121e-14 -7.754752e-13 -1.363966e+07 5.827604e-14 -7.755409e-13 -1.364645e+07 -4.835758e-18 6.565113e-17 6.793809e+03
0.614098       5.848176e-14 -7.783102e-13 -1.371576e+07 5.848665e-14 -7.783766e-13 -1.372258e+07 -4.887524e-18 6.635225e-17 6.820962e+03
0.615009       5.869147e-14 -7.811340e-13 -1.379221e+07 5.869641e-14 -7.812011e-13 -1.379906e+07 -4.939792e-18 6.705976e-17 6.847878e+03
0.615918       5.890095e-14 -7.839543e-13 -1.386901e+07 5.890594e-14 -7.840221e-13 -1.387589e+07 -4.992616e-18 6.777438e-17 6.874517e+03
0.616826       5.911170e-14 -7.867910e-13 -1.394432e+07 5.911674e-14 -7.868595e-13 -1.395123e+07 -5.045542e-18 6.849016e-17 6.900839e+03
0.617733       5.932093e-14 -7.896075e-13 -1.401852e+07 5.932603e-14 -7.896767e-13 -1.402545e+07 -5.098268e-18 6.920321e-17 6.926888e+03
0.618638       5.953203e-14 -7.924490e-13 -1.409428e+07 5.953718e-14 -7.925189e-13 -1.410123e+07 -5.150793e-18 6.991346e-17 6.952750e+03
0.619543       5.974001e-14 -7.952484e-13 -1.417028e+07 5.974521e-14 -7.953190e-13 -1.417726e+07 -5.203003e-18 7.061939e-17 6.978494e+03
0.620447       5.993351e-14 -7.978575e-13 -1.424406e+07 5.993876e-14 -7.979288e-13 -1.425107e+07 -5.255460e-18 7.132828e-17 7.004101e+03
0.621349       6.014974e-14 -8.007684e-13 -1.432273e+07 6.015505e-14 -8.008404e-13 -1.432976e+07 -5.308264e-18 7.204152e-17 7.029546e+03
0.62225        6.037143e-14 -8.037513e-13 -1.440358e+07 6.037679e-14 -8.038241e-13 -1.441063e+07 -5.361401e-18 7.275903e-17 7.054824e+03
0.62315        6.057181e-14 -8.064505e-13 -1.447911e+07 6.057723e-14 -8.065240e-13 -1.448619e+07 -5.414326e-18 7.347337e-17 7.079885e+03
0.62405        6.076319e-14 -8.090297e-13 -1.455254e+07 6.076865e-14 -8.091038e-13 -1.455965e+07 -5.466902e-18 7.418273e-17 7.104714e+03
0.624948       6.097412e-14 -8.118693e-13 -1.463080e+07 6.097964e-14 -8.119442e-13 -1.463793e+07 -5.519311e-18 7.488962e-17 7.129325e+03
0.625845       6.118056e-14 -8.146491e-13 -1.470789e+07 6.118613e-14 -8.147247e-13 -1.471505e+07 -5.571394e-18 7.559192e-17 7.153685e+03
0.626741       6.139309e-14 -8.175101e-13 -1.478668e+07 6.139871e-14 -8.175864e-13 -1.479385e+07 -5.622371e-18 7.627922e-17 7.177723e+03
0.627635       6.158183e-14 -8.200540e-13 -1.486093e+07 6.158751e-14 -8.201310e-13 -1.486813e+07 -5.675289e-18 7.699222e-17 7.201487e+03
0.628529       6.175952e-14 -8.224508e-13 -1.493332e+07 6.176525e-14 -8.225285e-13 -1.494055e+07 -5.729841e-18 7.772681e-17 7.225159e+03
0.629422       6.191942e-14 -8.246129e-13 -1.500607e+07 6.192521e-14 -8.246914e-13 -1.501332e+07 -5.785379e-18 7.847408e-17 7.248762e+03
0.630314       6.213038e-14 -8.274521e-13 -1.508153e+07 6.213622e-14 -8.275313e-13 -1.508880e+07 -5.840049e-18 7.920969e-17 7.272301e+03
0.631204       6.239212e-14 -8.309622e-13 -1.515712e+07 6.239801e-14 -8.310421e-13 -1.516441e+07 -5.891637e-18 7.990455e-17 7.295799e+03
0.632094       6.257417e-14 -8.334169e-13 -1.522833e+07 6.258011e-14 -8.334975e-13 -1.523565e+07 -5.943896e-18 8.060805e-17 7.319108e+03
0.632983       6.274855e-14 -8.357693e-13 -1.529917e+07 6.275455e-14 -8.358506e-13 -1.530651e+07 -5.996262e-18 8.131275e-17 7.342210e+03
0.63387        6.294160e-14 -8.383704e-13 -1.537392e+07 6.294765e-14 -8.384525e-13 -1.538128e+07 -6.048800e-18 8.201951e-17 7.365092e+03
0.634757       6.313047e-14 -8.409148e-13 -1.544732e+07 6.313657e-14 -8.409975e-13 -1.545471e+07 -6.101390e-18 8.272680e-17 7.387718e+03
0.635643       6.331723e-14 -8.434313e-13 -1.551997e+07 6.332338e-14 -8.435148e-13 -1.552738e+07 -6.153978e-18 8.343394e-17 7.410064e+03
0.636527       6.350265e-14 -8.459304e-13 -1.559169e+07 6.350886e-14 -8.460146e-13 -1.559912e+07 -6.206778e-18 8.414379e-17 7.432106e+03
0.637411       6.368605e-14 -8.484036e-13 -1.566397e+07 6.369231e-14 -8.484885e-13 -1.567142e+07 -6.259237e-18 8.484885e-17 7.453784e+03
0.638294       6.388375e-14 -8.510668e-13 -1.573889e+07 6.389007e-14 -8.511524e-13 -1.574636e+07 -6.311205e-18 8.554718e-17 7.475225e+03
0.639176       6.409054e-14 -8.538554e-13 -1.581488e+07 6.409691e-14 -8.539416e-13 -1.582238e+07 -6.360914e-18 8.621479e-17 7.497117e+03
0.640057       6.431465e-14 -8.568817e-13 -1.589226e+07 6.432106e-14 -8.569685e-13 -1.589978e+07 -6.407851e-18 8.684424e-17 7.519182e+03
0.640936       6.438967e-14 -8.578849e-13 -1.594387e+07 6.439612e-14 -8.579724e-13 -1.595141e+07 -6.459308e-18 8.753603e-17 7.540769e+03
0.641815       6.453618e-14 -8.598615e-13 -1.600950e+07 6.454269e-14 -8.599497e-13 -1.601707e+07 -6.510039e-18 8.821792e-17 7.562116e+03
0.642693       6.470305e-14 -8.621131e-13 -1.607850e+07 6.470961e-14 -8.622020e-13 -1.608608e+07 -6.560095e-18 8.889060e-17 7.583237e+03
0.64357        6.487523e-14 -8.644351e-13 -1.614873e+07 6.488184e-14 -8.645247e-13 -1.615634e+07 -6.609668e-18 8.955664e-17 7.604103e+03
0.644447       6.506465e-14 -8.669878e-13 -1.622264e+07 6.507131e-14 -8.670780e-13 -1.623026e+07 -6.657458e-18 9.019854e-17 7.625665e+03
0.645322       6.524866e-14 -8.694672e-13 -1.629534e+07 6.525536e-14 -8.695580e-13 -1.630299e+07 -6.706032e-18 9.085080e-17 7.646930e+03
0.646196       6.540614e-14 -8.715928e-13 -1.636193e+07 6.541289e-14 -8.716843e-13 -1.636960e+07 -6.755210e-18 9.151101e-17 7.667857e+03
0.647069       6.558067e-14 -8.739459e-13 -1.643287e+07 6.558748e-14 -8.740381e-13 -1.644056e+07 -6.804516e-18 9.217271e-17 7.688415e+03
0.647942       6.574980e-14 -8.762263e-13 -1.650283e+07 6.575666e-14 -8.763191e-13 -1.651054e+07 -6.854397e-18 9.284205e-17 7.708590e+03
0.648813       6.591158e-14 -8.784095e-13 -1.656817e+07 6.591849e-14 -8.785030e-13 -1.657590e+07 -6.904612e-18 9.351577e-17 7.728295e+03
0.649684       6.607172e-14 -8.805707e-13 -1.663352e+07 6.607868e-14 -8.806649e-13 -1.664126e+07 -6.954991e-18 9.419155e-17 7.747490e+03
0.650554       6.623356e-14 -8.827543e-13 -1.670376e+07 6.624056e-14 -8.828492e-13 -1.671152e+07 -7.005544e-18 9.486955e-17 7.766776e+03
0.651423       6.640183e-14 -8.850234e-13 -1.677422e+07 6.640889e-14 -8.851190e-13 -1.678201e+07 -7.056273e-18 9.554980e-17 7.785862e+03
0.652291       6.654260e-14 -8.869258e-13 -1.683795e+07 6.654971e-14 -8.870220e-13 -1.684576e+07 -7.107130e-18 9.623167e-17 7.804678e+03
0.653158       6.670827e-14 -8.891602e-13 -1.690676e+07 6.671543e-14 -8.892571e-13 -1.691458e+07 -7.158146e-18 9.691557e-17 7.823195e+03
0.654024       6.685212e-14 -8.911047e-13 -1.697007e+07 6.685933e-14 -8.912023e-13 -1.697791e+07 -7.209276e-18 9.760091e-17 7.841614e+03
0.65489        6.699047e-14 -8.929753e-13 -1.703222e+07 6.699773e-14 -8.930736e-13 -1.704008e+07 -7.260531e-18 9.828784e-17 7.859992e+03
0.655754       6.715190e-14 -8.951527e-13 -1.709959e+07 6.715921e-14 -8.952517e-13 -1.710747e+07 -7.311830e-18 9.897525e-17 7.878018e+03
0.656618       6.730859e-14 -8.972667e-13 -1.716605e+07 6.731596e-14 -8.973663e-13 -1.717395e+07 -7.363102e-18 9.966220e-17 7.895761e+03
0.657481       6.742903e-14 -8.988988e-13 -1.722216e+07 6.743644e-14 -8.989991e-13 -1.723008e+07 -7.414435e-18 1.003499e-16 7.913193e+03
0.658343       6.758635e-14 -9.010221e-13 -1.728769e+07 6.759382e-14 -9.011231e-13 -1.729562e+07 -7.465906e-18 1.010393e-16 7.930331e+03
0.659204       6.772671e-14 -9.029192e-13 -1.734934e+07 6.773423e-14 -9.030209e-13 -1.735729e+07 -7.517324e-18 1.017280e-16 7.947166e+03
0.660064       6.786751e-14 -9.048220e-13 -1.741099e+07 6.787508e-14 -9.049244e-13 -1.741895e+07 -7.568631e-18 1.024151e-16 7.963689e+03
0.660923       6.800849e-14 -9.067269e-13 -1.747235e+07 6.801611e-14 -9.068300e-13 -1.748033e+07 -7.619768e-18 1.030998e-16 7.979884e+03
0.661782       6.814821e-14 -9.086150e-13 -1.753288e+07 6.815588e-14 -9.087188e-13 -1.754087e+07 -7.670593e-18 1.037803e-16 7.995726e+03
0.66264        6.826631e-14 -9.102148e-13 -1.758997e+07 6.827403e-14 -9.103192e-13 -1.759798e+07 -7.720665e-18 1.044506e-16 8.011154e+03
0.663497       6.838346e-14 -9.118009e-13 -1.764616e+07 6.839123e-14 -9.119061e-13 -1.765419e+07 -7.772107e-18 1.051393e-16 8.026255e+03
0.664353       6.850042e-14 -9.133840e-13 -1.770253e+07 6.850824e-14 -9.134898e-13 -1.771057e+07 -7.824545e-18 1.058412e-16 8.041204e+03
0.665208       6.862468e-14 -9.150650e-13 -1.775974e+07 6.863255e-14 -9.151716e-13 -1.776780e+07 -7.876936e-18 1.065424e-16 8.056041e+03
0.666063       6.875249e-14 -9.167937e-13 -1.781740e+07 6.876041e-14 -9.169009e-13 -1.782547e+07 -7.928958e-18 1.072385e-16 8.070704e+03
0.666916       6.888034e-14 -9.185223e-13 -1.787441e+07 6.888832e-14 -9.186303e-13 -1.788249e+07 -7.980764e-18 1.079317e-16 8.085111e+03
0.667769       6.900183e-14 -9.201637e-13 -1.792661e+07 6.900986e-14 -9.202723e-13 -1.793471e+07 -8.032274e-18 1.086210e-16 8.099257e+03
0.668621       6.912957e-14 -9.218979e-13 -1.798570e+07 6.913765e-14 -9.220072e-13 -1.799381e+07 -8.083764e-18 1.093097e-16 8.113451e+03
0.669472       6.932578e-14 -9.245506e-13 -1.806494e+07 6.933391e-14 -9.246606e-13 -1.807306e+07 -8.133742e-18 1.099773e-16 8.128026e+03
0.670323       6.932105e-14 -9.244951e-13 -1.808700e+07 6.932924e-14 -9.246058e-13 -1.809514e+07 -8.186678e-18 1.106855e-16 8.141811e+03
0.671172       6.941405e-14 -9.257579e-13 -1.813594e+07 6.942229e-14 -9.258692e-13 -1.814410e+07 -8.239953e-18 1.113981e-16 8.155220e+03
0.672021       6.950994e-14 -9.270607e-13 -1.818572e+07 6.951823e-14 -9.271728e-13 -1.819389e+07 -8.293652e-18 1.121163e-16 8.168276e+03
0.672869       6.962274e-14 -9.285895e-13 -1.823980e+07 6.963109e-14 -9.287024e-13 -1.824798e+07 -8.347353e-18 1.128343e-16 8.181026e+03
0.673717       6.974084e-14 -9.301901e-13 -1.829226e+07 6.974923e-14 -9.303036e-13 -1.830045e+07 -8.397551e-18 1.135050e-16 8.194182e+03
0.674563       6.984491e-14 -9.316041e-13 -1.834161e+07 6.985336e-14 -9.317183e-13 -1.834982e+07 -8.446341e-18 1.141566e-16 8.207315e+03
0.675409       6.992607e-14 -9.327069e-13 -1.838636e+07 6.993456e-14 -9.328216e-13 -1.839458e+07 -8.493920e-18 1.147916e-16 8.220358e+03
0.676254       7.002194e-14 -9.340086e-13 -1.843469e+07 7.003048e-14 -9.341240e-13 -1.844292e+07 -8.540365e-18 1.154111e-16 8.233215e+03
0.677098       7.008508e-14 -9.348754e-13 -1.847299e+07 7.009367e-14 -9.349915e-13 -1.848124e+07 -8.588812e-18 1.160580e-16 8.245762e+03
0.677941       7.016923e-14 -9.360194e-13 -1.851918e+07 7.017786e-14 -9.361361e-13 -1.852744e+07 -8.636350e-18 1.166924e-16 8.258041e+03
0.678783       7.025000e-14 -9.371203e-13 -1.856005e+07 7.025868e-14 -9.372376e-13 -1.856832e+07 -8.680626e-18 1.172828e-16 8.270455e+03
0.679625       7.035334e-14 -9.385227e-13 -1.860596e+07 7.036206e-14 -9.386405e-13 -1.861425e+07 -8.721892e-18 1.178325e-16 8.282977e+03
0.680466       7.040909e-14 -9.392880e-13 -1.864290e+07 7.041785e-14 -9.394064e-13 -1.865120e+07 -8.762984e-18 1.183797e-16 8.295059e+03
0.681306       7.047736e-14 -9.402207e-13 -1.868304e+07 7.048616e-14 -9.403396e-13 -1.869134e+07 -8.804155e-18 1.189278e-16 8.306634e+03
0.682146       7.053190e-14 -9.409696e-13 -1.871963e+07 7.054074e-14 -9.410891e-13 -1.872794e+07 -8.845355e-18 1.194760e-16 8.317685e+03
0.682984       7.058617e-14 -9.417148e-13 -1.875586e+07 7.059506e-14 -9.418348e-13 -1.876419e+07 -8.886381e-18 1.200216e-16 8.328189e+03
0.683822       7.064362e-14 -9.425019e-13 -1.879302e+07 7.065254e-14 -9.426225e-13 -1.880136e+07 -8.927162e-18 1.205637e-16 8.338110e+03
0.684659       7.069749e-14 -9.432412e-13 -1.882889e+07 7.070645e-14 -9.433623e-13 -1.883724e+07 -8.967655e-18 1.211017e-16 8.347410e+03
0.685496       7.073181e-14 -9.437190e-13 -1.885963e+07 7.074081e-14 -9.438406e-13 -1.886799e+07 -9.007839e-18 1.216353e-16 8.356038e+03
0.686331       7.076401e-14 -9.441685e-13 -1.888950e+07 7.077305e-14 -9.442907e-13 -1.889787e+07 -9.047659e-18 1.221637e-16 8.363954e+03
0.687166       7.079978e-14 -9.446651e-13 -1.892044e+07 7.080887e-14 -9.447877e-13 -1.892881e+07 -9.087080e-18 1.226865e-16 8.371125e+03
0.688          7.082026e-14 -9.449577e-13 -1.894615e+07 7.082938e-14 -9.450809e-13 -1.895452e+07 -9.126083e-18 1.232034e-16 8.377498e+03
0.688833       7.083680e-14 -9.451975e-13 -1.897142e+07 7.084597e-14 -9.453213e-13 -1.897980e+07 -9.164544e-18 1.237127e-16 8.383022e+03
0.689666       7.085223e-14 -9.454220e-13 -1.899625e+07 7.086143e-14 -9.455462e-13 -1.900464e+07 -9.202359e-18 1.242129e-16 8.387664e+03
0.690497       7.087158e-14 -9.456984e-13 -1.902224e+07 7.088082e-14 -9.458231e-13 -1.903063e+07 -9.239477e-18 1.247035e-16 8.391377e+03
0.691328       7.086446e-14 -9.456218e-13 -1.904060e+07 7.087374e-14 -9.457470e-13 -1.904899e+07 -9.275831e-18 1.251834e-16 8.394106e+03
0.692159       7.085905e-14 -9.455673e-13 -1.905945e+07 7.086836e-14 -9.456929e-13 -1.906784e+07 -9.311311e-18 1.256511e-16 8.395797e+03
0.692988       7.083431e-14 -9.452549e-13 -1.907273e+07 7.084366e-14 -9.453810e-13 -1.908113e+07 -9.345829e-18 1.261055e-16 8.396385e+03
0.693817       7.083950e-14 -9.453417e-13 -1.909480e+07 7.084888e-14 -9.454683e-13 -1.910320e+07 -9.379102e-18 1.265427e-16 8.395780e+03
0.694645       7.083605e-14 -9.453135e-13 -1.911309e+07 7.084546e-14 -9.454405e-13 -1.912149e+07 -9.411127e-18 1.269626e-16 8.393922e+03
0.695472       7.080941e-14 -9.449750e-13 -1.912573e+07 7.081886e-14 -9.451024e-13 -1.913412e+07 -9.441477e-18 1.273594e-16 8.390696e+03
0.696298       7.077475e-14 -9.445298e-13 -1.913603e+07 7.078422e-14 -9.446576e-13 -1.914442e+07 -9.469687e-18 1.277267e-16 8.385913e+03
0.697124       7.077004e-14 -9.444871e-13 -1.915471e+07 7.077954e-14 -9.446152e-13 -1.916309e+07 -9.494647e-18 1.280493e-16 8.378987e+03
0.697949       7.066649e-14 -9.431131e-13 -1.914582e+07 7.067601e-14 -9.432414e-13 -1.915419e+07 -9.517713e-18 1.283462e-16 8.371155e+03
0.698773       7.054511e-14 -9.415004e-13 -1.913203e+07 7.055465e-14 -9.416290e-13 -1.914040e+07 -9.539754e-18 1.286290e-16 8.362608e+03
0.699596       7.046372e-14 -9.404286e-13 -1.913015e+07 7.047328e-14 -9.405575e-13 -1.913850e+07 -9.561652e-18 1.289091e-16 8.352586e+03
0.700419       7.038009e-14 -9.393268e-13 -1.912653e+07 7.038967e-14 -9.394560e-13 -1.913487e+07 -9.581799e-18 1.291649e-16 8.341015e+03
0.70124        7.027102e-14 -9.378839e-13 -1.911669e+07 7.028063e-14 -9.380134e-13 -1.912502e+07 -9.601426e-18 1.294128e-16 8.327878e+03
0.702062       7.016295e-14 -9.364544e-13 -1.910526e+07 7.017256e-14 -9.365840e-13 -1.911357e+07 -9.617166e-18 1.296077e-16 8.313063e+03
0.702882       7.003619e-14 -9.347746e-13 -1.908856e+07 7.004582e-14 -9.349043e-13 -1.909686e+07 -9.629541e-18 1.297563e-16 8.296361e+03
0.703701       6.989744e-14 -9.329330e-13 -1.906880e+07 6.990708e-14 -9.330629e-13 -1.907708e+07 -9.638471e-18 1.298577e-16 8.277607e+03
0.70452        6.973577e-14 -9.307845e-13 -1.904255e+07 6.974541e-14 -9.309144e-13 -1.905081e+07 -9.643766e-18 1.299092e-16 8.256620e+03
0.705338       6.954865e-14 -9.282952e-13 -1.900897e+07 6.955829e-14 -9.284251e-13 -1.901720e+07 -9.645203e-18 1.299077e-16 8.233191e+03
0.706155       6.933857e-14 -9.254978e-13 -1.896928e+07 6.934822e-14 -9.256276e-13 -1.897749e+07 -9.642396e-18 1.298479e-16 8.207283e+03
0.706972       6.910675e-14 -9.224082e-13 -1.892415e+07 6.911639e-14 -9.225380e-13 -1.893233e+07 -9.634875e-18 1.297236e-16 8.178946e+03
0.707788       6.885282e-14 -9.190221e-13 -1.887182e+07 6.886244e-14 -9.191516e-13 -1.887997e+07 -9.622509e-18 1.295326e-16 8.147772e+03
0.708603       6.855575e-14 -9.150584e-13 -1.880782e+07 6.856536e-14 -9.151876e-13 -1.881593e+07 -9.604875e-18 1.292693e-16 8.113470e+03
0.709417       6.823635e-14 -9.107948e-13 -1.873744e+07 6.824593e-14 -9.109237e-13 -1.874551e+07 -9.581136e-18 1.289222e-16 8.076129e+03
0.71023        6.787211e-14 -9.059303e-13 -1.865694e+07 6.788166e-14 -9.060588e-13 -1.866498e+07 -9.550344e-18 1.284784e-16 8.035924e+03
0.711043       6.746031e-14 -9.004285e-13 -1.856393e+07 6.746982e-14 -9.005565e-13 -1.857193e+07 -9.512232e-18 1.279340e-16 7.992419e+03
0.711855       6.701636e-14 -8.944968e-13 -1.845010e+07 6.702583e-14 -8.946240e-13 -1.845804e+07 -9.463989e-18 1.272511e-16 7.944981e+03
0.712666       6.651799e-14 -8.878338e-13 -1.832580e+07 6.652740e-14 -8.879602e-13 -1.833370e+07 -9.406576e-18 1.264426e-16 7.893328e+03
0.713476       6.599665e-14 -8.808630e-13 -1.819003e+07 6.600599e-14 -8.809885e-13 -1.819787e+07 -9.336835e-18 1.254663e-16 7.837672e+03
0.714286       6.541841e-14 -8.731342e-13 -1.803851e+07 6.542766e-14 -8.732585e-13 -1.804628e+07 -9.254292e-18 1.243152e-16 7.778031e+03
0.715095       6.479659e-14 -8.648234e-13 -1.787290e+07 6.480575e-14 -8.649463e-13 -1.788061e+07 -9.156629e-18 1.229580e-16 7.714907e+03
0.715903       6.415434e-14 -8.562367e-13 -1.769422e+07 6.416338e-14 -8.563581e-13 -1.770187e+07 -9.043115e-18 1.213854e-16 7.648082e+03
0.71671        6.342975e-14 -8.465560e-13 -1.749474e+07 6.343867e-14 -8.466756e-13 -1.750231e+07 -8.915988e-18 1.196266e-16 7.577120e+03
0.717517       6.263567e-14 -8.359512e-13 -1.727265e+07 6.264444e-14 -8.360689e-13 -1.728015e+07 -8.774104e-18 1.176660e-16 7.501955e+03
0.718322       6.178512e-14 -8.245965e-13 -1.703061e+07 6.179374e-14 -8.247120e-13 -1.703803e+07 -8.616441e-18 1.154902e-16 7.422551e+03
0.719127       6.086275e-14 -8.122903e-13 -1.676230e+07 6.087119e-14 -8.124034e-13 -1.676964e+07 -8.443124e-18 1.131011e-16 7.338872e+03
0.719931       5.988630e-14 -7.992692e-13 -1.647292e+07 5.989456e-14 -7.993797e-13 -1.648017e+07 -8.254998e-18 1.105107e-16 7.250831e+03
0.720734       5.881621e-14 -7.850097e-13 -1.614882e+07 5.882426e-14 -7.851174e-13 -1.615598e+07 -8.053632e-18 1.077409e-16 7.158699e+03
0.721537       5.767434e-14 -7.698064e-13 -1.579362e+07 5.768218e-14 -7.699112e-13 -1.580068e+07 -7.840489e-18 1.048122e-16 7.062982e+03
0.722338       5.645081e-14 -7.535251e-13 -1.540765e+07 5.645843e-14 -7.536269e-13 -1.541461e+07 -7.616017e-18 1.017312e-16 6.963722e+03
0.723139       5.511842e-14 -7.358018e-13 -1.498545e+07 5.512580e-14 -7.359003e-13 -1.499231e+07 -7.379861e-18 9.849349e-17 6.860765e+03
0.723939       5.363034e-14 -7.160050e-13 -1.451947e+07 5.363747e-14 -7.161000e-13 -1.452623e+07 -7.128878e-18 9.505633e-17 6.753770e+03
0.724738       5.197063e-14 -6.939144e-13 -1.401339e+07 5.197748e-14 -6.940057e-13 -1.402003e+07 -6.856715e-18 9.133303e-17 6.641825e+03
0.725536       5.005343e-14 -6.683678e-13 -1.345778e+07 5.005998e-14 -6.684549e-13 -1.346430e+07 -6.549089e-18 8.712817e-17 6.523661e+03
0.726333       4.784619e-14 -6.389231e-13 -1.284941e+07 4.785237e-14 -6.390051e-13 -1.285580e+07 -6.177924e-18 8.205723e-17 6.391302e+03
0.727129       4.527982e-14 -6.046174e-13 -1.221853e+07 4.528559e-14 -6.046939e-13 -1.222480e+07 -5.771538e-18 7.650590e-17 6.263742e+03
0.727925       4.257713e-14 -5.684713e-13 -1.157362e+07 4.258243e-14 -5.685413e-13 -1.157975e+07 -5.296594e-18 7.001618e-17 6.138237e+03
0.728719       3.962684e-14 -5.289875e-13 -1.089818e+07 3.963154e-14 -5.290493e-13 -1.090420e+07 -4.693637e-18 6.177483e-17 6.015973e+03
0.729512       3.655583e-14 -4.879108e-13 -1.017631e+07 3.655980e-14 -4.879626e-13 -1.018221e+07 -3.969149e-18 5.187155e-17 5.894676e+03
0.730305       3.358099e-14 -4.481675e-13 -9.438200e+06 3.358419e-14 -4.482089e-13 -9.443976e+06 -3.202630e-18 4.139456e-17 5.776027e+03
0.731096       3.083752e-14 -4.115865e-13 -8.725905e+06 3.083993e-14 -4.116170e-13 -8.731573e+06 -2.407961e-18 3.053155e-17 5.667676e+03
0.731886       2.839455e-14 -3.790974e-13 -8.079877e+06 2.839614e-14 -3.791168e-13 -8.085455e+06 -1.590148e-18 1.934290e-17 5.577865e+03
0.732676       2.589701e-14 -3.458785e-13 -7.406278e+06 2.589795e-14 -3.458889e-13 -7.411767e+06 -9.417320e-19 1.046698e-17 5.488915e+03
0.733464       2.365282e-14 -3.160643e-13 -6.795432e+06 2.365338e-14 -3.160695e-13 -6.800839e+06 -5.566355e-19 5.188858e-18 5.407577e+03
0.734251       2.150229e-14 -2.875526e-13 -6.207207e+06 2.150278e-14 -2.875569e-13 -6.212532e+06 -4.905842e-19 4.272568e-18 5.325194e+03
0.735036       1.960823e-14 -2.624783e-13 -5.688486e+06 1.960894e-14 -2.624855e-13 -5.693731e+06 -7.112336e-19 7.275791e-18 5.245135e+03
0.735821       1.837298e-14 -2.461931e-13 -5.323733e+06 1.837416e-14 -2.462068e-13 -5.328924e+06 -1.180971e-18 1.368363e-17 5.191618e+03
0.736604       1.733748e-14 -2.325668e-13 -5.050035e+06 1.733914e-14 -2.325870e-13 -5.055191e+06 -1.661553e-18 2.024071e-17 5.155640e+03
0.737363       1.600013e-14 -2.148873e-13 -4.720496e+06 1.600199e-14 -2.149102e-13 -4.725631e+06 -1.852465e-18 2.284240e-17 5.134730e+03
0.738088       1.460597e-14 -1.964477e-13 -4.363668e+06 1.460794e-14 -1.964721e-13 -4.368793e+06 -1.965855e-18 2.438517e-17 5.124241e+03
0.738783       1.233794e-14 -1.663219e-13 -3.800766e+06 1.233971e-14 -1.663436e-13 -3.805893e+06 -1.769676e-18 2.168256e-17 5.127487e+03
0.739451       1.221309e-14 -1.648028e-13 -3.789680e+06 1.221480e-14 -1.648236e-13 -3.794815e+06 -1.708141e-18 2.081053e-17 5.135285e+03
0.740096       1.231032e-14 -1.662370e-13 -3.827412e+06 1.231189e-14 -1.662560e-13 -3.832563e+06 -1.574536e-18 1.894749e-17 5.150059e+03
0.740719       1.249796e-14 -1.688563e-13 -3.875247e+06 1.249934e-14 -1.688725e-13 -3.880410e+06 -1.378859e-18 1.622854e-17 5.162914e+03
0.741323       1.235830e-14 -1.670382e-13 -3.892328e+06 1.235935e-14 -1.670498e-13 -3.897552e+06 -1.046720e-18 1.165998e-17 5.224200e+03
0.74191        1.243463e-14 -1.681201e-13 -3.909569e+06 1.243539e-14 -1.681278e-13 -3.914872e+06 -7.577651e-19 7.664966e-18 5.303187e+03
0.742481       1.234389e-14 -1.669672e-13 -3.879016e+06 1.234443e-14 -1.669718e-13 -3.884410e+06 -5.371968e-19 4.592164e-18 5.394158e+03
0.743038       1.210008e-14 -1.637590e-13 -3.803105e+06 1.210048e-14 -1.637616e-13 -3.808598e+06 -3.968070e-19 2.602452e-18 5.492217e+03
0.74358        1.167894e-14 -1.581765e-13 -3.676297e+06 1.167931e-14 -1.581787e-13 -3.681886e+06 -3.713768e-19 2.161961e-18 5.589057e+03
0.74411        1.126716e-14 -1.526832e-13 -3.544068e+06 1.126760e-14 -1.526861e-13 -3.549758e+06 -4.319236e-19 2.878958e-18 5.690039e+03
0.744627       1.073374e-14 -1.455450e-13 -3.363845e+06 1.073408e-14 -1.455465e-13 -3.369669e+06 -3.375811e-19 1.507222e-18 5.823821e+03
0.745133       9.871178e-15 -1.340151e-13 -3.095863e+06 9.871382e-15 -1.340148e-13 -3.101832e+06 -2.045908e-19 -3.943476e-19 5.968922e+03
0.745628       9.647021e-15 -1.309804e-13 -2.975813e+06 9.647149e-15 -1.309789e-13 -2.981941e+06 -1.281352e-19 -1.526468e-18 6.127086e+03
0.746113       9.666097e-15 -1.311570e-13 -2.891021e+06 9.665868e-15 -1.311505e-13 -2.897320e+06 2.285191e-19 -6.489178e-18 6.298518e+03
0.746587       8.886535e-15 -1.206778e-13 -2.593730e+06 8.885985e-15 -1.206669e-13 -2.600192e+06 5.499513e-19 -1.096986e-17 6.462019e+03
0.747052       7.442818e-15 -1.013230e-13 -2.126028e+06 7.441762e-15 -1.013051e-13 -2.132628e+06 1.055808e-18 -1.796752e-17 6.599981e+03
0.747508       5.767210e-15 -7.885589e-14 -1.590272e+06 5.765377e-15 -7.882722e-14 -1.596996e+06 1.833249e-18 -2.867070e-17 6.724789e+03
0.747955       4.628032e-15 -6.357075e-14 -1.183815e+06 4.624758e-15 -6.352228e-14 -1.190681e+06 3.274172e-18 -4.846586e-17 6.866757e+03
0.748392       5.396965e-15 -7.378119e-14 -1.302997e+06 5.391582e-15 -7.370375e-14 -1.310086e+06 5.383011e-18 -7.744365e-17 7.088668e+03
0.748821       6.508031e-15 -8.855804e-14 -1.492484e+06 6.500432e-15 -8.845019e-14 -1.499929e+06 7.598679e-18 -1.078479e-16 7.445472e+03
0.749242       7.652944e-15 -1.037536e-13 -1.703069e+06 7.642368e-15 -1.036049e-13 -1.710944e+06 1.057594e-17 -1.486822e-16 7.874720e+03
0.749656       7.554459e-15 -1.024332e-13 -1.600894e+06 7.540388e-15 -1.022367e-13 -1.609248e+06 1.407140e-17 -1.965831e-16 8.353390e+03
0.750063       5.824180e-15 -7.938529e-14 -1.072086e+06 5.807837e-15 -7.915765e-14 -1.080534e+06 1.634211e-17 -2.276410e-16 8.448141e+03
0.750463       5.243088e-15 -7.166554e-14 -8.820754e+05 5.226695e-15 -7.143711e-14 -8.903703e+05 1.639310e-17 -2.284254e-16 8.294896e+03
0.750856       5.890105e-15 -8.030389e-14 -9.887720e+05 5.873156e-15 -8.006784e-14 -9.969174e+05 1.694941e-17 -2.360439e-16 8.145432e+03
0.751243       6.825100e-15 -9.276213e-14 -1.154718e+06 6.807598e-15 -9.251847e-14 -1.162805e+06 1.750244e-17 -2.436579e-16 8.086779e+03
0.751625       7.494497e-15 -1.016904e-13 -1.266438e+06 7.476307e-15 -1.014373e-13 -1.274441e+06 1.819003e-17 -2.531151e-16 8.003168e+03
0.752001       8.116483e-15 -1.099859e-13 -1.373784e+06 8.097483e-15 -1.097217e-13 -1.381678e+06 1.900078e-17 -2.642506e-16 7.894763e+03
0.752372       8.773866e-15 -1.187440e-13 -1.494684e+06 8.753906e-15 -1.184667e-13 -1.502427e+06 1.995991e-17 -2.773920e-16 7.742920e+03
0.752738       9.424926e-15 -1.274119e-13 -1.619721e+06 9.403775e-15 -1.271183e-13 -1.627239e+06 2.115170e-17 -2.936649e-16 7.518025e+03
0.753099       9.854393e-15 -1.331405e-13 -1.707087e+06 9.832105e-15 -1.328313e-13 -1.714369e+06 2.228777e-17 -3.091990e-16 7.281941e+03
0.753456       1.031580e-14 -1.392915e-13 -1.794914e+06 1.029239e-14 -1.389670e-13 -1.801945e+06 2.340815e-17 -3.245284e-16 7.031147e+03
0.753808       1.081410e-14 -1.459254e-13 -1.895320e+06 1.078957e-14 -1.455856e-13 -1.902084e+06 2.452697e-17 -3.398406e-16 6.763821e+03
0.754157       1.132778e-14 -1.527584e-13 -2.002227e+06 1.130214e-14 -1.524032e-13 -2.008706e+06 2.564576e-17 -3.551548e-16 6.479258e+03
0.754501       1.184443e-14 -1.596265e-13 -2.111748e+06 1.181768e-14 -1.592562e-13 -2.117926e+06 2.675555e-17 -3.703488e-16 6.178207e+03
0.754842       1.234921e-14 -1.663338e-13 -2.219083e+06 1.232137e-14 -1.659487e-13 -2.224944e+06 2.783404e-17 -3.851214e-16 5.861645e+03
0.75518        1.286017e-14 -1.731182e-13 -2.330870e+06 1.283135e-14 -1.727196e-13 -2.336402e+06 2.882001e-17 -3.986490e-16 5.531990e+03
0.755514       1.343630e-14 -1.807589e-13 -2.462442e+06 1.340670e-14 -1.803495e-13 -2.467651e+06 2.960080e-17 -4.094290e-16 5.208472e+03
0.755845       1.393009e-14 -1.873136e-13 -2.562892e+06 1.389947e-14 -1.868903e-13 -2.567811e+06 3.061493e-17 -4.233666e-16 4.918725e+03
0.756172       1.431342e-14 -1.924033e-13 -2.636878e+06 1.428171e-14 -1.919649e-13 -2.641486e+06 3.170872e-17 -4.383693e-16 4.607748e+03
0.756497       1.464779e-14 -1.968407e-13 -2.700095e+06 1.461488e-14 -1.963859e-13 -2.704382e+06 3.291197e-17 -4.548429e-16 4.286320e+03
0.756819       1.493136e-14 -2.006016e-13 -2.752028e+06 1.489714e-14 -2.001289e-13 -2.755991e+06 3.421388e-17 -4.726414e-16 3.962670e+03
0.757138       1.518361e-14 -2.039438e-13 -2.796954e+06 1.514800e-14 -2.034522e-13 -2.800597e+06 3.560550e-17 -4.916441e-16 3.643090e+03
0.757455       1.541812e-14 -2.070471e-13 -2.838482e+06 1.538104e-14 -2.065353e-13 -2.841820e+06 3.708326e-17 -5.118026e-16 3.337885e+03
0.757769       1.578347e-14 -2.118742e-13 -2.918501e+06 1.574484e-14 -2.113413e-13 -2.921587e+06 3.863182e-17 -5.328984e-16 3.085335e+03
0.758081       1.587860e-14 -2.131243e-13 -2.922789e+06 1.583817e-14 -2.125669e-13 -2.925644e+06 4.043463e-17 -5.574171e-16 2.855738e+03
0.758391       1.591176e-14 -2.135491e-13 -2.914810e+06 1.586947e-14 -2.129664e-13 -2.917355e+06 4.228911e-17 -5.826539e-16 2.544687e+03
0.758698       1.591844e-14 -2.136169e-13 -2.906636e+06 1.587459e-14 -2.130128e-13 -2.908746e+06 4.385715e-17 -6.040823e-16 2.109814e+03
0.759003       1.590325e-14 -2.133902e-13 -2.894462e+06 1.585795e-14 -2.127664e-13 -2.896197e+06 4.529929e-17 -6.238136e-16 1.735073e+03
0.759306       1.582721e-14 -2.123511e-13 -2.869220e+06 1.578033e-14 -2.117057e-13 -2.870574e+06 4.687754e-17 -6.453696e-16 1.353567e+03
0.759608       1.573737e-14 -2.111261e-13 -2.840964e+06 1.568886e-14 -2.104585e-13 -2.841939e+06 4.850531e-17 -6.675849e-16 9.755451e+02
0.759907       1.562565e-14 -2.096068e-13 -2.807975e+06 1.557552e-14 -2.089170e-13 -2.808574e+06 5.013132e-17 -6.897709e-16 5.993730e+02
0.760204       1.548796e-14 -2.077394e-13 -2.769382e+06 1.543622e-14 -2.070277e-13 -2.769604e+06 5.173432e-17 -7.116422e-16 2.220374e+02
0.7605         1.531904e-14 -2.054549e-13 -2.723608e+06 1.526573e-14 -2.047218e-13 -2.723450e+06 5.330890e-17 -7.331253e-16 -1.584020e+02
0.760794       1.511660e-14 -2.027232e-13 -2.666501e+06 1.506174e-14 -2.019689e-13 -2.665957e+06 5.485579e-17 -7.542290e-16 -5.444631e+02
0.761086       1.490791e-14 -1.999084e-13 -2.611582e+06 1.485153e-14 -1.991335e-13 -2.610642e+06 5.637708e-17 -7.749793e-16 -9.402111e+02
0.761377       1.469137e-14 -1.969907e-13 -2.556103e+06 1.463348e-14 -1.961952e-13 -2.554739e+06 5.788279e-17 -7.955094e-16 -1.363816e+03
0.761666       1.443680e-14 -1.935594e-13 -2.488433e+06 1.437744e-14 -1.927437e-13 -2.486644e+06 5.936603e-17 -8.157292e-16 -1.789297e+03
0.761954       1.419475e-14 -1.902961e-13 -2.417225e+06 1.413401e-14 -1.894617e-13 -2.415097e+06 6.073161e-17 -8.343839e-16 -2.128727e+03
0.76224        1.387214e-14 -1.859622e-13 -2.333984e+06 1.380997e-14 -1.851082e-13 -2.331536e+06 6.217059e-17 -8.540031e-16 -2.448351e+03
0.762525       1.349447e-14 -1.809009e-13 -2.230895e+06 1.343087e-14 -1.800275e-13 -2.228139e+06 6.359862e-17 -8.734504e-16 -2.755955e+03
0.762808       1.307891e-14 -1.753367e-13 -2.119297e+06 1.301401e-14 -1.744455e-13 -2.116231e+06 6.490158e-17 -8.911948e-16 -3.065889e+03
0.76309        1.265328e-14 -1.696383e-13 -2.004574e+06 1.258711e-14 -1.687299e-13 -2.001203e+06 6.616898e-17 -9.084318e-16 -3.371303e+03
0.763371       1.230629e-14 -1.649774e-13 -1.907201e+06 1.223884e-14 -1.640517e-13 -1.903542e+06 6.744374e-17 -9.257305e-16 -3.659020e+03
0.763651       1.183367e-14 -1.586546e-13 -1.780716e+06 1.176514e-14 -1.577142e-13 -1.776772e+06 6.852866e-17 -9.404493e-16 -3.944093e+03
0.763929       1.137069e-14 -1.524592e-13 -1.655818e+06 1.130114e-14 -1.515050e-13 -1.651619e+06 6.954518e-17 -9.542136e-16 -4.199157e+03
0.764207       1.088571e-14 -1.459727e-13 -1.525877e+06 1.081526e-14 -1.450062e-13 -1.521454e+06 7.045546e-17 -9.665122e-16 -4.422805e+03
0.764483       1.037106e-14 -1.390914e-13 -1.392092e+06 1.029993e-14 -1.381158e-13 -1.387461e+06 7.113373e-17 -9.756445e-16 -4.630572e+03
0.764758       9.840341e-15 -1.319987e-13 -1.251111e+06 9.768732e-15 -1.310167e-13 -1.246300e+06 7.160961e-17 -9.820100e-16 -4.811391e+03
0.765033       9.276078e-15 -1.244627e-13 -1.098967e+06 9.204219e-15 -1.234774e-13 -1.094005e+06 7.185975e-17 -9.852964e-16 -4.961900e+03
0.765307       8.724809e-15 -1.170971e-13 -9.517861e+05 8.653058e-15 -1.161134e-13 -9.467527e+05 7.175089e-17 -9.837008e-16 -5.033393e+03
0.765579       8.117893e-15 -1.089903e-13 -7.934644e+05 8.046342e-15 -1.080094e-13 -7.883996e+05 7.155077e-17 -9.808181e-16 -5.064824e+03
0.765851       7.550021e-15 -1.014060e-13 -6.460616e+05 7.478784e-15 -1.004296e-13 -6.410257e+05 7.123725e-17 -9.763432e-16 -5.035943e+03
0.766123       7.055488e-15 -9.480177e-14 -5.212718e+05 6.984826e-15 -9.383349e-14 -5.163092e+05 7.066242e-17 -9.682805e-16 -4.962678e+03
0.766394       6.449961e-15 -8.671149e-14 -3.672600e+05 6.380087e-15 -8.575422e-14 -3.624350e+05 6.987352e-17 -9.572722e-16 -4.825046e+03
0.766665       5.815334e-15 -7.823020e-14 -2.070690e+05 5.746477e-15 -7.728707e-14 -2.025026e+05 6.885726e-17 -9.431333e-16 -4.566452e+03
0.766935       5.139278e-15 -6.919273e-14 -3.718857e+04 5.071660e-15 -6.826680e-14 -3.309046e+04 6.761818e-17 -9.259273e-16 -4.098106e+03
0.767206       4.405543e-15 -5.938002e-14 1.468085e+05 4.339316e-15 -5.847339e-14 1.500415e+05 6.622754e-17 -9.066339e-16 -3.232974e+03
0.767478       3.668428e-15 -4.951717e-14 3.277136e+05 3.603666e-15 -4.863086e-14 3.297070e+05 6.476233e-17 -8.863073e-16 -1.993305e+03
0.767749       4.143379e-15 -5.588241e-14 1.882380e+05 4.077818e-15 -5.498528e-14 1.909094e+05 6.556115e-17 -8.971314e-16 -2.671392e+03
0.768015       4.611033e-15 -6.215487e-14 5.969272e+04 4.542160e-15 -6.121232e-14 6.512971e+04 6.887350e-17 -9.425454e-16 -5.436983e+03
0.768278       4.640528e-15 -6.254631e-14 3.644244e+04 4.567755e-15 -6.155020e-14 4.459418e+04 7.277220e-17 -9.961092e-16 -8.151747e+03
0.76854        5.525729e-15 -7.435976e-14 -2.206913e+05 5.450715e-15 -7.333269e-14 -2.094905e+05 7.501452e-17 -1.027077e-15 -1.120082e+04
0.768799       5.040602e-15 -6.789998e-14 -9.721700e+04 4.964563e-15 -6.685875e-14 -8.368194e+04 7.603882e-17 -1.041231e-15 -1.353505e+04
0.769058       4.555304e-15 -6.143056e-14 2.573195e+04 4.478889e-15 -6.038414e-14 4.096554e+04 7.641526e-17 -1.046422e-15 -1.523358e+04
0.769315       5.682187e-15 -7.639410e-14 -3.293685e+05 5.602829e-15 -7.530774e-14 -3.128716e+05 7.935787e-17 -1.086366e-15 -1.649691e+04
0.769572       5.243956e-15 -7.055545e-14 -2.213190e+05 5.162188e-15 -6.943647e-14 -2.041191e+05 8.176799e-17 -1.118978e-15 -1.719986e+04
0.769828       4.788143e-15 -6.447755e-14 -1.109155e+05 4.704245e-15 -6.332975e-14 -9.337847e+04 8.389840e-17 -1.147800e-15 -1.753700e+04
0.770083       4.809725e-15 -6.475295e-14 -1.244516e+05 4.724436e-15 -6.358636e-14 -1.071344e+05 8.528907e-17 -1.166581e-15 -1.731727e+04
0.770337       7.405255e-15 -9.933442e-14 -7.834846e+05 7.319618e-15 -9.816354e-14 -7.676797e+05 8.563707e-17 -1.170878e-15 -1.580490e+04
0.770592       6.758300e-15 -9.071752e-14 -6.344615e+05 6.669345e-15 -8.950174e-14 -6.199724e+05 8.895498e-17 -1.215780e-15 -1.448911e+04
0.770845       6.227254e-15 -8.362902e-14 -4.992169e+05 6.135758e-15 -8.237881e-14 -4.859056e+05 9.149583e-17 -1.250207e-15 -1.331124e+04
0.771099       5.839186e-15 -7.844661e-14 -4.110477e+05 5.746110e-15 -7.717497e-14 -3.988165e+05 9.307654e-17 -1.271636e-15 -1.223128e+04
0.771352       5.567545e-15 -7.481537e-14 -3.534795e+05 5.473746e-15 -7.353394e-14 -3.422494e+05 9.379932e-17 -1.281433e-15 -1.123005e+04
0.771605       5.403844e-15 -7.261316e-14 -3.133592e+05 5.310008e-15 -7.133124e-14 -3.030571e+05 9.383571e-17 -1.281919e-15 -1.030209e+04
0.771857       5.233888e-15 -7.033592e-14 -2.812837e+05 5.140528e-15 -6.906048e-14 -2.718181e+05 9.335963e-17 -1.275448e-15 -9.465655e+03
0.77211        5.101520e-15 -6.855931e-14 -2.612103e+05 5.008970e-15 -6.729487e-14 -2.525031e+05 9.255002e-17 -1.264444e-15 -8.707165e+03
0.772363       4.992102e-15 -6.708815e-14 -2.468000e+05 4.900576e-15 -6.583762e-14 -2.387791e+05 9.152608e-17 -1.250526e-15 -8.020900e+03
0.772616       4.897621e-15 -6.581647e-14 -2.325708e+05 4.807250e-15 -6.458164e-14 -2.251707e+05 9.037139e-17 -1.234829e-15 -7.400144e+03
0.772869       4.803013e-15 -6.454277e-14 -2.255134e+05 4.713868e-15 -6.332462e-14 -2.186733e+05 8.914535e-17 -1.218157e-15 -6.840121e+03
0.773123       4.712650e-15 -6.332502e-14 -2.228608e+05 4.624762e-15 -6.212397e-14 -2.165250e+05 8.788773e-17 -1.201049e-15 -6.335782e+03
0.773378       4.622674e-15 -6.211237e-14 -2.120357e+05 4.536059e-15 -6.092865e-14 -2.061511e+05 8.661488e-17 -1.183726e-15 -5.884599e+03
0.773633       4.519557e-15 -6.072460e-14 -1.994616e+05 4.434215e-15 -5.955821e-14 -1.939775e+05 8.534126e-17 -1.166386e-15 -5.484114e+03
0.773891       4.394467e-15 -5.904443e-14 -1.826399e+05 4.310386e-15 -5.789522e-14 -1.775056e+05 8.408106e-17 -1.149217e-15 -5.134301e+03
0.77415        4.341499e-15 -5.831988e-14 -1.805223e+05 4.258960e-15 -5.719166e-14 -1.757849e+05 8.253850e-17 -1.128219e-15 -4.737349e+03
0.774413       4.622435e-15 -6.207446e-14 -2.687941e+05 4.540945e-15 -6.096046e-14 -2.640196e+05 8.149054e-17 -1.113997e-15 -4.774505e+03
0.774674       4.594066e-15 -6.168466e-14 -2.762236e+05 4.513453e-15 -6.058256e-14 -2.712735e+05 8.061377e-17 -1.102101e-15 -4.950088e+03
0.774932       4.452036e-15 -5.977632e-14 -2.460353e+05 4.372271e-15 -5.868574e-14 -2.408831e+05 7.976501e-17 -1.090583e-15 -5.152230e+03
0.77519        4.348420e-15 -5.837910e-14 -2.285929e+05 4.269512e-15 -5.730016e-14 -2.232349e+05 7.890743e-17 -1.078940e-15 -5.358046e+03
0.775447       4.228426e-15 -5.676815e-14 -2.074438e+05 4.150420e-15 -5.570146e-14 -2.018637e+05 7.800612e-17 -1.066694e-15 -5.580130e+03
0.775704       4.134343e-15 -5.550054e-14 -1.936132e+05 4.057288e-15 -5.444679e-14 -1.878044e+05 7.705459e-17 -1.053754e-15 -5.808771e+03
0.775961       4.044739e-15 -5.429214e-14 -1.808045e+05 3.968687e-15 -5.325204e-14 -1.747584e+05 7.605142e-17 -1.040101e-15 -6.046066e+03
0.776219       3.948928e-15 -5.300183e-14 -1.668059e+05 3.873930e-15 -5.197609e-14 -1.605105e+05 7.499726e-17 -1.025746e-15 -6.295432e+03
0.776477       3.851380e-15 -5.168780e-14 -1.529879e+05 3.777480e-15 -5.067701e-14 -1.464267e+05 7.389971e-17 -1.010796e-15 -6.561206e+03
0.776736       3.877263e-15 -5.201298e-14 -1.722591e+05 3.804969e-15 -5.102404e-14 -1.655381e+05 7.229454e-17 -9.889379e-16 -6.720998e+03
0.776995       3.761843e-15 -5.045839e-14 -1.556588e+05 3.691169e-15 -4.949152e-14 -1.487735e+05 7.067400e-17 -9.668790e-16 -6.885344e+03
0.777255       3.635709e-15 -4.875944e-14 -1.355393e+05 3.566494e-15 -4.781241e-14 -1.284703e+05 6.921454e-17 -9.470309e-16 -7.068971e+03
0.777517       3.531192e-15 -4.734690e-14 -1.208854e+05 3.463306e-15 -4.641790e-14 -1.136257e+05 6.788690e-17 -9.289980e-16 -7.259665e+03
0.777779       3.375045e-15 -4.525063e-14 -9.301361e+04 3.308122e-15 -4.433473e-14 -8.552784e+04 6.692232e-17 -9.159067e-16 -7.485768e+03
0.778043       3.227944e-15 -4.327488e-14 -6.589034e+04 3.161688e-15 -4.236799e-14 -5.817370e+04 6.625630e-17 -9.068989e-16 -7.716640e+03
0.778307       3.393980e-15 -4.547496e-14 -1.218018e+05 3.331703e-15 -4.462237e-14 -1.140068e+05 6.227669e-17 -8.525851e-16 -7.795096e+03
0.778573       3.216858e-15 -4.309935e-14 -8.973943e+04 3.158034e-15 -4.229386e-14 -8.184524e+04 5.882402e-17 -8.054845e-16 -7.894194e+03
0.77884        3.036189e-15 -4.067466e-14 -5.430915e+04 2.980778e-15 -3.991571e-14 -4.632494e+04 5.541162e-17 -7.589444e-16 -7.984204e+03
0.779108       2.868549e-15 -3.842419e-14 -2.260825e+04 2.816850e-15 -3.771589e-14 -1.452534e+04 5.169845e-17 -7.082967e-16 -8.082910e+03
0.779378       2.738166e-15 -3.666921e-14 2.776300e+02 2.690953e-15 -3.602209e-14 8.464263e+03 4.721383e-17 -6.471184e-16 -8.186633e+03
0.779649       2.699231e-15 -3.613352e-14 -1.363350e+03 2.656840e-15 -3.555220e-14 6.800749e+03 4.239155e-17 -5.813185e-16 -8.164099e+03
0.779922       2.618733e-15 -3.504437e-14 7.310623e+03 2.580526e-15 -3.452015e-14 1.538299e+04 3.820717e-17 -5.242203e-16 -8.072368e+03
0.780198       2.389048e-15 -3.196820e-14 5.564276e+04 2.355342e-15 -3.150541e-14 6.364615e+04 3.370671e-17 -4.627864e-16 -8.003386e+03
0.780475       2.166704e-15 -2.898835e-14 1.024858e+05 2.137863e-15 -2.859200e-14 1.103572e+05 2.884144e-17 -3.963538e-16 -7.871388e+03
0.780755       1.991267e-15 -2.663385e-14 1.358278e+05 1.967824e-15 -2.631125e-14 1.434874e+05 2.344246e-17 -3.226026e-16 -7.659637e+03
0.781038       1.918014e-15 -2.563969e-14 1.440728e+05 1.900795e-15 -2.540212e-14 1.514342e+05 1.721918e-17 -2.375656e-16 -7.361426e+03
0.781323       1.958179e-15 -2.614741e-14 1.182292e+05 1.942674e-15 -2.593307e-14 1.250693e+05 1.550507e-17 -2.143436e-16 -6.840155e+03
0.781609       3.440199e-15 -4.593945e-14 -2.945385e+05 3.425480e-15 -4.573592e-14 -2.879212e+05 1.471868e-17 -2.035274e-16 -6.617323e+03
0.781893       3.998124e-15 -5.337241e-14 -4.607427e+05 3.980717e-15 -5.313210e-14 -4.544969e+05 1.740643e-17 -2.403074e-16 -6.245820e+03
0.782175       3.509185e-15 -4.684059e-14 -3.374581e+05 3.490233e-15 -4.657909e-14 -3.315373e+05 1.895199e-17 -2.615015e-16 -5.920833e+03
0.782457       3.192643e-15 -4.261004e-14 -2.612308e+05 3.173087e-15 -4.234020e-14 -2.555613e+05 1.955604e-17 -2.698493e-16 -5.669542e+03
0.782741       2.989799e-15 -3.989640e-14 -2.165511e+05 2.970346e-15 -3.962784e-14 -2.110741e+05 1.945367e-17 -2.685520e-16 -5.477033e+03
0.783025       2.858150e-15 -3.813227e-14 -1.912581e+05 2.839246e-15 -3.787113e-14 -1.859214e+05 1.890409e-17 -2.611410e-16 -5.336695e+03
0.783311       2.774242e-15 -3.700556e-14 -1.777145e+05 2.756259e-15 -3.675691e-14 -1.725159e+05 1.798308e-17 -2.486501e-16 -5.198607e+03
0.783599       2.766251e-15 -3.688764e-14 -1.837856e+05 2.749694e-15 -3.665838e-14 -1.788037e+05 1.655650e-17 -2.292550e-16 -4.981945e+03
0.783889       2.704112e-15 -3.605103e-14 -1.784407e+05 2.689258e-15 -3.584494e-14 -1.737200e+05 1.485446e-17 -2.060964e-16 -4.720705e+03
0.784181       2.608761e-15 -3.477443e-14 -1.641758e+05 2.595694e-15 -3.459271e-14 -1.597553e+05 1.306619e-17 -1.817228e-16 -4.420435e+03
0.784475       2.532927e-15 -3.375480e-14 -1.553134e+05 2.521791e-15 -3.359942e-14 -1.512572e+05 1.113578e-17 -1.553766e-16 -4.056198e+03
0.784772       2.465338e-15 -3.284480e-14 -1.484937e+05 2.456342e-15 -3.271865e-14 -1.448473e+05 8.996445e-18 -1.261501e-16 -3.646407e+03
0.785073       2.585425e-15 -3.444262e-14 -1.936384e+05 2.578880e-15 -3.434998e-14 -1.904122e+05 6.545139e-18 -9.264307e-17 -3.226183e+03
0.785374       2.669838e-15 -3.556004e-14 -2.285319e+05 2.666309e-15 -3.550866e-14 -2.258122e+05 3.528157e-18 -5.137701e-17 -2.719638e+03
0.785676       2.570080e-15 -3.421540e-14 -2.145627e+05 2.570119e-15 -3.421285e-14 -2.124436e+05 -3.949323e-20 -2.550928e-18 -2.119084e+03
0.785978       2.481174e-15 -3.301985e-14 -1.984582e+05 2.485486e-15 -3.307580e-14 -1.970189e+05 -4.312189e-18 5.594682e-17 -1.439301e+03
0.786282       2.376607e-15 -3.161851e-14 -1.763404e+05 2.384378e-15 -3.172183e-14 -1.756205e+05 -7.770406e-18 1.033185e-16 -7.198521e+02
0.786588       2.315282e-15 -3.079402e-14 -1.678380e+05 2.326416e-15 -3.094341e-14 -1.678467e+05 -1.113387e-17 1.493886e-16 8.740971e+00
0.786897       2.376768e-15 -3.160697e-14 -1.928124e+05 2.391160e-15 -3.180098e-14 -1.935823e+05 -1.439175e-17 1.940118e-16 7.698636e+02
0.787209       2.388209e-15 -3.174989e-14 -2.050928e+05 2.405759e-15 -3.198716e-14 -2.066214e+05 -1.755007e-17 2.372751e-16 1.528582e+03
0.787523       2.265971e-15 -3.011286e-14 -1.818411e+05 2.286669e-15 -3.039328e-14 -1.840314e+05 -2.069791e-17 2.804195e-16 2.190264e+03
0.78784        2.118513e-15 -2.813646e-14 -1.512796e+05 2.142480e-15 -2.846169e-14 -1.540550e+05 -2.396624e-17 3.252293e-16 2.775399e+03
0.788161       2.008719e-15 -2.666258e-14 -1.301313e+05 2.036277e-15 -2.703707e-14 -1.333916e+05 -2.755862e-17 3.744870e-16 3.260239e+03
0.788486       2.068133e-15 -2.744454e-14 -1.548226e+05 2.098024e-15 -2.785102e-14 -1.585534e+05 -2.989052e-17 4.064881e-16 3.730816e+03
0.788815       2.052446e-15 -2.722729e-14 -1.590589e+05 2.083801e-15 -2.765392e-14 -1.632031e+05 -3.135541e-17 4.266249e-16 4.144116e+03
0.789149       2.026316e-15 -2.687305e-14 -1.607857e+05 2.058797e-15 -2.731518e-14 -1.652527e+05 -3.248157e-17 4.421356e-16 4.467006e+03
0.789488       2.378997e-15 -3.156756e-14 -2.673860e+05 2.411622e-15 -3.201177e-14 -2.721853e+05 -3.262481e-17 4.442086e-16 4.799269e+03
0.789824       2.306847e-15 -3.059575e-14 -2.563033e+05 2.339972e-15 -3.104692e-14 -2.613438e+05 -3.312495e-17 4.511724e-16 5.040592e+03
0.790161       2.493067e-15 -3.307898e-14 -3.143889e+05 2.526902e-15 -3.353999e-14 -3.194794e+05 -3.383453e-17 4.610141e-16 5.090507e+03
0.790499       2.311604e-15 -3.064976e-14 -2.724853e+05 2.346487e-15 -3.112524e-14 -2.775084e+05 -3.488295e-17 4.754791e-16 5.023082e+03
0.790839       2.482219e-15 -3.292661e-14 -3.275733e+05 2.517975e-15 -3.341413e-14 -3.322782e+05 -3.575599e-17 4.875168e-16 4.704849e+03
0.791179       2.341907e-15 -3.104427e-14 -2.960571e+05 2.378649e-15 -3.154535e-14 -3.003486e+05 -3.674268e-17 5.010831e-16 4.291435e+03
0.79152        2.246853e-15 -2.976878e-14 -2.770818e+05 2.284525e-15 -3.028263e-14 -2.808524e+05 -3.767194e-17 5.138525e-16 3.770567e+03
0.791862       2.162862e-15 -2.864177e-14 -2.613089e+05 2.201394e-15 -2.916744e-14 -2.644601e+05 -3.853138e-17 5.256667e-16 3.151200e+03
0.792206       2.094929e-15 -2.772919e-14 -2.494560e+05 2.134359e-15 -2.826720e-14 -2.519115e+05 -3.942985e-17 5.380073e-16 2.455508e+03
0.792552       2.030707e-15 -2.686801e-14 -2.371996e+05 2.071195e-15 -2.742053e-14 -2.388988e+05 -4.048857e-17 5.525224e-16 1.699193e+03
0.792902       1.998659e-15 -2.643442e-14 -2.350115e+05 2.040330e-15 -2.700313e-14 -2.359138e+05 -4.167024e-17 5.687056e-16 9.022933e+02
0.793255       2.159766e-15 -2.858329e-14 -2.860276e+05 2.202343e-15 -2.916441e-14 -2.860226e+05 -4.257787e-17 5.811129e-16 -5.050371e+00
0.793609       2.019188e-15 -2.669906e-14 -2.550806e+05 2.062725e-15 -2.729328e-14 -2.540911e+05 -4.353644e-17 5.942202e-16 -9.894590e+02
0.793963       2.033488e-15 -2.688520e-14 -2.664553e+05 2.078069e-15 -2.749371e-14 -2.644144e+05 -4.458165e-17 6.085083e-16 -2.040844e+03
0.794318       1.992851e-15 -2.633383e-14 -2.618767e+05 2.038493e-15 -2.695684e-14 -2.587879e+05 -4.564225e-17 6.230041e-16 -3.088766e+03
0.794675       2.081671e-15 -2.750912e-14 -2.931962e+05 2.127667e-15 -2.813693e-14 -2.891171e+05 -4.599578e-17 6.278073e-16 -4.079071e+03
0.795034       1.948972e-15 -2.573230e-14 -2.639766e+05 1.995460e-15 -2.636681e-14 -2.588645e+05 -4.648780e-17 6.345090e-16 -5.112164e+03
0.795394       1.863569e-15 -2.458486e-14 -2.470140e+05 1.910434e-15 -2.522451e-14 -2.408572e+05 -4.686557e-17 6.396418e-16 -6.156815e+03
0.795754       2.018982e-15 -2.664944e-14 -2.981125e+05 2.065366e-15 -2.728245e-14 -2.909616e+05 -4.638358e-17 6.330063e-16 -7.150913e+03
0.796117       2.031593e-15 -2.681527e-14 -3.087959e+05 2.077598e-15 -2.744304e-14 -3.006150e+05 -4.600496e-17 6.277758e-16 -8.180927e+03
0.796484       1.961890e-15 -2.587812e-14 -2.961841e+05 2.007628e-15 -2.650218e-14 -2.870259e+05 -4.573841e-17 6.240600e-16 -9.158184e+03
0.796857       2.087686e-15 -2.755456e-14 -3.369286e+05 2.133187e-15 -2.817529e-14 -3.267924e+05 -4.550073e-17 6.207325e-16 -1.013619e+04
0.797233       1.976597e-15 -2.606829e-14 -3.124180e+05 2.022164e-15 -2.668985e-14 -3.013105e+05 -4.556717e-17 6.215608e-16 -1.110744e+04
0.797614       1.909786e-15 -2.517206e-14 -3.006968e+05 1.955634e-15 -2.579737e-14 -2.886439e+05 -4.584763e-17 6.253147e-16 -1.205289e+04
0.798002       1.990995e-15 -2.625427e-14 -3.295958e+05 2.037004e-15 -2.688170e-14 -3.165733e+05 -4.600851e-17 6.274325e-16 -1.302248e+04
0.798391       1.961368e-15 -2.585160e-14 -3.273606e+05 2.007495e-15 -2.648056e-14 -3.134687e+05 -4.612670e-17 6.289521e-16 -1.389196e+04
0.798784       1.892245e-15 -2.492440e-14 -3.146854e+05 1.938587e-15 -2.555621e-14 -2.999669e+05 -4.634213e-17 6.318062e-16 -1.471846e+04
0.799182       1.834987e-15 -2.415634e-14 -3.048693e+05 1.881743e-15 -2.479373e-14 -2.893804e+05 -4.675617e-17 6.373811e-16 -1.548892e+04
0.799576       1.802364e-15 -2.371023e-14 -3.019476e+05 1.849772e-15 -2.435644e-14 -2.857718e+05 -4.740792e-17 6.462078e-16 -1.617587e+04
0.799968       2.013975e-15 -2.652379e-14 -3.657337e+05 2.061639e-15 -2.717339e-14 -3.489814e+05 -4.766390e-17 6.496048e-16 -1.675222e+04
0.80036        1.925862e-15 -2.534183e-14 -3.460624e+05 1.973984e-15 -2.599761e-14 -3.287660e+05 -4.812167e-17 6.557798e-16 -1.729642e+04
0.800754       1.845391e-15 -2.426079e-14 -3.282619e+05 1.894224e-15 -2.492622e-14 -3.104879e+05 -4.883294e-17 6.654293e-16 -1.777392e+04
0.801151       1.846151e-15 -2.426414e-14 -3.332810e+05 1.895703e-15 -2.493933e-14 -3.151349e+05 -4.955203e-17 6.751864e-16 -1.814606e+04
0.801553       1.887039e-15 -2.480331e-14 -3.505803e+05 1.937255e-15 -2.548750e-14 -3.321688e+05 -5.021597e-17 6.841906e-16 -1.841149e+04
0.801959       1.837445e-15 -2.413670e-14 -3.421017e+05 1.888564e-15 -2.483317e-14 -3.234631e+05 -5.111887e-17 6.964662e-16 -1.863852e+04
0.802369       1.892432e-15 -2.486589e-14 -3.632565e+05 1.944457e-15 -2.557467e-14 -3.444081e+05 -5.202523e-17 7.087867e-16 -1.884841e+04
0.802782       1.917417e-15 -2.519373e-14 -3.757644e+05 1.970332e-15 -2.591462e-14 -3.567381e+05 -5.291524e-17 7.208872e-16 -1.902633e+04
0.803198       1.870153e-15 -2.455649e-14 -3.679023e+05 1.924156e-15 -2.529218e-14 -3.487417e+05 -5.400231e-17 7.356840e-16 -1.916057e+04
0.803619       1.861583e-15 -2.443664e-14 -3.711398e+05 1.916792e-15 -2.518875e-14 -3.518878e+05 -5.520870e-17 7.521137e-16 -1.925203e+04
0.804046       1.875112e-15 -2.461381e-14 -3.801291e+05 1.931554e-15 -2.538273e-14 -3.607760e+05 -5.644228e-17 7.689209e-16 -1.935305e+04
0.804474       1.829800e-15 -2.400278e-14 -3.724017e+05 1.887653e-15 -2.479094e-14 -3.529676e+05 -5.785396e-17 7.881637e-16 -1.943410e+04
0.804906       1.866348e-15 -2.448385e-14 -3.876095e+05 1.925595e-15 -2.529099e-14 -3.681782e+05 -5.924693e-17 8.071448e-16 -1.943134e+04
0.805344       1.837267e-15 -2.409172e-14 -3.859578e+05 1.897969e-15 -2.491870e-14 -3.665317e+05 -6.070174e-17 8.269764e-16 -1.942612e+04
0.805788       1.810501e-15 -2.373007e-14 -3.847013e+05 1.872744e-15 -2.457806e-14 -3.652749e+05 -6.224235e-17 8.479843e-16 -1.942637e+04
0.806234       1.823015e-15 -2.388960e-14 -3.932353e+05 1.886762e-15 -2.475810e-14 -3.738407e+05 -6.374710e-17 8.684982e-16 -1.939457e+04
0.806682       1.857565e-15 -2.434335e-14 -4.086560e+05 1.922676e-15 -2.523044e-14 -3.893500e+05 -6.511147e-17 8.870883e-16 -1.930597e+04
0.807133       1.800862e-15 -2.358054e-14 -3.981874e+05 1.867540e-15 -2.448900e-14 -3.789655e+05 -6.667807e-17 9.084533e-16 -1.922191e+04
0.807588       1.788356e-15 -2.340828e-14 -4.000722e+05 1.856686e-15 -2.433928e-14 -3.809474e+05 -6.833081e-17 9.309982e-16 -1.912479e+04
0.808049       1.901177e-15 -2.490835e-14 -4.387713e+05 1.970989e-15 -2.585953e-14 -4.198016e+05 -6.981184e-17 9.511868e-16 -1.896971e+04
0.808513       1.852805e-15 -2.425581e-14 -4.296744e+05 1.924184e-15 -2.522837e-14 -4.108644e+05 -7.137898e-17 9.725616e-16 -1.881001e+04
0.80898        1.821199e-15 -2.383088e-14 -4.268736e+05 1.894211e-15 -2.482573e-14 -4.082210e+05 -7.301229e-17 9.948476e-16 -1.865259e+04
0.809453       1.848296e-15 -2.418727e-14 -4.414140e+05 1.922812e-15 -2.520262e-14 -4.229482e+05 -7.451521e-17 1.015350e-15 -1.846575e+04
0.809931       1.846863e-15 -2.416238e-14 -4.465628e+05 1.922800e-15 -2.519712e-14 -4.283310e+05 -7.593685e-17 1.034739e-15 -1.823183e+04
0.810416       1.828732e-15 -2.391662e-14 -4.484950e+05 1.906066e-15 -2.497042e-14 -4.304870e+05 -7.733407e-17 1.053799e-15 -1.800801e+04
0.81091        1.771588e-15 -2.315177e-14 -4.418716e+05 1.850342e-15 -2.422494e-14 -4.241120e+05 -7.875418e-17 1.073170e-15 -1.775958e+04
0.811413       1.844878e-15 -2.412449e-14 -4.690027e+05 1.924768e-15 -2.521313e-14 -4.515527e+05 -7.988973e-17 1.088641e-15 -1.745005e+04
0.811922       1.823379e-15 -2.383084e-14 -4.680361e+05 1.904425e-15 -2.493525e-14 -4.508785e+05 -8.104621e-17 1.104408e-15 -1.715756e+04
0.812439       1.818221e-15 -2.375749e-14 -4.729564e+05 1.900484e-15 -2.487851e-14 -4.560931e+05 -8.226322e-17 1.121011e-15 -1.686339e+04
0.812966       1.868416e-15 -2.442106e-14 -4.965083e+05 1.951701e-15 -2.555601e-14 -4.799889e+05 -8.328533e-17 1.134948e-15 -1.651938e+04
0.813502       1.850448e-15 -2.417646e-14 -4.998974e+05 1.934641e-15 -2.532380e-14 -4.837195e+05 -8.419327e-17 1.147333e-15 -1.617790e+04
0.814043       1.817083e-15 -2.372504e-14 -4.970242e+05 1.902246e-15 -2.488558e-14 -4.812059e+05 -8.516236e-17 1.160544e-15 -1.581829e+04
0.814589       1.869326e-15 -2.441326e-14 -5.175262e+05 1.955249e-15 -2.558416e-14 -5.021051e+05 -8.592286e-17 1.170898e-15 -1.542107e+04
0.81514        1.862169e-15 -2.431214e-14 -5.226313e+05 1.948842e-15 -2.549326e-14 -5.076052e+05 -8.667362e-17 1.181126e-15 -1.502614e+04
0.8157         1.865379e-15 -2.435090e-14 -5.303707e+05 1.952774e-15 -2.554186e-14 -5.157561e+05 -8.739514e-17 1.190955e-15 -1.461466e+04
0.816269       1.889466e-15 -2.466841e-14 -5.442186e+05 1.977420e-15 -2.586697e-14 -5.300576e+05 -8.795388e-17 1.198558e-15 -1.416105e+04
0.816849       1.868632e-15 -2.438702e-14 -5.452944e+05 1.957080e-15 -2.559231e-14 -5.316003e+05 -8.844807e-17 1.205285e-15 -1.369413e+04
0.817438       1.856727e-15 -2.422464e-14 -5.496907e+05 1.945623e-15 -2.543603e-14 -5.364673e+05 -8.889595e-17 1.211383e-15 -1.322347e+04
0.818036       1.898446e-15 -2.477761e-14 -5.687735e+05 1.987556e-15 -2.599190e-14 -5.560499e+05 -8.911027e-17 1.214286e-15 -1.272363e+04
0.818642       1.868900e-15 -2.438000e-14 -5.672558e+05 1.958207e-15 -2.559695e-14 -5.550295e+05 -8.930688e-17 1.216955e-15 -1.222630e+04
0.819257       1.894656e-15 -2.472071e-14 -5.826771e+05 1.983968e-15 -2.593771e-14 -5.709606e+05 -8.931158e-17 1.216999e-15 -1.171647e+04
0.819884       1.892235e-15 -2.468608e-14 -5.909803e+05 1.981428e-15 -2.590144e-14 -5.797910e+05 -8.919302e-17 1.215358e-15 -1.118927e+04
0.82052        1.885341e-15 -2.459029e-14 -5.936875e+05 1.974338e-15 -2.580295e-14 -5.830270e+05 -8.899714e-17 1.212660e-15 -1.066046e+04
0.821167       1.892569e-15 -2.468501e-14 -6.018905e+05 1.981254e-15 -2.589338e-14 -5.917706e+05 -8.868423e-17 1.208364e-15 -1.011998e+04
0.821827       1.873834e-15 -2.443388e-14 -6.045846e+05 1.962100e-15 -2.563651e-14 -5.949876e+05 -8.826543e-17 1.202627e-15 -9.597018e+03
0.822499       1.869382e-15 -2.437337e-14 -6.108295e+05 1.957052e-15 -2.556785e-14 -6.017483e+05 -8.766945e-17 1.194474e-15 -9.081142e+03
0.823184       1.876276e-15 -2.446700e-14 -6.204631e+05 1.963208e-15 -2.565139e-14 -6.118841e+05 -8.693160e-17 1.184386e-15 -8.579087e+03
0.823882       1.841461e-15 -2.400257e-14 -6.174949e+05 1.927566e-15 -2.517566e-14 -6.094155e+05 -8.610509e-17 1.173089e-15 -8.079422e+03
0.824594       1.836623e-15 -2.393918e-14 -6.229351e+05 1.921788e-15 -2.509941e-14 -6.153589e+05 -8.516454e-17 1.160231e-15 -7.576215e+03
0.825321       1.832357e-15 -2.388486e-14 -6.279676e+05 1.916503e-15 -2.503118e-14 -6.208984e+05 -8.414661e-17 1.146314e-15 -7.069198e+03
0.826059       1.827085e-15 -2.381650e-14 -6.326188e+05 1.910127e-15 -2.494771e-14 -6.260679e+05 -8.304205e-17 1.131210e-15 -6.550915e+03
0.826796       1.835434e-15 -2.392832e-14 -6.426408e+05 1.917344e-15 -2.504405e-14 -6.365904e+05 -8.191077e-17 1.115738e-15 -6.050381e+03
0.827535       1.814659e-15 -2.365582e-14 -6.453216e+05 1.895419e-15 -2.475581e-14 -6.397452e+05 -8.075958e-17 1.099989e-15 -5.576406e+03
0.828273       1.808680e-15 -2.357224e-14 -6.415682e+05 1.888328e-15 -2.465702e-14 -6.364360e+05 -7.964812e-17 1.084784e-15 -5.132238e+03
0.829012       1.807596e-15 -2.355416e-14 -6.375120e+05 1.886153e-15 -2.462401e-14 -6.328106e+05 -7.855635e-17 1.069850e-15 -4.701391e+03
0.829751       1.802943e-15 -2.349166e-14 -6.354042e+05 1.880433e-15 -2.454692e-14 -6.311060e+05 -7.748947e-17 1.055259e-15 -4.298190e+03
0.830491       1.795885e-15 -2.339995e-14 -6.347928e+05 1.872355e-15 -2.444127e-14 -6.308739e+05 -7.647050e-17 1.041322e-15 -3.918849e+03
0.831231       1.798256e-15 -2.343397e-14 -6.378518e+05 1.873736e-15 -2.446173e-14 -6.343031e+05 -7.547965e-17 1.027764e-15 -3.548665e+03
0.831971       1.797489e-15 -2.342873e-14 -6.391950e+05 1.871964e-15 -2.444274e-14 -6.360223e+05 -7.447431e-17 1.014003e-15 -3.172745e+03
0.832711       1.796332e-15 -2.341824e-14 -6.391457e+05 1.869795e-15 -2.441840e-14 -6.363581e+05 -7.346306e-17 1.000155e-15 -2.787591e+03
0.833452       1.782378e-15 -2.323780e-14 -6.348837e+05 1.854876e-15 -2.422474e-14 -6.324734e+05 -7.249767e-17 9.869327e-16 -2.410298e+03
0.834193       1.767918e-15 -2.305121e-14 -6.302706e+05 1.839505e-15 -2.402568e-14 -6.282107e+05 -7.158761e-17 9.744659e-16 -2.059915e+03
0.834934       1.717638e-15 -2.238712e-14 -6.148122e+05 1.788393e-15 -2.335019e-14 -6.130602e+05 -7.075534e-17 9.630659e-16 -1.751988e+03
0.835676       1.687647e-15 -2.199465e-14 -6.043759e+05 1.757624e-15 -2.294705e-14 -6.028957e+05 -6.997683e-17 9.524009e-16 -1.480143e+03
0.836418       1.656113e-15 -2.158178e-14 -5.936387e+05 1.725406e-15 -2.252482e-14 -5.924140e+05 -6.929352e-17 9.430357e-16 -1.224754e+03
0.83716        1.628402e-15 -2.121922e-14 -5.878292e+05 1.697059e-15 -2.215353e-14 -5.868545e+05 -6.865719e-17 9.343100e-16 -9.747052e+02
0.837902       1.613234e-15 -2.102593e-14 -5.800572e+05 1.681247e-15 -2.195140e-14 -5.793415e+05 -6.801245e-17 9.254655e-16 -7.157085e+02
0.838644       1.607080e-15 -2.095271e-14 -5.749750e+05 1.674403e-15 -2.186871e-14 -5.745406e+05 -6.732297e-17 9.160045e-16 -4.344173e+02
0.839387       1.588649e-15 -2.071607e-14 -5.659407e+05 1.655269e-15 -2.162244e-14 -5.657963e+05 -6.662057e-17 9.063641e-16 -1.443699e+02
0.840129       1.558307e-15 -2.032090e-14 -5.529823e+05 1.624294e-15 -2.121856e-14 -5.531199e+05 -6.598662e-17 8.976603e-16 1.376102e+02
0.840872       1.525542e-15 -1.989414e-14 -5.386220e+05 1.590994e-15 -2.078445e-14 -5.390176e+05 -6.545164e-17 8.903110e-16 3.955943e+02
0.841614       1.503900e-15 -1.961602e-14 -5.265623e+05 1.568919e-15 -2.050037e-14 -5.271883e+05 -6.501834e-17 8.843521e-16 6.259865e+02
0.842357       1.475351e-15 -1.924660e-14 -5.130373e+05 1.540042e-15 -2.012644e-14 -5.138719e+05 -6.469107e-17 8.798429e-16 8.346080e+02
0.8431         1.443152e-15 -1.882829e-14 -4.971476e+05 1.507562e-15 -1.970425e-14 -4.981926e+05 -6.440990e-17 8.759613e-16 1.045012e+03
0.843842       1.427761e-15 -1.863424e-14 -4.856401e+05 1.491894e-15 -1.950638e-14 -4.868950e+05 -6.413327e-17 8.721389e-16 1.254923e+03
0.844585       1.413616e-15 -1.845720e-14 -4.736813e+05 1.477368e-15 -1.932407e-14 -4.751453e+05 -6.375121e-17 8.668714e-16 1.464007e+03
0.845327       1.418504e-15 -1.853324e-14 -4.685636e+05 1.481790e-15 -1.939370e-14 -4.702519e+05 -6.328626e-17 8.604655e-16 1.688307e+03
0.846069       1.395720e-15 -1.824045e-14 -4.541816e+05 1.458500e-15 -1.909394e-14 -4.560941e+05 -6.277969e-17 8.534894e-16 1.912519e+03
0.846811       1.366821e-15 -1.786595e-14 -4.381303e+05 1.429102e-15 -1.871258e-14 -4.402558e+05 -6.228170e-17 8.466313e-16 2.125531e+03
0.847553       1.324023e-15 -1.730670e-14 -4.172608e+05 1.385842e-15 -1.814696e-14 -4.195749e+05 -6.181917e-17 8.402611e-16 2.314092e+03
0.848295       1.284043e-15 -1.678496e-14 -3.966041e+05 1.345422e-15 -1.761916e-14 -3.990856e+05 -6.137882e-17 8.341961e-16 2.481481e+03
0.849036       1.253055e-15 -1.638205e-14 -3.775108e+05 1.313998e-15 -1.721024e-14 -3.801359e+05 -6.094285e-17 8.281944e-16 2.625047e+03
0.849777       1.217590e-15 -1.592172e-14 -3.631899e+05 1.278053e-15 -1.674331e-14 -3.659369e+05 -6.046295e-17 8.215938e-16 2.747068e+03
0.850517       1.190316e-15 -1.556966e-14 -3.519227e+05 1.250228e-15 -1.638367e-14 -3.547782e+05 -5.991164e-17 8.140183e-16 2.855428e+03
0.851257       1.184741e-15 -1.550685e-14 -3.439915e+05 1.244008e-15 -1.631202e-14 -3.469485e+05 -5.926733e-17 8.051740e-16 2.956971e+03
0.851997       1.180884e-15 -1.546567e-14 -3.414765e+05 1.239358e-15 -1.625997e-14 -3.445284e+05 -5.847448e-17 7.943009e-16 3.051907e+03
0.852736       1.177131e-15 -1.542351e-14 -3.403690e+05 1.234690e-15 -1.620527e-14 -3.435121e+05 -5.755896e-17 7.817544e-16 3.143052e+03
0.853474       1.170846e-15 -1.534697e-14 -3.365928e+05 1.227397e-15 -1.611492e-14 -3.398193e+05 -5.655097e-17 7.679492e-16 3.226473e+03
0.854212       1.151454e-15 -1.509577e-14 -3.256514e+05 1.206946e-15 -1.584922e-14 -3.289502e+05 -5.549204e-17 7.534543e-16 3.298847e+03
0.854949       1.126549e-15 -1.477075e-14 -3.141910e+05 1.180946e-15 -1.550921e-14 -3.175498e+05 -5.439671e-17 7.384686e-16 3.358751e+03
0.855686       1.112146e-15 -1.458569e-14 -3.066689e+05 1.165331e-15 -1.530760e-14 -3.100767e+05 -5.318586e-17 7.219092e-16 3.407800e+03
0.856422       1.104614e-15 -1.449180e-14 -3.019584e+05 1.156521e-15 -1.519623e-14 -3.054033e+05 -5.190723e-17 7.044291e-16 3.444885e+03
0.857157       1.103422e-15 -1.448216e-14 -2.998225e+05 1.154005e-15 -1.516849e-14 -3.032941e+05 -5.058285e-17 6.863305e-16 3.471621e+03
0.857892       1.097321e-15 -1.440615e-14 -2.973356e+05 1.146515e-15 -1.507351e-14 -3.008206e+05 -4.919427e-17 6.673609e-16 3.485033e+03
0.858626       1.087759e-15 -1.428336e-14 -2.948443e+05 1.135489e-15 -1.493072e-14 -2.983338e+05 -4.772976e-17 6.473587e-16 3.489523e+03
0.859359       1.085268e-15 -1.425246e-14 -2.967008e+05 1.131454e-15 -1.487874e-14 -3.001806e+05 -4.618642e-17 6.262839e-16 3.479734e+03
0.860092       1.080998e-15 -1.419763e-14 -3.018451e+05 1.125600e-15 -1.480227e-14 -3.052994e+05 -4.460159e-17 6.046488e-16 3.454309e+03
0.860823       1.080538e-15 -1.419383e-14 -3.119996e+05 1.123503e-15 -1.477613e-14 -3.154206e+05 -4.296450e-17 5.823022e-16 3.421083e+03
0.861554       1.087101e-15 -1.428327e-14 -3.124544e+05 1.128363e-15 -1.484233e-14 -3.158254e+05 -4.126189e-17 5.590658e-16 3.371063e+03
0.862284       1.101212e-15 -1.447244e-14 -3.163761e+05 1.140744e-15 -1.500790e-14 -3.196795e+05 -3.953201e-17 5.354612e-16 3.303354e+03
0.863013       1.114629e-15 -1.465131e-14 -3.208141e+05 1.152381e-15 -1.516250e-14 -3.240452e+05 -3.775228e-17 5.111893e-16 3.231176e+03
0.863742       1.123164e-15 -1.476391e-14 -3.245048e+05 1.159118e-15 -1.525059e-14 -3.276589e+05 -3.595484e-17 4.866825e-16 3.154047e+03
0.864469       1.133346e-15 -1.489804e-14 -3.289646e+05 1.167497e-15 -1.536013e-14 -3.320284e+05 -3.415131e-17 4.620980e-16 3.063801e+03
0.865196       1.136424e-15 -1.493662e-14 -3.315636e+05 1.168775e-15 -1.537419e-14 -3.345261e+05 -3.235134e-17 4.375688e-16 2.962515e+03
0.865922       1.145539e-15 -1.505414e-14 -3.368529e+05 1.176096e-15 -1.546725e-14 -3.397013e+05 -3.055650e-17 4.131140e-16 2.848407e+03
0.866647       1.161945e-15 -1.526676e-14 -3.457440e+05 1.190807e-15 -1.565680e-14 -3.484822e+05 -2.886233e-17 3.900393e-16 2.738170e+03
0.867371       1.175994e-15 -1.544988e-14 -3.519785e+05 1.203257e-15 -1.581813e-14 -3.546126e+05 -2.726218e-17 3.682507e-16 2.634019e+03
0.868095       1.194409e-15 -1.568944e-14 -3.613999e+05 1.220126e-15 -1.603666e-14 -3.639269e+05 -2.571691e-17 3.472162e-16 2.526947e+03
0.868817       1.217120e-15 -1.598452e-14 -3.746625e+05 1.241378e-15 -1.631188e-14 -3.770739e+05 -2.425776e-17 3.273611e-16 2.411416e+03
0.869539       1.242936e-15 -1.632290e-14 -3.844332e+05 1.265777e-15 -1.663099e-14 -3.867380e+05 -2.284109e-17 3.080884e-16 2.304743e+03
0.87026        1.265137e-15 -1.661232e-14 -3.938750e+05 1.286627e-15 -1.690204e-14 -3.960800e+05 -2.149069e-17 2.897241e-16 2.205008e+03
0.87098        1.286769e-15 -1.689400e-14 -4.031080e+05 1.306953e-15 -1.716596e-14 -4.052070e+05 -2.018407e-17 2.719614e-16 2.098969e+03
0.871699       1.318413e-15 -1.730868e-14 -4.147315e+05 1.337358e-15 -1.756380e-14 -4.167229e+05 -1.894515e-17 2.551259e-16 1.991339e+03
0.872418       1.351474e-15 -1.774270e-14 -4.268869e+05 1.369233e-15 -1.798171e-14 -4.287705e+05 -1.775939e-17 2.390174e-16 1.883599e+03
0.873136       1.382158e-15 -1.814464e-14 -4.384201e+05 1.398784e-15 -1.836826e-14 -4.401965e+05 -1.662593e-17 2.236239e-16 1.776399e+03
0.873853       1.404175e-15 -1.843077e-14 -4.470333e+05 1.419719e-15 -1.863970e-14 -4.487025e+05 -1.554380e-17 2.089321e-16 1.669195e+03
0.874569       1.425403e-15 -1.870643e-14 -4.549718e+05 1.439916e-15 -1.890136e-14 -4.565349e+05 -1.451248e-17 1.949349e-16 1.563005e+03
0.875285       1.434516e-15 -1.882110e-14 -4.594960e+05 1.448043e-15 -1.900266e-14 -4.609512e+05 -1.352665e-17 1.815598e-16 1.455209e+03
0.876          1.449240e-15 -1.901064e-14 -4.652018e+05 1.461834e-15 -1.917956e-14 -4.665494e+05 -1.259460e-17 1.689189e-16 1.347593e+03
0.876714       1.460792e-15 -1.915846e-14 -4.693841e+05 1.472504e-15 -1.931542e-14 -4.706245e+05 -1.171272e-17 1.569627e-16 1.240455e+03
0.877428       1.472024e-15 -1.930264e-14 -4.728307e+05 1.482909e-15 -1.944839e-14 -4.739653e+05 -1.088529e-17 1.457494e-16 1.134663e+03
0.878141       1.481359e-15 -1.942193e-14 -4.753199e+05 1.491467e-15 -1.955715e-14 -4.763500e+05 -1.010834e-17 1.352244e-16 1.030129e+03
0.878854       1.491972e-15 -1.955877e-14 -4.777852e+05 1.501351e-15 -1.968412e-14 -4.787112e+05 -9.378475e-18 1.253414e-16 9.260526e+02
0.879566       1.493117e-15 -1.956969e-14 -4.770964e+05 1.501814e-15 -1.968581e-14 -4.779212e+05 -8.697079e-18 1.161189e-16 8.247585e+02
0.880278       1.499624e-15 -1.965277e-14 -4.775409e+05 1.507683e-15 -1.976025e-14 -4.782609e+05 -8.058597e-18 1.074824e-16 7.199346e+02
0.880989       1.506288e-15 -1.973858e-14 -4.777096e+05 1.513760e-15 -1.983815e-14 -4.783207e+05 -7.472685e-18 9.956245e-17 6.111594e+02
0.8817         1.513058e-15 -1.982668e-14 -4.775564e+05 1.519986e-15 -1.991889e-14 -4.780626e+05 -6.928402e-18 9.220956e-17 5.061563e+02
0.882411       1.509503e-15 -1.977729e-14 -4.741507e+05 1.515927e-15 -1.986271e-14 -4.745546e+05 -6.424927e-18 8.541277e-17 4.038596e+02
0.883121       1.498480e-15 -1.962875e-14 -4.682511e+05 1.504441e-15 -1.970790e-14 -4.685550e+05 -5.961080e-18 7.915589e-17 3.039286e+02
0.88383        1.509614e-15 -1.977234e-14 -4.722472e+05 1.515148e-15 -1.984574e-14 -4.724543e+05 -5.534146e-18 7.340194e-17 2.070806e+02
0.88454        1.502151e-15 -1.966947e-14 -4.716273e+05 1.507292e-15 -1.973758e-14 -4.717418e+05 -5.141445e-18 6.811372e-17 1.144735e+02
0.885249       1.478207e-15 -1.935070e-14 -4.617592e+05 1.482993e-15 -1.941403e-14 -4.617841e+05 -4.785497e-18 6.332543e-17 2.482528e+01
0.885958       1.465403e-15 -1.917913e-14 -4.558367e+05 1.469871e-15 -1.923820e-14 -4.557754e+05 -4.468615e-18 5.906902e-17 -6.126646e+01
0.886667       1.515833e-15 -1.983996e-14 -4.769020e+05 1.520030e-15 -1.989539e-14 -4.767671e+05 -4.197081e-18 5.542902e-17 -1.348709e+02
0.887376       1.482739e-15 -1.940267e-14 -4.620140e+05 1.486701e-15 -1.945495e-14 -4.618056e+05 -3.961453e-18 5.227738e-17 -2.083329e+02
0.888084       1.475843e-15 -1.931041e-14 -4.583005e+05 1.479602e-15 -1.935999e-14 -4.580220e+05 -3.759164e-18 4.957923e-17 -2.784851e+02
0.888791       1.472269e-15 -1.926194e-14 -4.557355e+05 1.475857e-15 -1.930925e-14 -4.553898e+05 -3.588204e-18 4.730737e-17 -3.456762e+02
0.889492       1.469925e-15 -1.922943e-14 -4.531070e+05 1.473373e-15 -1.927488e-14 -4.526975e+05 -3.447572e-18 4.544800e-17 -4.095025e+02
0.890188       1.474580e-15 -1.929104e-14 -4.521305e+05 1.477911e-15 -1.933496e-14 -4.516601e+05 -3.331299e-18 4.391973e-17 -4.704353e+02
0.890878       1.476898e-15 -1.932206e-14 -4.501854e+05 1.480126e-15 -1.936463e-14 -4.496561e+05 -3.227993e-18 4.256653e-17 -5.293348e+02
0.891564       1.467858e-15 -1.920193e-14 -4.448439e+05 1.470993e-15 -1.924329e-14 -4.442579e+05 -3.135976e-18 4.136596e-17 -5.860267e+02
0.892244       1.453589e-15 -1.901273e-14 -4.377100e+05 1.456642e-15 -1.905301e-14 -4.370688e+05 -3.052481e-18 4.028051e-17 -6.411814e+02
0.892919       1.435567e-15 -1.877411e-14 -4.293513e+05 1.438534e-15 -1.881326e-14 -4.286564e+05 -2.966412e-18 3.915833e-17 -6.948142e+02
0.893589       1.423845e-15 -1.862014e-14 -4.226532e+05 1.426705e-15 -1.865791e-14 -4.219073e+05 -2.860462e-18 3.776257e-17 -7.459451e+02
0.894254       1.408338e-15 -1.841628e-14 -4.148632e+05 1.411077e-15 -1.845242e-14 -4.140655e+05 -2.738588e-18 3.614795e-17 -7.976453e+02
0.894915       1.383055e-15 -1.808250e-14 -4.043891e+05 1.385681e-15 -1.811715e-14 -4.035377e+05 -2.625737e-18 3.465501e-17 -8.514533e+02
0.895572       1.395397e-15 -1.824432e-14 -4.104887e+05 1.397912e-15 -1.827750e-14 -4.095852e+05 -2.514398e-18 3.318266e-17 -9.034811e+02
0.896224       1.372840e-15 -1.794724e-14 -4.017924e+05 1.375245e-15 -1.797897e-14 -4.008396e+05 -2.404924e-18 3.173469e-17 -9.528034e+02
0.896872       1.351586e-15 -1.766800e-14 -3.928204e+05 1.353875e-15 -1.769820e-14 -3.918187e+05 -2.288745e-18 3.019490e-17 -1.001678e+03
0.897517       1.339030e-15 -1.750422e-14 -3.874886e+05 1.341195e-15 -1.753278e-14 -3.864386e+05 -2.165132e-18 2.855369e-17 -1.049998e+03
0.898157       1.328573e-15 -1.736904e-14 -3.828616e+05 1.330607e-15 -1.739585e-14 -3.817637e+05 -2.033794e-18 2.680722e-17 -1.097842e+03
0.898794       1.327910e-15 -1.736392e-14 -3.817535e+05 1.329813e-15 -1.738897e-14 -3.806121e+05 -1.902334e-18 2.505781e-17 -1.141459e+03
0.899428       1.323125e-15 -1.730398e-14 -3.796047e+05 1.324891e-15 -1.732722e-14 -3.784210e+05 -1.765803e-18 2.323863e-17 -1.183698e+03
0.900058       1.315944e-15 -1.721380e-14 -3.760038e+05 1.317555e-15 -1.723497e-14 -3.747718e+05 -1.610773e-18 2.116931e-17 -1.231971e+03
0.900685       1.301287e-15 -1.702330e-14 -3.706876e+05 1.302733e-15 -1.704227e-14 -3.694034e+05 -1.445736e-18 1.896413e-17 -1.284146e+03
0.90131        1.287010e-15 -1.683737e-14 -3.659691e+05 1.288287e-15 -1.685408e-14 -3.646226e+05 -1.277450e-18 1.671338e-17 -1.346447e+03
0.90193        1.292646e-15 -1.691377e-14 -3.673307e+05 1.293607e-15 -1.692626e-14 -3.659235e+05 -9.610451e-19 1.248803e-17 -1.407240e+03
0.902549       1.272585e-15 -1.665195e-14 -3.607444e+05 1.273276e-15 -1.666082e-14 -3.592869e+05 -6.909490e-19 8.875916e-18 -1.457495e+03
0.903164       1.262451e-15 -1.652152e-14 -3.578405e+05 1.262888e-15 -1.652699e-14 -3.563394e+05 -4.364375e-19 5.468064e-18 -1.501058e+03
0.903776       1.248709e-15 -1.634259e-14 -3.541580e+05 1.248904e-15 -1.634483e-14 -3.526162e+05 -1.953092e-19 2.236400e-18 -1.541797e+03
0.904386       1.237932e-15 -1.620323e-14 -3.514168e+05 1.237898e-15 -1.620238e-14 -3.498351e+05 3.464743e-20 -8.478740e-19 -1.581718e+03
0.904993       1.227612e-15 -1.606994e-14 -3.491149e+05 1.227355e-15 -1.606612e-14 -3.474938e+05 2.562312e-19 -3.822230e-18 -1.621102e+03
0.905597       1.217783e-15 -1.594297e-14 -3.468528e+05 1.217311e-15 -1.593625e-14 -3.451929e+05 4.718987e-19 -6.719459e-18 -1.659927e+03
0.906199       1.211359e-15 -1.585964e-14 -3.470788e+05 1.210675e-15 -1.585007e-14 -3.453815e+05 6.836820e-19 -9.566906e-18 -1.697301e+03
0.906798       1.206432e-15 -1.579788e-14 -3.467885e+05 1.205532e-15 -1.578540e-14 -3.450535e+05 9.006001e-19 -1.248732e-17 -1.735029e+03
0.907395       1.206627e-15 -1.580355e-14 -3.481042e+05 1.205506e-15 -1.578809e-14 -3.463312e+05 1.120726e-18 -1.545349e-17 -1.772960e+03
0.907989       1.210993e-15 -1.586518e-14 -3.509513e+05 1.209655e-15 -1.584679e-14 -3.491405e+05 1.338374e-18 -1.838750e-17 -1.810820e+03
0.908582       1.217722e-15 -1.595757e-14 -3.547106e+05 1.216169e-15 -1.593628e-14 -3.528628e+05 1.553351e-18 -2.128855e-17 -1.847808e+03
0.909172       1.218564e-15 -1.597124e-14 -3.569310e+05 1.216802e-15 -1.594712e-14 -3.550452e+05 1.762747e-18 -2.411535e-17 -1.885753e+03
0.90976        1.219118e-15 -1.598074e-14 -3.591526e+05 1.217119e-15 -1.595344e-14 -3.572284e+05 1.998970e-18 -2.730593e-17 -1.924224e+03
0.910347       1.212624e-15 -1.589591e-14 -3.594557e+05 1.210373e-15 -1.586519e-14 -3.574930e+05 2.251657e-18 -3.071878e-17 -1.962707e+03
0.910932       1.210696e-15 -1.587171e-14 -3.611046e+05 1.208185e-15 -1.583749e-14 -3.591029e+05 2.510801e-18 -3.421966e-17 -2.001670e+03
0.911515       1.206363e-15 -1.581527e-14 -3.620716e+05 1.203590e-15 -1.577751e-14 -3.600308e+05 2.773244e-18 -3.776583e-17 -2.040810e+03
0.912097       1.205463e-15 -1.580436e-14 -3.640937e+05 1.202425e-15 -1.576301e-14 -3.620143e+05 3.038157e-18 -4.134606e-17 -2.079315e+03
0.912676       1.208638e-15 -1.584726e-14 -3.674672e+05 1.205346e-15 -1.580248e-14 -3.653553e+05 3.292433e-18 -4.478361e-17 -2.111952e+03
0.913255       1.210697e-15 -1.587520e-14 -3.704451e+05 1.207165e-15 -1.582716e-14 -3.683059e+05 3.532743e-18 -4.803307e-17 -2.139223e+03
0.913832       1.206924e-15 -1.582578e-14 -3.716647e+05 1.203127e-15 -1.577419e-14 -3.694900e+05 3.796340e-18 -5.159679e-17 -2.174661e+03
0.914407       1.204324e-15 -1.579170e-14 -3.732143e+05 1.200250e-15 -1.573635e-14 -3.710013e+05 4.073520e-18 -5.534353e-17 -2.212966e+03
0.914981       1.207884e-15 -1.583857e-14 -3.777237e+05 1.203513e-15 -1.577921e-14 -3.754727e+05 4.370907e-18 -5.935766e-17 -2.251009e+03
0.915554       1.214153e-15 -1.592156e-14 -3.834798e+05 1.209468e-15 -1.585796e-14 -3.811916e+05 4.685766e-18 -6.360245e-17 -2.288244e+03
0.916126       1.223940e-15 -1.605263e-14 -3.892193e+05 1.218950e-15 -1.598491e-14 -3.868948e+05 4.990165e-18 -6.771478e-17 -2.324493e+03
0.916696       1.240757e-15 -1.627500e-14 -3.981379e+05 1.235479e-15 -1.620340e-14 -3.957787e+05 5.277462e-18 -7.160689e-17 -2.359140e+03
0.917266       1.258563e-15 -1.650926e-14 -4.059682e+05 1.253006e-15 -1.643385e-14 -4.035768e+05 5.557230e-18 -7.540412e-17 -2.391335e+03
0.917835       1.265610e-15 -1.660353e-14 -4.100745e+05 1.259762e-15 -1.652420e-14 -4.076505e+05 5.847115e-18 -7.933206e-17 -2.423965e+03
0.918403       1.270764e-15 -1.667216e-14 -4.141002e+05 1.264632e-15 -1.658896e-14 -4.116424e+05 6.132172e-18 -8.319524e-17 -2.457841e+03
0.918971       1.273433e-15 -1.670770e-14 -4.175776e+05 1.267017e-15 -1.662065e-14 -4.150871e+05 6.416387e-18 -8.704711e-17 -2.490490e+03
0.919538       1.283352e-15 -1.684021e-14 -4.231581e+05 1.276652e-15 -1.674932e-14 -4.206362e+05 6.699746e-18 -9.088764e-17 -2.521836e+03
0.920104       1.286314e-15 -1.687976e-14 -4.267612e+05 1.279333e-15 -1.678505e-14 -4.242093e+05 6.981675e-18 -9.470924e-17 -2.551905e+03
0.92067        1.286439e-15 -1.688151e-14 -4.295283e+05 1.279179e-15 -1.678302e-14 -4.269475e+05 7.260481e-18 -9.848874e-17 -2.580842e+03
0.921235       1.289722e-15 -1.692520e-14 -4.334235e+05 1.282185e-15 -1.682296e-14 -4.308149e+05 7.536958e-18 -1.022369e-16 -2.608608e+03
0.921799       1.298067e-15 -1.703538e-14 -4.395591e+05 1.290255e-15 -1.692943e-14 -4.369242e+05 7.811116e-18 -1.059538e-16 -2.634860e+03
0.922362       1.303047e-15 -1.710194e-14 -4.435428e+05 1.294961e-15 -1.699226e-14 -4.408825e+05 8.085778e-18 -1.096782e-16 -2.660298e+03
0.922925       1.310083e-15 -1.719555e-14 -4.485323e+05 1.301723e-15 -1.708216e-14 -4.458474e+05 8.359834e-18 -1.133944e-16 -2.684942e+03
0.923488       1.316949e-15 -1.728698e-14 -4.536074e+05 1.308314e-15 -1.716985e-14 -4.508984e+05 8.635024e-18 -1.171258e-16 -2.708934e+03
0.92405        1.327573e-15 -1.742876e-14 -4.598328e+05 1.318668e-15 -1.730797e-14 -4.570998e+05 8.904581e-18 -1.207813e-16 -2.732991e+03
0.924611       1.341596e-15 -1.761595e-14 -4.671553e+05 1.332422e-15 -1.749151e-14 -4.643996e+05 9.174314e-18 -1.244387e-16 -2.755689e+03
0.925172       1.356173e-15 -1.781078e-14 -4.747200e+05 1.346731e-15 -1.768272e-14 -4.719448e+05 9.441709e-18 -1.280643e-16 -2.775238e+03
0.925732       1.369723e-15 -1.799260e-14 -4.820830e+05 1.360013e-15 -1.786089e-14 -4.792867e+05 9.710471e-18 -1.317057e-16 -2.796313e+03
0.926292       1.379210e-15 -1.812197e-14 -4.904459e+05 1.369218e-15 -1.798646e-14 -4.876308e+05 9.992362e-18 -1.355168e-16 -2.815131e+03
0.926852       1.382538e-15 -1.816872e-14 -4.960983e+05 1.372285e-15 -1.802967e-14 -4.932662e+05 1.025303e-17 -1.390474e-16 -2.832131e+03
0.927412       1.383656e-15 -1.818530e-14 -4.999737e+05 1.373155e-15 -1.804289e-14 -4.971251e+05 1.050084e-17 -1.424085e-16 -2.848657e+03
0.927972       1.379643e-15 -1.813301e-14 -5.021453e+05 1.368895e-15 -1.798726e-14 -4.992788e+05 1.074746e-17 -1.457540e-16 -2.866539e+03
0.928532       1.373424e-15 -1.805114e-14 -5.034478e+05 1.362428e-15 -1.790202e-14 -5.005618e+05 1.099597e-17 -1.491249e-16 -2.886013e+03
0.929091       1.367825e-15 -1.797739e-14 -5.046513e+05 1.356592e-15 -1.782505e-14 -5.017487e+05 1.123275e-17 -1.523367e-16 -2.902631e+03
0.929651       1.370616e-15 -1.801551e-14 -5.080298e+05 1.359164e-15 -1.786020e-14 -5.051185e+05 1.145168e-17 -1.553080e-16 -2.911268e+03
0.93021        1.365999e-15 -1.795530e-14 -5.090987e+05 1.354324e-15 -1.779696e-14 -5.061774e+05 1.167499e-17 -1.583387e-16 -2.921254e+03
0.93077        1.358965e-15 -1.786297e-14 -5.092937e+05 1.347068e-15 -1.770161e-14 -5.063608e+05 1.189723e-17 -1.613542e-16 -2.932875e+03
0.931329       1.348570e-15 -1.772634e-14 -5.080702e+05 1.336459e-15 -1.756209e-14 -5.051266e+05 1.211076e-17 -1.642523e-16 -2.943554e+03
0.931889       1.338310e-15 -1.759170e-14 -5.066924e+05 1.325996e-15 -1.742469e-14 -5.037393e+05 1.231380e-17 -1.670088e-16 -2.953091e+03
0.932449       1.326223e-15 -1.743282e-14 -5.046177e+05 1.313719e-15 -1.726322e-14 -5.016568e+05 1.250439e-17 -1.695974e-16 -2.960862e+03
0.933009       1.318771e-15 -1.733605e-14 -5.039660e+05 1.306076e-15 -1.716387e-14 -5.009986e+05 1.269441e-17 -1.721787e-16 -2.967379e+03
0.93357        1.317241e-15 -1.731853e-14 -5.043421e+05 1.304352e-15 -1.714370e-14 -5.013692e+05 1.288950e-17 -1.748284e-16 -2.972863e+03
0.934131       1.316249e-15 -1.730849e-14 -5.046690e+05 1.303166e-15 -1.713105e-14 -5.016919e+05 1.308233e-17 -1.774475e-16 -2.977113e+03
0.934692       1.315980e-15 -1.730790e-14 -5.045598e+05 1.302711e-15 -1.712791e-14 -5.015798e+05 1.326959e-17 -1.799914e-16 -2.980021e+03
0.935254       1.309648e-15 -1.722710e-14 -5.030577e+05 1.296197e-15 -1.704464e-14 -5.000761e+05 1.345121e-17 -1.824588e-16 -2.981574e+03
0.935817       1.297305e-15 -1.706621e-14 -4.996840e+05 1.283676e-15 -1.688133e-14 -4.967017e+05 1.362916e-17 -1.848767e-16 -2.982247e+03
0.93638        1.283208e-15 -1.688169e-14 -4.957048e+05 1.269395e-15 -1.669433e-14 -4.927223e+05 1.381238e-17 -1.873654e-16 -2.982434e+03
0.936944       1.268728e-15 -1.669186e-14 -4.927598e+05 1.254730e-15 -1.650198e-14 -4.897779e+05 1.399790e-17 -1.898848e-16 -2.981916e+03
0.937509       1.250430e-15 -1.645182e-14 -4.877798e+05 1.236250e-15 -1.625946e-14 -4.847987e+05 1.417976e-17 -1.923543e-16 -2.981174e+03
0.938074       1.234024e-15 -1.623712e-14 -4.837247e+05 1.219668e-15 -1.604238e-14 -4.807453e+05 1.435575e-17 -1.947449e-16 -2.979364e+03
0.93864        1.218666e-15 -1.603638e-14 -4.799274e+05 1.204139e-15 -1.583931e-14 -4.769504e+05 1.452692e-17 -1.970702e-16 -2.977048e+03
0.939206       1.207938e-15 -1.589734e-14 -4.769405e+05 1.193244e-15 -1.569800e-14 -4.739666e+05 1.469377e-17 -1.993369e-16 -2.973886e+03
0.939773       1.194074e-15 -1.571681e-14 -4.732866e+05 1.179211e-15 -1.551518e-14 -4.703140e+05 1.486243e-17 -2.016281e-16 -2.972622e+03
0.940341       1.177180e-15 -1.549585e-14 -4.688417e+05 1.162156e-15 -1.529202e-14 -4.658704e+05 1.502442e-17 -2.038284e-16 -2.971340e+03
0.940909       1.178030e-15 -1.550872e-14 -4.715717e+05 1.162854e-15 -1.530283e-14 -4.686051e+05 1.517630e-17 -2.058917e-16 -2.966634e+03
0.941479       1.175598e-15 -1.547789e-14 -4.737371e+05 1.160274e-15 -1.526999e-14 -4.707744e+05 1.532375e-17 -2.078941e-16 -2.962749e+03
0.942048       1.158205e-15 -1.525083e-14 -4.694381e+05 1.142742e-15 -1.504104e-14 -4.664794e+05 1.546332e-17 -2.097898e-16 -2.958679e+03
0.942619       1.154047e-15 -1.519960e-14 -4.694127e+05 1.138456e-15 -1.498807e-14 -4.664615e+05 1.559112e-17 -2.115267e-16 -2.951174e+03
0.94319        1.149153e-15 -1.513879e-14 -4.692444e+05 1.133442e-15 -1.492563e-14 -4.662996e+05 1.571093e-17 -2.131544e-16 -2.944772e+03
0.943762       1.142321e-15 -1.505200e-14 -4.685157e+05 1.126496e-15 -1.483730e-14 -4.655787e+05 1.582435e-17 -2.146960e-16 -2.937005e+03
0.944335       1.137969e-15 -1.499835e-14 -4.684440e+05 1.122035e-15 -1.478215e-14 -4.655165e+05 1.593475e-17 -2.161976e-16 -2.927465e+03
0.944909       1.124198e-15 -1.481887e-14 -4.658393e+05 1.108159e-15 -1.460126e-14 -4.629215e+05 1.603863e-17 -2.176099e-16 -2.917732e+03
0.945484       1.112491e-15 -1.466709e-14 -4.639566e+05 1.096354e-15 -1.444814e-14 -4.610500e+05 1.613734e-17 -2.189518e-16 -2.906616e+03
0.94606        1.113584e-15 -1.468633e-14 -4.657879e+05 1.097346e-15 -1.446600e-14 -4.628953e+05 1.623822e-17 -2.203249e-16 -2.892654e+03
0.946638       1.101747e-15 -1.453330e-14 -4.640786e+05 1.085412e-15 -1.431165e-14 -4.611990e+05 1.633581e-17 -2.216521e-16 -2.879663e+03
0.947216       1.091875e-15 -1.440674e-14 -4.630629e+05 1.075445e-15 -1.418381e-14 -4.601960e+05 1.642995e-17 -2.229321e-16 -2.866867e+03
0.947795       1.093609e-15 -1.443047e-14 -4.676206e+05 1.077086e-15 -1.420627e-14 -4.647660e+05 1.652368e-17 -2.242065e-16 -2.854575e+03
0.948375       1.098635e-15 -1.449595e-14 -4.689742e+05 1.082014e-15 -1.427041e-14 -4.661323e+05 1.662170e-17 -2.255366e-16 -2.841946e+03
0.948957       1.105734e-15 -1.458803e-14 -4.693900e+05 1.089011e-15 -1.436112e-14 -4.665613e+05 1.672315e-17 -2.269113e-16 -2.828715e+03
0.949539       1.111424e-15 -1.466158e-14 -4.697590e+05 1.094596e-15 -1.443325e-14 -4.669441e+05 1.682735e-17 -2.283223e-16 -2.814886e+03
0.950123       1.113462e-15 -1.468665e-14 -4.692041e+05 1.096527e-15 -1.445688e-14 -4.664028e+05 1.693481e-17 -2.297762e-16 -2.801276e+03
0.950708       1.116518e-15 -1.472546e-14 -4.689685e+05 1.099473e-15 -1.449419e-14 -4.661809e+05 1.704502e-17 -2.312665e-16 -2.787620e+03
0.951294       1.126408e-15 -1.485566e-14 -4.706601e+05 1.109251e-15 -1.462287e-14 -4.678862e+05 1.715722e-17 -2.327829e-16 -2.773870e+03
0.951881       1.140571e-15 -1.504285e-14 -4.734446e+05 1.123301e-15 -1.480854e-14 -4.706857e+05 1.727025e-17 -2.343106e-16 -2.758956e+03
0.95247        1.153306e-15 -1.521096e-14 -4.753289e+05 1.135923e-15 -1.497511e-14 -4.725851e+05 1.738354e-17 -2.358417e-16 -2.743847e+03
0.95306        1.161075e-15 -1.531228e-14 -4.750288e+05 1.143582e-15 -1.507495e-14 -4.723012e+05 1.749357e-17 -2.373286e-16 -2.727631e+03
0.953652       1.143847e-15 -1.508263e-14 -4.722980e+05 1.126243e-15 -1.484381e-14 -4.695883e+05 1.760379e-17 -2.388170e-16 -2.709651e+03
0.954245       1.132276e-15 -1.492796e-14 -4.702411e+05 1.114562e-15 -1.468765e-14 -4.675515e+05 1.771448e-17 -2.403117e-16 -2.689634e+03
0.95484        1.117284e-15 -1.472806e-14 -4.677943e+05 1.099458e-15 -1.448624e-14 -4.651271e+05 1.782651e-17 -2.418248e-16 -2.667117e+03
0.955436       1.122469e-15 -1.479524e-14 -4.694906e+05 1.104532e-15 -1.455192e-14 -4.668470e+05 1.793707e-17 -2.433178e-16 -2.643550e+03
0.956034       1.126214e-15 -1.484354e-14 -4.706937e+05 1.108166e-15 -1.459873e-14 -4.680745e+05 1.804760e-17 -2.448102e-16 -2.619184e+03
0.956633       1.128750e-15 -1.487623e-14 -4.713464e+05 1.110589e-15 -1.462990e-14 -4.687526e+05 1.816039e-17 -2.463339e-16 -2.593800e+03
0.957233       1.127495e-15 -1.485890e-14 -4.706587e+05 1.109221e-15 -1.461104e-14 -4.680901e+05 1.827327e-17 -2.478586e-16 -2.568534e+03
0.957835       1.128568e-15 -1.487312e-14 -4.705025e+05 1.110181e-15 -1.462372e-14 -4.679591e+05 1.838712e-17 -2.493965e-16 -2.543349e+03
0.958439       1.127137e-15 -1.485451e-14 -4.696732e+05 1.108633e-15 -1.460354e-14 -4.671551e+05 1.850396e-17 -2.509745e-16 -2.518114e+03
0.959044       1.125882e-15 -1.483870e-14 -4.690021e+05 1.107258e-15 -1.458609e-14 -4.665092e+05 1.862472e-17 -2.526056e-16 -2.492888e+03
0.95965        1.127356e-15 -1.485942e-14 -4.690117e+05 1.108609e-15 -1.460516e-14 -4.665437e+05 1.874751e-17 -2.542642e-16 -2.468032e+03
0.960258       1.129877e-15 -1.489455e-14 -4.690476e+05 1.111004e-15 -1.463860e-14 -4.666041e+05 1.887269e-17 -2.559551e-16 -2.443468e+03
0.960868       1.133154e-15 -1.493982e-14 -4.693163e+05 1.114156e-15 -1.468216e-14 -4.668971e+05 1.899873e-17 -2.576570e-16 -2.419186e+03
0.961479       1.133814e-15 -1.494991e-14 -4.689688e+05 1.114685e-15 -1.469049e-14 -4.665740e+05 1.912936e-17 -2.594212e-16 -2.394826e+03
0.962092       1.126304e-15 -1.485047e-14 -4.666994e+05 1.107039e-15 -1.458921e-14 -4.643288e+05 1.926516e-17 -2.612546e-16 -2.370551e+03
0.962707       1.118380e-15 -1.474537e-14 -4.638412e+05 1.098979e-15 -1.448228e-14 -4.614950e+05 1.940113e-17 -2.630917e-16 -2.346147e+03
0.963324       1.107439e-15 -1.459999e-14 -4.602625e+05 1.087902e-15 -1.433507e-14 -4.579412e+05 1.953653e-17 -2.649211e-16 -2.321273e+03
0.963943       1.103535e-15 -1.454826e-14 -4.584215e+05 1.083865e-15 -1.428155e-14 -4.561258e+05 1.966938e-17 -2.667175e-16 -2.295684e+03
0.964563       1.101098e-15 -1.451644e-14 -4.568480e+05 1.081294e-15 -1.424791e-14 -4.545779e+05 1.980402e-17 -2.685383e-16 -2.270107e+03
0.965186       1.098282e-15 -1.447955e-14 -4.553707e+05 1.078342e-15 -1.420917e-14 -4.531265e+05 1.994029e-17 -2.703816e-16 -2.244171e+03
0.96581        1.101581e-15 -1.452424e-14 -4.558015e+05 1.081500e-15 -1.425195e-14 -4.535836e+05 2.008166e-17 -2.722925e-16 -2.217997e+03
0.966436       1.103059e-15 -1.454512e-14 -4.559945e+05 1.082836e-15 -1.427092e-14 -4.538030e+05 2.022231e-17 -2.741942e-16 -2.191535e+03
0.967064       1.105555e-15 -1.457928e-14 -4.558783e+05 1.085190e-15 -1.430316e-14 -4.537145e+05 2.036478e-17 -2.761207e-16 -2.163811e+03
0.967693       1.106584e-15 -1.459373e-14 -4.554592e+05 1.086074e-15 -1.431564e-14 -4.533240e+05 2.051011e-17 -2.780857e-16 -2.135217e+03
0.968325       1.098204e-15 -1.448282e-14 -4.525794e+05 1.077541e-15 -1.420267e-14 -4.504733e+05 2.066311e-17 -2.801518e-16 -2.106176e+03
0.968959       1.092672e-15 -1.440998e-14 -4.509108e+05 1.071861e-15 -1.412783e-14 -4.488342e+05 2.081124e-17 -2.821537e-16 -2.076639e+03
0.969595       1.092769e-15 -1.441191e-14 -4.511679e+05 1.071810e-15 -1.412777e-14 -4.491204e+05 2.095839e-17 -2.841435e-16 -2.047461e+03
0.970232       1.091359e-15 -1.439410e-14 -4.506622e+05 1.070253e-15 -1.410797e-14 -4.486435e+05 2.110528e-17 -2.861315e-16 -2.018719e+03
0.970872       1.084392e-15 -1.430185e-14 -4.486751e+05 1.063142e-15 -1.401377e-14 -4.466852e+05 2.124954e-17 -2.880847e-16 -1.989919e+03
0.971515       1.075033e-15 -1.417753e-14 -4.460771e+05 1.053641e-15 -1.388752e-14 -4.441162e+05 2.139172e-17 -2.900111e-16 -1.960843e+03
0.972159       1.064141e-15 -1.403257e-14 -4.433418e+05 1.042608e-15 -1.374065e-14 -4.414104e+05 2.153254e-17 -2.919204e-16 -1.931402e+03
0.972805       1.055268e-15 -1.391463e-14 -4.412572e+05 1.033597e-15 -1.362083e-14 -4.393557e+05 2.167085e-17 -2.937973e-16 -1.901470e+03
0.973454       1.061355e-15 -1.399664e-14 -4.434569e+05 1.039548e-15 -1.370100e-14 -4.415857e+05 2.180657e-17 -2.956404e-16 -1.871150e+03
0.974105       1.052155e-15 -1.387431e-14 -4.414125e+05 1.030215e-15 -1.357686e-14 -4.395719e+05 2.194022e-17 -2.974571e-16 -1.840607e+03
0.974758       1.046041e-15 -1.379323e-14 -4.402802e+05 1.023970e-15 -1.349399e-14 -4.384703e+05 2.207153e-17 -2.992434e-16 -1.809931e+03
0.975413       1.040338e-15 -1.371730e-14 -4.394974e+05 1.018139e-15 -1.341632e-14 -4.377183e+05 2.219933e-17 -3.009834e-16 -1.779136e+03
0.976071       1.030892e-15 -1.359373e-14 -4.372580e+05 1.008574e-15 -1.329112e-14 -4.355105e+05 2.231873e-17 -3.026137e-16 -1.747502e+03
0.976731       1.019419e-15 -1.344366e-14 -4.348253e+05 9.969875e-16 -1.313950e-14 -4.331093e+05 2.243176e-17 -3.041603e-16 -1.715974e+03
0.977393       1.010966e-15 -1.333361e-14 -4.335238e+05 9.884270e-16 -1.302798e-14 -4.318388e+05 2.253905e-17 -3.056297e-16 -1.685004e+03
0.978057       1.008549e-15 -1.330418e-14 -4.339759e+05 9.859075e-16 -1.299714e-14 -4.323211e+05 2.264174e-17 -3.070377e-16 -1.654812e+03
0.978723       1.011459e-15 -1.334618e-14 -4.358405e+05 9.887196e-16 -1.303780e-14 -4.342150e+05 2.273949e-17 -3.083798e-16 -1.625425e+03
0.979392       1.007628e-15 -1.329821e-14 -4.358146e+05 9.847976e-16 -1.298858e-14 -4.342179e+05 2.283088e-17 -3.096367e-16 -1.596750e+03
0.980064       9.998466e-16 -1.319721e-14 -4.349626e+05 9.769320e-16 -1.288642e-14 -4.333938e+05 2.291462e-17 -3.107910e-16 -1.568797e+03
0.980738       9.895838e-16 -1.306277e-14 -4.347275e+05 9.665970e-16 -1.275098e-14 -4.331865e+05 2.298688e-17 -3.117926e-16 -1.540920e+03
0.981414       9.877143e-16 -1.303799e-14 -4.393173e+05 9.646629e-16 -1.272530e-14 -4.378045e+05 2.305143e-17 -3.126903e-16 -1.512840e+03
0.982093       9.707248e-16 -1.281460e-14 -4.363196e+05 9.476194e-16 -1.250115e-14 -4.348335e+05 2.310533e-17 -3.134456e-16 -1.486095e+03
0.982774       9.603222e-16 -1.267696e-14 -4.366215e+05 9.371817e-16 -1.236301e-14 -4.351610e+05 2.314048e-17 -3.139509e-16 -1.460500e+03
0.983458       9.633971e-16 -1.271569e-14 -4.406793e+05 9.402323e-16 -1.240138e-14 -4.392421e+05 2.316482e-17 -3.143095e-16 -1.437259e+03
0.984145       9.608002e-16 -1.268062e-14 -4.432703e+05 9.376217e-16 -1.236610e-14 -4.418544e+05 2.317845e-17 -3.145212e-16 -1.415881e+03
0.984834       9.628877e-16 -1.270788e-14 -4.440168e+05 9.397107e-16 -1.239335e-14 -4.426255e+05 2.317697e-17 -3.145310e-16 -1.391282e+03
0.985525       9.624859e-16 -1.270199e-14 -4.443083e+05 9.393330e-16 -1.238775e-14 -4.429451e+05 2.315293e-17 -3.142395e-16 -1.363139e+03
0.986219       9.560967e-16 -1.261627e-14 -4.436706e+05 9.329885e-16 -1.230260e-14 -4.423353e+05 2.310817e-17 -3.136717e-16 -1.335317e+03
0.986913       9.546542e-16 -1.259662e-14 -4.453568e+05 9.316143e-16 -1.228383e-14 -4.440475e+05 2.303992e-17 -3.127904e-16 -1.309297e+03
0.987607       9.616857e-16 -1.268989e-14 -4.490640e+05 9.386386e-16 -1.237698e-14 -4.477887e+05 2.304717e-17 -3.129181e-16 -1.275238e+03
0.988301       9.627982e-16 -1.270438e-14 -4.515805e+05 9.397536e-16 -1.239147e-14 -4.503346e+05 2.304455e-17 -3.129141e-16 -1.245900e+03
0.988994       9.598590e-16 -1.266475e-14 -4.529316e+05 9.368477e-16 -1.235225e-14 -4.517105e+05 2.301125e-17 -3.125002e-16 -1.221064e+03
0.989688       9.389622e-16 -1.238678e-14 -4.514310e+05 9.160068e-16 -1.207499e-14 -4.502342e+05 2.295540e-17 -3.117850e-16 -1.196722e+03
0.990381       9.352662e-16 -1.233615e-14 -4.552626e+05 9.123744e-16 -1.202518e-14 -4.540897e+05 2.289179e-17 -3.109661e-16 -1.172938e+03
0.991074       9.312915e-16 -1.228166e-14 -4.591875e+05 9.084548e-16 -1.197140e-14 -4.580386e+05 2.283670e-17 -3.102607e-16 -1.148881e+03
0.991767       9.314226e-16 -1.228228e-14 -4.639851e+05 9.086647e-16 -1.197304e-14 -4.628579e+05 2.275796e-17 -3.092392e-16 -1.127145e+03
0.99246        9.329705e-16 -1.230210e-14 -4.683647e+05 9.102980e-16 -1.199398e-14 -4.672573e+05 2.267240e-17 -3.081262e-16 -1.107383e+03
0.993152       9.268559e-16 -1.222032e-14 -4.705237e+05 9.042772e-16 -1.191341e-14 -4.694310e+05 2.257872e-17 -3.069043e-16 -1.092701e+03
0.993845       9.133676e-16 -1.204028e-14 -4.734218e+05 8.908963e-16 -1.173479e-14 -4.723222e+05 2.247134e-17 -3.054991e-16 -1.099628e+03
0.994537       8.977564e-16 -1.183238e-14 -4.729021e+05 8.754256e-16 -1.152872e-14 -4.717714e+05 2.233071e-17 -3.036587e-16 -1.130746e+03
0.995229       9.349148e-16 -1.232302e-14 -4.752596e+05 9.124464e-16 -1.201748e-14 -4.741733e+05 2.246840e-17 -3.055406e-16 -1.086237e+03
0.995922       9.409583e-16 -1.240262e-14 -4.752526e+05 9.183860e-16 -1.209564e-14 -4.742128e+05 2.257236e-17 -3.069776e-16 -1.039863e+03
0.996613       9.369440e-16 -1.234982e-14 -4.743920e+05 9.143438e-16 -1.204242e-14 -4.733967e+05 2.260016e-17 -3.073976e-16 -9.952977e+02
0.997305       9.319215e-16 -1.228386e-14 -4.733569e+05 9.093451e-16 -1.197674e-14 -4.724038e+05 2.257642e-17 -3.071295e-16 -9.531683e+02
0.997997       9.253552e-16 -1.219679e-14 -4.709210e+05 9.028335e-16 -1.189034e-14 -4.700089e+05 2.252168e-17 -3.064470e-16 -9.121501e+02
0.998689       9.200495e-16 -1.212666e-14 -4.686921e+05 8.976010e-16 -1.182114e-14 -4.678198e+05 2.244851e-17 -3.055185e-16 -8.723270e+02
0.99938        9.134249e-16 -1.203882e-14 -4.658185e+05 8.910600e-16 -1.173437e-14 -4.649851e+05 2.236489e-17 -3.044503e-16 -8.333843e+02
1.00007        9.081174e-16 -1.196853e-14 -4.632374e+05 8.858414e-16 -1.166522e-14 -4.624424e+05 2.227592e-17 -3.033110e-16 -7.950122e+02
1.000763       9.037109e-16 -1.191017e-14 -4.608852e+05 8.815274e-16 -1.160804e-14 -4.601274e+05 2.218354e-17 -3.021255e-16 -7.577703e+02
1.001454       9.007447e-16 -1.187174e-14 -4.594534e+05 8.786258e-16 -1.157044e-14 -4.587323e+05 2.211897e-17 -3.013010e-16 -7.210481e+02
1.002145       9.006681e-16 -1.187155e-14 -4.591379e+05 8.786169e-16 -1.157111e-14 -4.584511e+05 2.205119e-17 -3.004339e-16 -6.867839e+02
1.002836       9.134722e-16 -1.203664e-14 -4.721272e+05 8.914997e-16 -1.173721e-14 -4.714645e+05 2.197246e-17 -2.994243e-16 -6.626269e+02
1.003526       9.032763e-16 -1.190124e-14 -4.678277e+05 8.813794e-16 -1.160278e-14 -4.671891e+05 2.189683e-17 -2.984551e-16 -6.386760e+02
1.004217       8.926038e-16 -1.175935e-14 -4.631350e+05 8.707862e-16 -1.146191e-14 -4.625198e+05 2.181761e-17 -2.974388e-16 -6.151981e+02
1.004908       8.849502e-16 -1.165866e-14 -4.595891e+05 8.632188e-16 -1.136232e-14 -4.589970e+05 2.173140e-17 -2.963314e-16 -5.920925e+02
1.005598       8.811860e-16 -1.160982e-14 -4.553873e+05 8.595519e-16 -1.131474e-14 -4.548169e+05 2.163411e-17 -2.950801e-16 -5.703483e+02
1.006289       8.833422e-16 -1.163858e-14 -4.499678e+05 8.618190e-16 -1.134493e-14 -4.494159e+05 2.152323e-17 -2.936527e-16 -5.519107e+02
1.006979       8.742310e-16 -1.151717e-14 -4.446339e+05 8.528358e-16 -1.122517e-14 -4.440975e+05 2.139520e-17 -2.920037e-16 -5.363309e+02
1.00767        8.626190e-16 -1.136217e-14 -4.375630e+05 8.413747e-16 -1.107212e-14 -4.370458e+05 2.124425e-17 -2.900581e-16 -5.171890e+02
1.00836        8.515343e-16 -1.121369e-14 -4.305823e+05 8.304575e-16 -1.092579e-14 -4.300910e+05 2.107688e-17 -2.878992e-16 -4.913679e+02
1.009049       8.435452e-16 -1.110611e-14 -4.281096e+05 8.226166e-16 -1.082012e-14 -4.276439e+05 2.092860e-17 -2.859857e-16 -4.656891e+02
1.009739       8.399484e-16 -1.105695e-14 -4.270592e+05 8.191529e-16 -1.077268e-14 -4.266192e+05 2.079541e-17 -2.842657e-16 -4.399824e+02
1.010428       8.442003e-16 -1.111052e-14 -4.260287e+05 8.235452e-16 -1.082807e-14 -4.256142e+05 2.065511e-17 -2.824506e-16 -4.144887e+02
1.011117       8.472058e-16 -1.114781e-14 -4.254589e+05 8.266839e-16 -1.086708e-14 -4.250698e+05 2.052194e-17 -2.807254e-16 -3.890450e+02
1.011805       8.534845e-16 -1.122787e-14 -4.277060e+05 8.330839e-16 -1.094871e-14 -4.273421e+05 2.040067e-17 -2.791526e-16 -3.638423e+02
1.012493       8.555088e-16 -1.125258e-14 -4.294428e+05 8.352139e-16 -1.097481e-14 -4.291031e+05 2.029484e-17 -2.777778e-16 -3.397541e+02
1.013181       8.577769e-16 -1.128181e-14 -4.242524e+05 8.376013e-16 -1.100558e-14 -4.239649e+05 2.017560e-17 -2.762291e-16 -2.874851e+02
1.013868       8.615814e-16 -1.133160e-14 -4.233256e+05 8.415069e-16 -1.105668e-14 -4.230966e+05 2.007445e-17 -2.749128e-16 -2.289395e+02
1.0145547      8.733344e-16 -1.148592e-14 -4.230482e+05 8.533517e-16 -1.121220e-14 -4.228781e+05 1.998273e-17 -2.737172e-16 -1.700984e+02
1.0152411      8.855460e-16 -1.164687e-14 -4.212715e+05 8.656496e-16 -1.137429e-14 -4.211598e+05 1.989633e-17 -2.725882e-16 -1.116816e+02
1.0159271      8.950820e-16 -1.177212e-14 -4.178779e+05 8.752668e-16 -1.150059e-14 -4.178259e+05 1.981516e-17 -2.715252e-16 -5.193914e+01
1.0166127      9.000625e-16 -1.183648e-14 -4.134547e+05 8.803264e-16 -1.156600e-14 -4.134614e+05 1.973607e-17 -2.704855e-16 6.723818e+00
1.0172978      9.032412e-16 -1.187683e-14 -4.089164e+05 8.835782e-16 -1.160731e-14 -4.089799e+05 1.966303e-17 -2.695210e-16 6.353247e+01
1.0179826      9.045220e-16 -1.189211e-14 -4.043341e+05 8.849246e-16 -1.162346e-14 -4.044524e+05 1.959732e-17 -2.686487e-16 1.182722e+02
1.0186669      9.014418e-16 -1.184946e-14 -3.990887e+05 8.819062e-16 -1.158164e-14 -3.992584e+05 1.953568e-17 -2.678255e-16 1.697462e+02
1.0193509      8.986581e-16 -1.181124e-14 -3.941637e+05 8.791787e-16 -1.154418e-14 -3.943830e+05 1.947931e-17 -2.670677e-16 2.193220e+02
1.0200344      8.952222e-16 -1.176466e-14 -3.896975e+05 8.757961e-16 -1.149831e-14 -3.899635e+05 1.942610e-17 -2.663471e-16 2.660093e+02
1.0207175      8.914273e-16 -1.171503e-14 -3.826253e+05 8.720529e-16 -1.144939e-14 -3.829344e+05 1.937431e-17 -2.656411e-16 3.091217e+02
1.0214002      8.850243e-16 -1.163180e-14 -3.726416e+05 8.657006e-16 -1.136686e-14 -3.729902e+05 1.932376e-17 -2.649469e-16 3.485602e+02
1.0220825      8.777256e-16 -1.153567e-14 -3.665620e+05 8.584502e-16 -1.127139e-14 -3.669463e+05 1.927538e-17 -2.642768e-16 3.842883e+02
1.0227644      8.665120e-16 -1.138892e-14 -3.576395e+05 8.472845e-16 -1.112531e-14 -3.580557e+05 1.922745e-17 -2.636085e-16 4.162076e+02
1.0234458      8.506490e-16 -1.118007e-14 -3.475762e+05 8.314732e-16 -1.091719e-14 -3.480196e+05 1.917575e-17 -2.628858e-16 4.434229e+02
1.0241269      8.512808e-16 -1.119187e-14 -3.425890e+05 8.321606e-16 -1.092976e-14 -3.430550e+05 1.912028e-17 -2.621093e-16 4.660235e+02
1.0248077      8.439931e-16 -1.109787e-14 -3.359079e+05 8.249353e-16 -1.083664e-14 -3.363912e+05 1.905780e-17 -2.612360e-16 4.832987e+02
1.025488       8.325854e-16 -1.094904e-14 -3.285655e+05 8.135949e-16 -1.068875e-14 -3.290610e+05 1.899049e-17 -2.602943e-16 4.954802e+02
1.0261679      8.261801e-16 -1.086701e-14 -3.229811e+05 8.072627e-16 -1.060774e-14 -3.234830e+05 1.891744e-17 -2.592726e-16 5.019302e+02
1.0268475      8.183355e-16 -1.076588e-14 -3.174340e+05 7.994974e-16 -1.050772e-14 -3.179365e+05 1.883806e-17 -2.581635e-16 5.025652e+02
1.0275268      8.151709e-16 -1.072669e-14 -3.128403e+05 7.963986e-16 -1.046946e-14 -3.133402e+05 1.877229e-17 -2.572331e-16 4.999150e+02
1.02820567     8.179293e-16 -1.076649e-14 -3.105009e+05 7.991588e-16 -1.050934e-14 -3.110023e+05 1.877047e-17 -2.571527e-16 5.013804e+02
1.02888422     8.231748e-16 -1.083952e-14 -3.090895e+05 8.044080e-16 -1.058248e-14 -3.095774e+05 1.876680e-17 -2.570452e-16 4.879342e+02
1.02956244     8.327206e-16 -1.096977e-14 -3.095470e+05 8.139772e-16 -1.071309e-14 -3.100211e+05 1.874346e-17 -2.566753e-16 4.740213e+02
1.03024035     8.470519e-16 -1.116289e-14 -3.107334e+05 8.285235e-16 -1.090913e-14 -3.112551e+05 1.852843e-17 -2.537603e-16 5.216531e+02
1.03091794     8.550460e-16 -1.127251e-14 -3.108835e+05 8.366463e-16 -1.102052e-14 -3.114316e+05 1.839970e-17 -2.519899e-16 5.480819e+02
1.03159524     8.723912e-16 -1.150528e-14 -3.135762e+05 8.540823e-16 -1.125456e-14 -3.141372e+05 1.830888e-17 -2.507215e-16 5.609887e+02
1.03227225     8.556205e-16 -1.128823e-14 -3.089958e+05 8.373367e-16 -1.103790e-14 -3.095633e+05 1.828382e-17 -2.503314e-16 5.674516e+02
1.03294898     8.596293e-16 -1.134437e-14 -3.085091e+05 8.413647e-16 -1.109435e-14 -3.090851e+05 1.826456e-17 -2.500192e-16 5.760023e+02
1.03362545     8.661104e-16 -1.143172e-14 -3.106191e+05 8.478542e-16 -1.118187e-14 -3.112038e+05 1.825623e-17 -2.498535e-16 5.846975e+02
1.03430166     8.614859e-16 -1.137528e-14 -2.998360e+05 8.431946e-16 -1.112501e-14 -3.004068e+05 1.829128e-17 -2.502667e-16 5.707818e+02
1.03497762     9.133532e-16 -1.205426e-14 -3.270586e+05 8.949661e-16 -1.180280e-14 -3.275775e+05 1.838706e-17 -2.514691e-16 5.188958e+02
1.03565335     9.161535e-16 -1.209280e-14 -3.201092e+05 8.976604e-16 -1.184000e-14 -3.205750e+05 1.849307e-17 -2.528005e-16 4.658817e+02
1.03632884     9.201734e-16 -1.214385e-14 -3.243837e+05 9.016344e-16 -1.189051e-14 -3.248233e+05 1.853900e-17 -2.533415e-16 4.396028e+02
1.03700413     9.197621e-16 -1.213529e-14 -3.271875e+05 9.011983e-16 -1.188168e-14 -3.276152e+05 1.856379e-17 -2.536066e-16 4.277097e+02
1.0376792      9.423302e-16 -1.242196e-14 -3.572391e+05 9.237518e-16 -1.216822e-14 -3.576654e+05 1.857844e-17 -2.537406e-16 4.262449e+02
1.03835407     9.515409e-16 -1.253753e-14 -3.682830e+05 9.329562e-16 -1.228376e-14 -3.687139e+05 1.858467e-17 -2.537667e-16 4.309154e+02
1.03902876     9.572730e-16 -1.261118e-14 -3.697093e+05 9.386893e-16 -1.235748e-14 -3.701473e+05 1.858367e-17 -2.536999e-16 4.379998e+02
1.03970326     9.608864e-16 -1.265654e-14 -3.710660e+05 9.423102e-16 -1.240299e-14 -3.715119e+05 1.857620e-17 -2.535499e-16 4.459670e+02
1.04037758     9.646656e-16 -1.270447e-14 -3.735870e+05 9.461028e-16 -1.245114e-14 -3.740413e+05 1.856287e-17 -2.533243e-16 4.542604e+02
1.04105174     9.900157e-16 -1.304106e-14 -3.812808e+05 9.714708e-16 -1.278802e-14 -3.817436e+05 1.854491e-17 -2.530394e-16 4.627766e+02
1.041725731    1.009318e-15 -1.329699e-14 -3.876936e+05 9.907951e-16 -1.304429e-14 -3.881647e+05 1.852299e-17 -2.527038e-16 4.710780e+02
1.04239957     1.016615e-15 -1.339278e-14 -3.904277e+05 9.981168e-16 -1.314045e-14 -3.909066e+05 1.849811e-17 -2.523308e-16 4.789470e+02
1.043073257    1.016900e-15 -1.339534e-14 -3.907961e+05 9.984282e-16 -1.314340e-14 -3.912823e+05 1.847147e-17 -2.519366e-16 4.861771e+02
1.043746799    1.008539e-15 -1.328309e-14 -3.884188e+05 9.900976e-16 -1.303159e-14 -3.889111e+05 1.844135e-17 -2.514973e-16 4.922364e+02
1.044420198    9.956828e-16 -1.311095e-14 -3.867980e+05 9.772770e-16 -1.285996e-14 -3.872967e+05 1.840586e-17 -2.509885e-16 4.987237e+02
1.045093459    9.901366e-16 -1.303462e-14 -3.886741e+05 9.717693e-16 -1.278418e-14 -3.891799e+05 1.836733e-17 -2.504411e-16 5.057593e+02
1.045766584    9.811922e-16 -1.291254e-14 -3.896258e+05 9.628635e-16 -1.266264e-14 -3.901389e+05 1.832874e-17 -2.498938e-16 5.130633e+02
1.046439574    9.759282e-16 -1.283969e-14 -3.908605e+05 9.576379e-16 -1.259034e-14 -3.913812e+05 1.829034e-17 -2.493496e-16 5.206537e+02
1.047112432    9.702576e-16 -1.276155e-14 -3.914246e+05 9.520049e-16 -1.251273e-14 -3.919530e+05 1.825275e-17 -2.488168e-16 5.284795e+02
1.047785159    9.629580e-16 -1.266209e-14 -3.915938e+05 9.447416e-16 -1.241379e-14 -3.921306e+05 1.821638e-17 -2.483007e-16 5.367317e+02
1.048457754    9.539732e-16 -1.254007e-14 -3.911297e+05 9.357915e-16 -1.229226e-14 -3.916750e+05 1.818165e-17 -2.478066e-16 5.452444e+02
1.049130217    9.452184e-16 -1.242114e-14 -3.906878e+05 9.270696e-16 -1.217380e-14 -3.912417e+05 1.814886e-17 -2.473386e-16 5.539539e+02
1.049802548    9.352957e-16 -1.228679e-14 -3.899710e+05 9.171775e-16 -1.203989e-14 -3.905339e+05 1.811824e-17 -2.468996e-16 5.628658e+02
1.050474744    9.259301e-16 -1.216011e-14 -3.896706e+05 9.078400e-16 -1.191361e-14 -3.902427e+05 1.809003e-17 -2.464930e-16 5.720651e+02
1.051146804    9.195214e-16 -1.207254e-14 -3.908361e+05 9.014566e-16 -1.182641e-14 -3.914173e+05 1.806486e-17 -2.461269e-16 5.811611e+02
1.051818726    9.140111e-16 -1.199700e-14 -3.924457e+05 8.959680e-16 -1.175119e-14 -3.930355e+05 1.804319e-17 -2.458076e-16 5.898738e+02
1.052490506    9.091800e-16 -1.192968e-14 -3.962625e+05 8.911558e-16 -1.168415e-14 -3.968606e+05 1.802417e-17 -2.455237e-16 5.981016e+02
1.053162141    9.070080e-16 -1.189769e-14 -4.004567e+05 8.889998e-16 -1.165240e-14 -4.010620e+05 1.800827e-17 -2.452815e-16 6.052690e+02
1.053833628    9.060442e-16 -1.188221e-14 -4.047685e+05 8.880476e-16 -1.163712e-14 -4.053783e+05 1.799667e-17 -2.450959e-16 6.098222e+02
1.054504963    9.035887e-16 -1.184749e-14 -4.084446e+05 8.855978e-16 -1.160251e-14 -4.090537e+05 1.799094e-17 -2.449875e-16 6.090995e+02
1.0551761415   9.027250e-16 -1.183505e-14 -4.115183e+05 8.847388e-16 -1.159015e-14 -4.121220e+05 1.798619e-17 -2.448928e-16 6.037101e+02
1.0558471591   8.987101e-16 -1.178193e-14 -4.130463e+05 8.807238e-16 -1.153707e-14 -4.136342e+05 1.798630e-17 -2.448612e-16 5.878608e+02
1.0565180111   8.985588e-16 -1.177887e-14 -4.156403e+05 8.805742e-16 -1.153406e-14 -4.162062e+05 1.798465e-17 -2.448070e-16 5.658699e+02
1.0571886926   9.042461e-16 -1.185084e-14 -4.221598e+05 8.862668e-16 -1.160614e-14 -4.227010e+05 1.797930e-17 -2.447049e-16 5.411910e+02
1.0578591988   9.102139e-16 -1.193179e-14 -4.187030e+05 8.922469e-16 -1.168728e-14 -4.192154e+05 1.796700e-17 -2.445114e-16 5.124095e+02
1.0585295247   9.201869e-16 -1.206545e-14 -4.171637e+05 9.022419e-16 -1.182126e-14 -4.176426e+05 1.794499e-17 -2.441898e-16 4.788452e+02
1.0591996653   9.274567e-16 -1.216325e-14 -4.130376e+05 9.095455e-16 -1.191954e-14 -4.134802e+05 1.791122e-17 -2.437126e-16 4.426659e+02
1.0598696154   9.518551e-16 -1.248567e-14 -4.140702e+05 9.339308e-16 -1.224181e-14 -4.145097e+05 1.792427e-17 -2.438571e-16 4.395691e+02
1.0605393701   9.562176e-16 -1.254463e-14 -4.066946e+05 9.383470e-16 -1.230150e-14 -4.071296e+05 1.787060e-17 -2.431253e-16 4.350142e+02
1.0612089243   9.625018e-16 -1.262947e-14 -4.001920e+05 9.447305e-16 -1.238768e-14 -4.006263e+05 1.777128e-17 -2.417961e-16 4.343032e+02
1.0618782733   9.377053e-16 -1.230461e-14 -3.884774e+05 9.200890e-16 -1.206488e-14 -3.889181e+05 1.761631e-17 -2.397331e-16 4.407132e+02
1.0625474125   9.333075e-16 -1.224875e-14 -3.801165e+05 9.158031e-16 -1.201050e-14 -3.805908e+05 1.750444e-17 -2.382458e-16 4.742914e+02
1.0632163372   9.229458e-16 -1.211428e-14 -3.717894e+05 9.055848e-16 -1.187794e-14 -3.723014e+05 1.736097e-17 -2.363410e-16 5.119135e+02
1.0638850432   9.125801e-16 -1.197878e-14 -3.662995e+05 8.953651e-16 -1.174438e-14 -3.668531e+05 1.721497e-17 -2.344032e-16 5.535999e+02
1.0645535262   9.065054e-16 -1.189643e-14 -3.643354e+05 8.894614e-16 -1.166429e-14 -3.649394e+05 1.704409e-17 -2.321419e-16 6.040192e+02
1.0652217824   8.565021e-16 -1.125065e-14 -3.427135e+05 8.396178e-16 -1.102063e-14 -3.433542e+05 1.688422e-17 -2.300177e-16 6.407389e+02
1.0658898081   8.307416e-16 -1.091752e-14 -3.378025e+05 8.140027e-16 -1.068944e-14 -3.384565e+05 1.673891e-17 -2.280766e-16 6.539578e+02
1.0665575999   8.327372e-16 -1.094097e-14 -3.363051e+05 8.161695e-16 -1.071517e-14 -3.369794e+05 1.656774e-17 -2.257975e-16 6.743158e+02
1.0672251546   8.312604e-16 -1.091802e-14 -3.331896e+05 8.148831e-16 -1.069476e-14 -3.338813e+05 1.637732e-17 -2.232647e-16 6.916860e+02
1.0678924695   8.599537e-16 -1.128832e-14 -3.408880e+05 8.437449e-16 -1.106729e-14 -3.415740e+05 1.620883e-17 -2.210252e-16 6.859719e+02
1.06855954207  8.805801e-16 -1.155696e-14 -3.424669e+05 8.645299e-16 -1.133804e-14 -3.431275e+05 1.605024e-17 -2.189262e-16 6.606226e+02
1.06922636996  8.640546e-16 -1.134130e-14 -3.310867e+05 8.481593e-16 -1.112443e-14 -3.317450e+05 1.589536e-17 -2.168761e-16 6.582218e+02
1.06989295105  8.655189e-16 -1.135802e-14 -3.288027e+05 8.497802e-16 -1.114322e-14 -3.294751e+05 1.573868e-17 -2.148015e-16 6.723782e+02
1.0705592838   8.641834e-16 -1.133757e-14 -3.260742e+05 8.486014e-16 -1.112485e-14 -3.267709e+05 1.558197e-17 -2.127258e-16 6.967286e+02
1.07122536705  8.581633e-16 -1.125534e-14 -3.227318e+05 8.427345e-16 -1.104464e-14 -3.234578e+05 1.542876e-17 -2.106952e-16 7.260700e+02
1.07189119973  8.523892e-16 -1.117678e-14 -3.197449e+05 8.371085e-16 -1.096805e-14 -3.205023e+05 1.528072e-17 -2.087317e-16 7.574323e+02
1.07255678104  8.479942e-16 -1.111703e-14 -3.173951e+05 8.328551e-16 -1.091018e-14 -3.181838e+05 1.513910e-17 -2.068516e-16 7.887236e+02
1.07322211035  8.596166e-16 -1.126489e-14 -3.179086e+05 8.446088e-16 -1.105978e-14 -3.187279e+05 1.500783e-17 -2.051058e-16 8.193797e+02
1.07388718768  8.673254e-16 -1.136288e-14 -3.182038e+05 8.524394e-16 -1.115939e-14 -3.190511e+05 1.488603e-17 -2.034833e-16 8.473186e+02
1.07455201339  8.630352e-16 -1.130778e-14 -3.185960e+05 8.482598e-16 -1.110577e-14 -3.194633e+05 1.477542e-17 -2.020063e-16 8.672885e+02
1.07521658796  8.736296e-16 -1.145130e-14 -3.237145e+05 8.589541e-16 -1.125064e-14 -3.245930e+05 1.467556e-17 -2.006693e-16 8.784836e+02
1.07588091214  8.660984e-16 -1.135468e-14 -3.228060e+05 8.515133e-16 -1.115523e-14 -3.236871e+05 1.458511e-17 -1.994550e-16 8.810831e+02
1.07654498689  8.513087e-16 -1.116542e-14 -3.193161e+05 8.368051e-16 -1.096706e-14 -3.201902e+05 1.450353e-17 -1.983568e-16 8.741084e+02
1.07720881372  8.480466e-16 -1.112562e-14 -3.181408e+05 8.336175e-16 -1.092827e-14 -3.190006e+05 1.442914e-17 -1.973517e-16 8.597762e+02
1.07787239425  8.432696e-16 -1.106605e-14 -3.197106e+05 8.289085e-16 -1.086962e-14 -3.205503e+05 1.436105e-17 -1.964282e-16 8.397205e+02
1.07853573002  8.378068e-16 -1.099772e-14 -3.198692e+05 8.235081e-16 -1.080214e-14 -3.206836e+05 1.429869e-17 -1.955791e-16 8.143799e+02
1.07919882277  8.322931e-16 -1.092842e-14 -3.194979e+05 8.180500e-16 -1.073360e-14 -3.202816e+05 1.424308e-17 -1.948181e-16 7.836928e+02
1.07986167454  8.268125e-16 -1.086096e-14 -3.185632e+05 8.126192e-16 -1.066683e-14 -3.193117e+05 1.419328e-17 -1.941330e-16 7.484939e+02
1.0805242876   8.234849e-16 -1.082184e-14 -3.182085e+05 8.093362e-16 -1.062833e-14 -3.189181e+05 1.414870e-17 -1.935160e-16 7.096608e+02
1.0811866643   8.204067e-16 -1.078607e-14 -3.172415e+05 8.062984e-16 -1.059312e-14 -3.179089e+05 1.410830e-17 -1.929535e-16 6.674356e+02
1.081848806959 8.168791e-16 -1.074401e-14 -3.163995e+05 8.028047e-16 -1.055154e-14 -3.170219e+05 1.407443e-17 -1.924768e-16 6.223760e+02
1.08251071789  8.173240e-16 -1.075420e-14 -3.163348e+05 8.032784e-16 -1.056214e-14 -3.169096e+05 1.404567e-17 -1.920668e-16 5.747619e+02
1.083172399618 8.181741e-16 -1.076956e-14 -3.160574e+05 8.041535e-16 -1.057785e-14 -3.165822e+05 1.402056e-17 -1.917042e-16 5.247667e+02
1.083833854827 8.156778e-16 -1.074217e-14 -3.145553e+05 8.016783e-16 -1.055078e-14 -3.150276e+05 1.399944e-17 -1.913938e-16 4.722960e+02
1.084495086188 8.295656e-16 -1.092502e-14 -3.188175e+05 8.155816e-16 -1.073387e-14 -3.192350e+05 1.398398e-17 -1.911576e-16 4.174463e+02
1.085156096306 8.264554e-16 -1.088806e-14 -3.162486e+05 8.124789e-16 -1.069703e-14 -3.166080e+05 1.397650e-17 -1.910262e-16 3.593617e+02
1.085816887756 7.779166e-16 -1.026568e-14 -3.201558e+05 7.639087e-16 -1.007429e-14 -3.204413e+05 1.400792e-17 -1.913990e-16 2.855607e+02
1.086477463255 7.877609e-16 -1.039748e-14 -3.212834e+05 7.737931e-16 -1.020665e-14 -3.215180e+05 1.396776e-17 -1.908307e-16 2.345059e+02
1.087137825495 7.886006e-16 -1.040628e-14 -3.188867e+05 7.746634e-16 -1.021589e-14 -3.190726e+05 1.393720e-17 -1.903931e-16 1.858980e+02
1.087797977205 7.809858e-16 -1.030645e-14 -3.132349e+05 7.670740e-16 -1.011643e-14 -3.133727e+05 1.391185e-17 -1.900255e-16 1.377864e+02
1.088457920956 7.800192e-16 -1.029598e-14 -3.078399e+05 7.661123e-16 -1.010605e-14 -3.079317e+05 1.390691e-17 -1.899282e-16 9.172863e+01
1.089117659265 7.744945e-16 -1.022477e-14 -3.030880e+05 7.605975e-16 -1.003501e-14 -3.031402e+05 1.389691e-17 -1.897640e-16 5.222536e+01
1.089777194656 7.698027e-16 -1.016644e-14 -3.008032e+05 7.559148e-16 -9.976828e-15 -3.008206e+05 1.388784e-17 -1.896107e-16 1.739037e+01
1.090436529681 7.407377e-16 -9.789562e-15 -2.968012e+05 7.268456e-16 -9.599933e-15 -2.967840e+05 1.389212e-17 -1.896293e-16 -1.714603e+01
1.091095666905 7.390477e-16 -9.767151e-15 -2.948919e+05 7.251635e-16 -9.577661e-15 -2.948460e+05 1.388422e-17 -1.894895e-16 -4.593025e+01
1.09175460868  7.289960e-16 -9.636035e-15 -2.874758e+05 7.151216e-16 -9.446708e-15 -2.874074e+05 1.387441e-17 -1.893267e-16 -6.844443e+01
1.092413357179 7.207130e-16 -9.528211e-15 -2.805477e+05 7.068487e-16 -9.339051e-15 -2.804612e+05 1.386427e-17 -1.891608e-16 -8.640750e+01
1.093071914373 7.169829e-16 -9.479272e-15 -2.750196e+05 7.031310e-16 -9.290306e-15 -2.749183e+05 1.385188e-17 -1.889660e-16 -1.013037e+02
1.093730282256 7.210713e-16 -9.533329e-15 -2.717778e+05 7.072137e-16 -9.344317e-15 -2.716689e+05 1.385761e-17 -1.890115e-16 -1.089347e+02
1.094388462715 7.327944e-16 -9.690797e-15 -2.705849e+05 7.189119e-16 -9.501487e-15 -2.704717e+05 1.388247e-17 -1.893105e-16 -1.131417e+02
1.0950464574709 7.437878e-16 -9.838613e-15 -2.691974e+05 7.298771e-16 -9.648959e-15 -2.690772e+05 1.391065e-17 -1.896542e-16 -1.202291e+02
1.0957042678448 7.531570e-16 -9.963784e-15 -2.682610e+05 7.392010e-16 -9.773558e-15 -2.681293e+05 1.395600e-17 -1.902255e-16 -1.317230e+02
1.0963618956889 7.599673e-16 -1.005445e-14 -2.659286e+05 7.459070e-16 -9.862880e-15 -2.657657e+05 1.406022e-17 -1.915743e-16 -1.628677e+02
1.0970193426945 7.665057e-16 -1.014202e-14 -2.689507e+05 7.523318e-16 -9.948973e-15 -2.687399e+05 1.417390e-17 -1.930421e-16 -2.108723e+02
1.0976766101779 7.695274e-16 -1.018289e-14 -2.693560e+05 7.552718e-16 -9.988807e-15 -2.691014e+05 1.425554e-17 -1.940839e-16 -2.546027e+02
1.098333699359 7.684511e-16 -1.016901e-14 -2.671018e+05 7.541559e-16 -9.974431e-15 -2.668105e+05 1.429521e-17 -1.945746e-16 -2.912669e+02
1.0989906113448 7.630390e-16 -1.009715e-14 -2.638349e+05 7.487145e-16 -9.902216e-15 -2.635155e+05 1.432456e-17 -1.949309e-16 -3.193639e+02
1.0996473471073 7.603796e-16 -1.006226e-14 -2.617597e+05 7.460344e-16 -9.867082e-15 -2.614181e+05 1.434525e-17 -1.951747e-16 -3.415844e+02
1.1003039075025 7.553410e-16 -9.995707e-15 -2.591139e+05 7.409816e-16 -9.800374e-15 -2.587537e+05 1.435934e-17 -1.953330e-16 -3.601704e+02
1.1009602933035 7.503100e-16 -9.929118e-15 -2.566261e+05 7.359414e-16 -9.733689e-15 -2.562495e+05 1.436862e-17 -1.954290e-16 -3.765704e+02
1.101616505163 7.449588e-16 -9.857777e-15 -2.548557e+05 7.305846e-16 -9.662299e-15 -2.544641e+05 1.437421e-17 -1.954777e-16 -3.915309e+02
1.1022725436332 7.418651e-16 -9.813877e-15 -2.487191e+05 7.274939e-16 -9.618463e-15 -2.483120e+05 1.437121e-17 -1.954148e-16 -4.071708e+02
1.1029284092423 7.515302e-16 -9.939293e-15 -2.466934e+05 7.371642e-16 -9.743969e-15 -2.462712e+05 1.436603e-17 -1.953240e-16 -4.222485e+02
1.1035841024216 7.601228e-16 -1.005280e-14 -2.459883e+05 7.457592e-16 -9.857524e-15 -2.455522e+05 1.436364e-17 -1.952708e-16 -4.361438e+02
1.1042396235456 7.708319e-16 -1.019503e-14 -2.469746e+05 7.564697e-16 -9.999799e-15 -2.465242e+05 1.436226e-17 -1.952314e-16 -4.503505e+02
1.1048949729084 7.785084e-16 -1.029848e-14 -2.475347e+05 7.641470e-16 -1.010328e-14 -2.470694e+05 1.436136e-17 -1.951983e-16 -4.653051e+02
1.1055501507727 7.709892e-16 -1.020561e-14 -2.424008e+05 7.566294e-16 -1.001045e-14 -2.419191e+05 1.435981e-17 -1.951574e-16 -4.816944e+02
1.1062051571057 7.710761e-16 -1.020732e-14 -2.418993e+05 7.567177e-16 -1.001220e-14 -2.414006e+05 1.435839e-17 -1.951187e-16 -4.987325e+02
1.1068599918554 7.645611e-16 -1.012093e-14 -2.395473e+05 7.502037e-16 -9.925844e-15 -2.390308e+05 1.435734e-17 -1.950852e-16 -5.164983e+02
1.1075146549429 7.568896e-16 -1.001865e-14 -2.369451e+05 7.425328e-16 -9.823590e-15 -2.364098e+05 1.435673e-17 -1.950580e-16 -5.352704e+02
1.10816914620493 7.503131e-16 -9.930488e-15 -2.342350e+05 7.359565e-16 -9.735451e-15 -2.336799e+05 1.435654e-17 -1.950367e-16 -5.550414e+02
1.10882346547185 7.420053e-16 -9.819505e-15 -2.309000e+05 7.276488e-16 -9.624487e-15 -2.303246e+05 1.435650e-17 -1.950178e-16 -5.754479e+02
1.10947761248474 7.380131e-16 -9.763672e-15 -2.269613e+05 7.236573e-16 -9.568681e-15 -2.263654e+05 1.435581e-17 -1.949912e-16 -5.958578e+02
1.11013158693886 7.366071e-16 -9.741854e-15 -2.224170e+05 7.222523e-16 -9.546893e-15 -2.218004e+05 1.435477e-17 -1.949605e-16 -6.166467e+02
1.11078538842782 7.296794e-16 -9.648896e-15 -2.174774e+05 7.153234e-16 -9.453936e-15 -2.168387e+05 1.435600e-17 -1.949597e-16 -6.387025e+02
1.11143901660393 7.205489e-16 -9.527489e-15 -2.129615e+05 7.061882e-16 -9.332485e-15 -2.122997e+05 1.436063e-17 -1.950039e-16 -6.617959e+02
1.11209247111569 7.118812e-16 -9.412934e-15 -2.088135e+05 6.975146e-16 -9.217867e-15 -2.081276e+05 1.436665e-17 -1.950668e-16 -6.858533e+02
1.11274575164133 7.185941e-16 -9.503526e-15 -2.096702e+05 7.042207e-16 -9.308387e-15 -2.089596e+05 1.437333e-17 -1.951386e-16 -7.106184e+02
1.11339885782835 6.989757e-16 -9.249414e-15 -2.102676e+05 6.845932e-16 -9.054172e-15 -2.095292e+05 1.438244e-17 -1.952420e-16 -7.383521e+02
1.11405178940216 6.851099e-16 -9.069530e-15 -2.134433e+05 6.707174e-16 -8.874172e-15 -2.126748e+05 1.439249e-17 -1.953576e-16 -7.684224e+02
1.11470454609934 6.774439e-16 -8.967591e-15 -2.124534e+05 6.630445e-16 -8.772158e-15 -2.116546e+05 1.439942e-17 -1.954330e-16 -7.988746e+02
1.11535712762435 6.711811e-16 -8.883646e-15 -2.114850e+05 6.567776e-16 -8.688175e-15 -2.106558e+05 1.440344e-17 -1.954710e-16 -8.292076e+02
1.11600953374002 6.688664e-16 -8.851512e-15 -2.105359e+05 6.544609e-16 -8.656027e-15 -2.096765e+05 1.440555e-17 -1.954844e-16 -8.594612e+02
1.11666176422568 6.684807e-16 -8.844719e-15 -2.105211e+05 6.540745e-16 -8.649240e-15 -2.096316e+05 1.440622e-17 -1.954793e-16 -8.894884e+02
1.11731381893608 6.703983e-16 -8.868231e-15 -2.107538e+05 6.559932e-16 -8.672780e-15 -2.098349e+05 1.440511e-17 -1.954514e-16 -9.189319e+02
1.11796569769766 6.713191e-16 -8.878304e-15 -2.114081e+05 6.569170e-16 -8.682905e-15 -2.104605e+05 1.440212e-17 -1.953990e-16 -9.476797e+02
1.118617400472 6.765004e-16 -8.944560e-15 -2.133194e+05 6.620986e-16 -8.749179e-15 -2.123464e+05 1.440174e-17 -1.953814e-16 -9.730517e+02
1.11926892710219 6.786285e-16 -8.970260e-15 -2.144397e+05 6.642221e-16 -8.774830e-15 -2.134470e+05 1.440639e-17 -1.954302e-16 -9.926848e+02
1.11992027760916 6.344099e-16 -8.397136e-15 -2.234905e+05 6.199776e-16 -8.201384e-15 -2.224780e+05 1.443231e-17 -1.957524e-16 -1.012564e+03
1.12057145209783 6.295333e-16 -8.333268e-15 -2.341345e+05 6.150850e-16 -8.137322e-15 -2.331024e+05 1.444831e-17 -1.959455e-16 -1.032105e+03
1.121222450761656 6.210069e-16 -8.223329e-15 -2.351308e+05 6.065544e-16 -8.027343e-15 -2.340787e+05 1.445252e-17 -1.959854e-16 -1.052147e+03
1.121873273788663 6.140727e-16 -8.134663e-15 -2.349812e+05 5.996248e-16 -7.938753e-15 -2.339086e+05 1.444790e-17 -1.959107e-16 -1.072579e+03
1.122523921474396 6.190525e-16 -8.201003e-15 -2.359812e+05 6.046184e-16 -8.005286e-15 -2.348879e+05 1.443410e-17 -1.957167e-16 -1.093213e+03
1.123174394154205 6.353183e-16 -8.414485e-15 -2.408120e+05 6.209031e-16 -8.219029e-15 -2.396987e+05 1.441512e-17 -1.954556e-16 -1.113308e+03
1.12382469222571 6.519731e-16 -8.630565e-15 -2.449103e+05 6.375783e-16 -8.435388e-15 -2.437791e+05 1.439476e-17 -1.951770e-16 -1.131169e+03
1.124474816174184 6.493108e-16 -8.598487e-15 -2.443162e+05 6.349391e-16 -8.403624e-15 -2.431679e+05 1.437168e-17 -1.948630e-16 -1.148207e+03
1.125124766473085 6.598845e-16 -8.740757e-15 -2.451061e+05 6.455523e-16 -8.546422e-15 -2.439418e+05 1.433223e-17 -1.943343e-16 -1.164313e+03
1.125774543779331 6.718503e-16 -8.903912e-15 -2.473176e+05 6.575627e-16 -8.710175e-15 -2.461395e+05 1.428757e-17 -1.937376e-16 -1.178051e+03
1.126424148789106 6.855054e-16 -9.085209e-15 -2.501263e+05 6.712640e-16 -8.892088e-15 -2.489365e+05 1.424138e-17 -1.931210e-16 -1.189787e+03
1.127073582230775 6.979998e-16 -9.250506e-15 -2.524743e+05 6.838051e-16 -9.058009e-15 -2.512741e+05 1.419465e-17 -1.924974e-16 -1.200129e+03
1.127722844984132 7.237183e-16 -9.591115e-15 -2.587406e+05 7.095743e-16 -9.399292e-15 -2.575310e+05 1.414402e-17 -1.918226e-16 -1.209515e+03
1.12837193797219 7.513912e-16 -9.955797e-15 -2.661552e+05 7.373017e-16 -9.764702e-15 -2.649374e+05 1.408945e-17 -1.910959e-16 -1.217741e+03
1.129020862210952 7.779137e-16 -1.030531e-14 -2.733086e+05 7.638800e-16 -1.011496e-14 -2.720841e+05 1.403370e-17 -1.903536e-16 -1.224469e+03
1.129669618773488 7.991529e-16 -1.058597e-14 -2.781139e+05 7.851710e-16 -1.039631e-14 -2.768851e+05 1.398193e-17 -1.896638e-16 -1.228769e+03
1.130318208796294 8.216759e-16 -1.088362e-14 -2.835394e+05 8.077502e-16 -1.069471e-14 -2.823056e+05 1.392565e-17 -1.889146e-16 -1.233798e+03
1.130966633462816 8.425374e-16 -1.115837e-14 -2.891578e+05 8.286730e-16 -1.097027e-14 -2.879190e+05 1.386443e-17 -1.881001e-16 -1.238774e+03
1.13161489405508 8.605392e-16 -1.139518e-14 -2.941285e+05 8.467406e-16 -1.120795e-14 -2.928847e+05 1.379868e-17 -1.872257e-16 -1.243777e+03
1.132262992002044 8.802407e-16 -1.165493e-14 -2.997041e+05 8.665126e-16 -1.146864e-14 -2.984551e+05 1.372812e-17 -1.862879e-16 -1.249031e+03
1.132910928638503 8.931208e-16 -1.182390e-14 -3.033363e+05 8.794689e-16 -1.163862e-14 -3.020811e+05 1.365196e-17 -1.852761e-16 -1.255171e+03
1.13355870536252 9.104294e-16 -1.205240e-14 -3.084532e+05 8.968593e-16 -1.186821e-14 -3.071909e+05 1.357012e-17 -1.841896e-16 -1.262309e+03
1.134206323710297 9.249778e-16 -1.224416e-14 -3.127280e+05 9.114965e-16 -1.206115e-14 -3.114563e+05 1.348138e-17 -1.830121e-16 -1.271697e+03
1.134853785322961 9.377783e-16 -1.241275e-14 -3.166671e+05 9.243957e-16 -1.223105e-14 -3.153786e+05 1.338263e-17 -1.817026e-16 -1.288553e+03
1.135501091922052 9.399068e-16 -1.243949e-14 -3.190065e+05 9.266003e-16 -1.225880e-14 -3.176895e+05 1.330655e-17 -1.806912e-16 -1.317012e+03
1.136148245467003 9.502756e-16 -1.257658e-14 -3.242156e+05 9.369906e-16 -1.239618e-14 -3.228721e+05 1.328502e-17 -1.803985e-16 -1.343490e+03
1.136795247813977 9.599637e-16 -1.270409e-14 -3.256116e+05 9.467063e-16 -1.252406e-14 -3.242436e+05 1.325743e-17 -1.800260e-16 -1.367989e+03
1.137442100895072 9.725534e-16 -1.286866e-14 -3.294315e+05 9.593255e-16 -1.268903e-14 -3.280435e+05 1.322794e-17 -1.796284e-16 -1.388005e+03
1.138088806766484 9.826996e-16 -1.300252e-14 -3.331159e+05 9.695020e-16 -1.282330e-14 -3.317114e+05 1.319757e-17 -1.792190e-16 -1.404480e+03
1.138735367551518 9.919794e-16 -1.312521e-14 -3.366708e+05 9.788120e-16 -1.294639e-14 -3.352525e+05 1.316741e-17 -1.788125e-16 -1.418316e+03
1.139381785428518 9.990781e-16 -1.321893e-14 -3.397397e+05 9.859399e-16 -1.304052e-14 -3.383095e+05 1.313819e-17 -1.784182e-16 -1.430170e+03
1.140028062621786 1.006639e-15 -1.331929e-14 -3.429269e+05 9.935291e-16 -1.314125e-14 -3.414864e+05 1.311041e-17 -1.780429e-16 -1.440523e+03
1.140674201442644 1.010339e-15 -1.336842e-14 -3.449671e+05 9.972548e-16 -1.319073e-14 -3.435174e+05 1.308439e-17 -1.776910e-16 -1.449680e+03
1.141320204289459 1.010342e-15 -1.336843e-14 -3.458979e+05 9.972819e-16 -1.319107e-14 -3.444399e+05 1.306021e-17 -1.773631e-16 -1.457956e+03
1.141966073641979 1.010448e-15 -1.336999e-14 -3.468610e+05 9.974096e-16 -1.319292e-14 -3.453957e+05 1.303804e-17 -1.770620e-16 -1.465373e+03
1.142611812021013 1.008747e-15 -1.334764e-14 -3.472469e+05 9.957296e-16 -1.317085e-14 -3.457748e+05 1.301784e-17 -1.767868e-16 -1.472016e+03
1.143257421925477 9.982094e-16 -1.320729e-14 -3.450456e+05 9.852102e-16 -1.303076e-14 -3.435678e+05 1.299926e-17 -1.765328e-16 -1.477867e+03
1.143902906070217 1.002185e-15 -1.325913e-14 -3.472672e+05 9.892020e-16 -1.308282e-14 -3.457842e+05 1.298282e-17 -1.763071e-16 -1.482943e+03
1.144548267104344 9.997980e-16 -1.322827e-14 -3.472342e+05 9.868297e-16 -1.305217e-14 -3.457468e+05 1.296830e-17 -1.761068e-16 -1.487388e+03
1.145193507747827 9.965663e-16 -1.318620e-14 -3.468851e+05 9.836109e-16 -1.301027e-14 -3.453939e+05 1.295546e-17 -1.759288e-16 -1.491162e+03
1.145838630789697 9.953415e-16 -1.317103e-14 -3.470245e+05 9.823974e-16 -1.299526e-14 -3.455303e+05 1.294417e-17 -1.757713e-16 -1.494202e+03
1.146483639057847 9.937637e-16 -1.315121e-14 -3.469884e+05 9.808292e-16 -1.297558e-14 -3.454920e+05 1.293447e-17 -1.756349e-16 -1.496408e+03
1.147128535435355 9.897678e-16 -1.309911e-14 -3.462057e+05 9.768416e-16 -1.292359e-14 -3.447079e+05 1.292614e-17 -1.755167e-16 -1.497852e+03
1.147773322864784 9.859741e-16 -1.304975e-14 -3.454097e+05 9.730553e-16 -1.287434e-14 -3.439108e+05 1.291885e-17 -1.754124e-16 -1.498827e+03
1.148418004298931 9.802242e-16 -1.297431e-14 -3.439799e+05 9.673121e-16 -1.279899e-14 -3.424801e+05 1.291215e-17 -1.753160e-16 -1.499773e+03
1.14906258269481 9.739418e-16 -1.289134e-14 -3.426549e+05 9.610347e-16 -1.271610e-14 -3.411557e+05 1.290712e-17 -1.752419e-16 -1.499208e+03
1.14970706105625 9.674939e-16 -1.280673e-14 -3.409299e+05 9.545904e-16 -1.263154e-14 -3.394322e+05 1.290343e-17 -1.751856e-16 -1.497657e+03
1.150351442395272 9.603511e-16 -1.271280e-14 -3.390094e+05 9.474498e-16 -1.253765e-14 -3.375143e+05 1.290134e-17 -1.751505e-16 -1.495105e+03
1.150995729730427 9.504409e-16 -1.258205e-14 -3.362464e+05 9.375406e-16 -1.240692e-14 -3.347546e+05 1.290027e-17 -1.751293e-16 -1.491794e+03
1.151639926081938 9.423124e-16 -1.247450e-14 -3.340819e+05 9.294122e-16 -1.229937e-14 -3.325943e+05 1.290024e-17 -1.751218e-16 -1.487623e+03
1.152284034454931 9.470029e-16 -1.253927e-14 -3.353769e+05 9.341017e-16 -1.236414e-14 -3.338944e+05 1.290125e-17 -1.751285e-16 -1.482506e+03
1.152928057872199 9.644956e-16 -1.277535e-14 -3.402191e+05 9.515928e-16 -1.260021e-14 -3.387424e+05 1.290281e-17 -1.751428e-16 -1.476740e+03
1.153571999332528 9.775195e-16 -1.295073e-14 -3.435086e+05 9.646147e-16 -1.277557e-14 -3.420382e+05 1.290485e-17 -1.751637e-16 -1.470319e+03
1.15421586182088 9.839225e-16 -1.303867e-14 -3.450046e+05 9.710155e-16 -1.286348e-14 -3.435405e+05 1.290698e-17 -1.751859e-16 -1.464083e+03
1.154859648262231 9.862486e-16 -1.307212e-14 -3.452456e+05 9.733393e-16 -1.289691e-14 -3.437876e+05 1.290923e-17 -1.752099e-16 -1.457959e+03
1.155503361541474 9.864670e-16 -1.307735e-14 -3.449856e+05 9.735552e-16 -1.290211e-14 -3.435344e+05 1.291173e-17 -1.752376e-16 -1.451149e+03
1.156147004471804 9.879597e-16 -1.309963e-14 -3.450706e+05 9.750454e-16 -1.292436e-14 -3.436271e+05 1.291434e-17 -1.752671e-16 -1.443536e+03
1.156790579831403 1.040063e-15 -1.379850e-14 -3.594688e+05 1.027146e-15 -1.362320e-14 -3.580337e+05 1.291739e-17 -1.753028e-16 -1.435165e+03
1.157434090365912 1.087789e-15 -1.443882e-14 -3.726397e+05 1.074869e-15 -1.426348e-14 -3.712138e+05 1.292064e-17 -1.753415e-16 -1.425882e+03
1.158077538792436 1.099321e-15 -1.459541e-14 -3.754846e+05 1.086397e-15 -1.442002e-14 -3.740687e+05 1.292388e-17 -1.753804e-16 -1.415936e+03
1.158720927727586 1.119845e-15 -1.487218e-14 -3.809000e+05 1.106918e-15 -1.469676e-14 -3.794945e+05 1.292691e-17 -1.754169e-16 -1.405513e+03
1.159364259660586 1.119597e-15 -1.487124e-14 -3.804371e+05 1.106667e-15 -1.469579e-14 -3.790427e+05 1.292969e-17 -1.754505e-16 -1.394444e+03
1.160007537066649 1.121920e-15 -1.490471e-14 -3.807068e+05 1.108988e-15 -1.472923e-14 -3.793242e+05 1.293223e-17 -1.754812e-16 -1.382561e+03
1.160650762307957 1.107072e-15 -1.470860e-14 -3.761194e+05 1.094137e-15 -1.453309e-14 -3.747498e+05 1.293471e-17 -1.755117e-16 -1.369644e+03
1.161293937616708 1.081333e-15 -1.436695e-14 -3.684290e+05 1.068396e-15 -1.419140e-14 -3.670734e+05 1.293717e-17 -1.755423e-16 -1.355582e+03
1.161937065138702 1.057614e-15 -1.405206e-14 -3.616370e+05 1.044672e-15 -1.387644e-14 -3.603004e+05 1.294287e-17 -1.756165e-16 -1.336615e+03
1.162580146900687 1.029553e-15 -1.367923e-14 -3.534263e+05 1.016604e-15 -1.350353e-14 -3.521112e+05 1.294950e-17 -1.757036e-16 -1.315179e+03
1.163223184863031 9.981022e-16 -1.326116e-14 -3.441069e+05 9.851460e-16 -1.308537e-14 -3.428142e+05 1.295621e-17 -1.757923e-16 -1.292710e+03
1.163866180888844 9.723678e-16 -1.291943e-14 -3.364978e+05 9.594040e-16 -1.274354e-14 -3.352295e+05 1.296376e-17 -1.758927e-16 -1.268264e+03
1.164509136700581 9.503112e-16 -1.262600e-14 -3.309367e+05 9.373277e-16 -1.244984e-14 -3.297095e+05 1.298347e-17 -1.761560e-16 -1.227194e+03
1.165152053930139 9.210745e-16 -1.223764e-14 -3.221229e+05 9.080734e-16 -1.206125e-14 -3.209361e+05 1.300112e-17 -1.763920e-16 -1.186877e+03
1.165794934136442 8.988826e-16 -1.194341e-14 -3.151935e+05 8.858665e-16 -1.176681e-14 -3.140457e+05 1.301605e-17 -1.765924e-16 -1.147786e+03
1.166437778781693 8.794699e-16 -1.168631e-14 -3.090634e+05 8.664408e-16 -1.150954e-14 -3.079543e+05 1.302915e-17 -1.767688e-16 -1.109069e+03
1.167080589279075 8.562132e-16 -1.137777e-14 -3.017666e+05 8.431721e-16 -1.120084e-14 -3.006960e+05 1.304114e-17 -1.769304e-16 -1.070612e+03
1.167723366884426 8.425939e-16 -1.119795e-14 -2.972450e+05 8.295427e-16 -1.102088e-14 -2.962125e+05 1.305120e-17 -1.770668e-16 -1.032504e+03
1.168366112728603 8.231184e-16 -1.093920e-14 -2.911712e+05 8.100575e-16 -1.076200e-14 -2.901763e+05 1.306087e-17 -1.771977e-16 -9.948620e+02
1.169008827871994 8.032308e-16 -1.067479e-14 -2.848397e+05 7.901591e-16 -1.049745e-14 -2.838817e+05 1.307163e-17 -1.773424e-16 -9.580533e+02
1.169651512878046 7.830926e-16 -1.040763e-14 -2.781556e+05 7.700102e-16 -1.023014e-14 -2.772343e+05 1.308244e-17 -1.774874e-16 -9.212314e+02
1.170294169429571 7.676610e-16 -1.020317e-14 -2.728648e+05 7.545687e-16 -1.002555e-14 -2.719811e+05 1.309223e-17 -1.776190e-16 -8.836953e+02
1.170936798315344 7.544204e-16 -1.002795e-14 -2.681683e+05 7.413195e-16 -9.850216e-15 -2.673229e+05 1.310092e-17 -1.777361e-16 -8.453530e+02
1.171579400249154 7.411172e-16 -9.851852e-15 -2.634073e+05 7.280085e-16 -9.674012e-15 -2.626011e+05 1.310864e-17 -1.778402e-16 -8.061710e+02
1.172221975848934 7.321355e-16 -9.733343e-15 -2.600926e+05 7.190198e-16 -9.555407e-15 -2.593268e+05 1.311576e-17 -1.779364e-16 -7.657739e+02
1.172864525756344 7.252479e-16 -9.642410e-15 -2.574917e+05 7.121258e-16 -9.464387e-15 -2.567694e+05 1.312212e-17 -1.780224e-16 -7.223700e+02
1.173503847283414 7.353552e-16 -9.778895e-15 -2.595263e+05 7.222283e-16 -9.600808e-15 -2.588484e+05 1.312685e-17 -1.780870e-16 -6.778921e+02
1.174139259268212 7.298092e-16 -9.706374e-15 -2.570659e+05 7.166792e-16 -9.528243e-15 -2.564324e+05 1.312996e-17 -1.781303e-16 -6.334947e+02
1.174770884981509 7.255429e-16 -9.651025e-15 -2.546545e+05 7.124111e-16 -9.472869e-15 -2.540664e+05 1.313175e-17 -1.781566e-16 -5.881279e+02
1.175398846149244 7.223214e-16 -9.609664e-15 -2.525339e+05 7.091903e-16 -9.431511e-15 -2.519926e+05 1.313118e-17 -1.781523e-16 -5.413325e+02
1.17602326530074 7.321613e-16 -9.742660e-15 -2.541448e+05 7.190315e-16 -9.564523e-15 -2.536519e+05 1.312978e-17 -1.781373e-16 -4.929283e+02
1.176644251758313 7.441238e-16 -9.903446e-15 -2.564347e+05 7.309960e-16 -9.725331e-15 -2.559922e+05 1.312778e-17 -1.781148e-16 -4.425101e+02
1.177261900114264 7.584331e-16 -1.009415e-14 -2.595827e+05 7.453064e-16 -9.916041e-15 -2.591922e+05 1.312675e-17 -1.781049e-16 -3.905313e+02
1.177876318219504 7.687574e-16 -1.023304e-14 -2.608848e+05 7.556264e-16 -1.005488e-14 -2.605455e+05 1.313094e-17 -1.781634e-16 -3.392764e+02
1.178487614329305 7.782163e-16 -1.036056e-14 -2.619585e+05 7.650770e-16 -1.018229e-14 -2.616665e+05 1.313931e-17 -1.782770e-16 -2.919883e+02
1.179095889751107 7.729374e-16 -1.029144e-14 -2.603131e+05 7.598330e-16 -1.011362e-14 -2.600614e+05 1.310443e-17 -1.778214e-16 -2.516595e+02
1.179701264565115 7.820323e-16 -1.041383e-14 -2.612117e+05 7.689617e-16 -1.023645e-14 -2.610042e+05 1.307059e-17 -1.773794e-16 -2.074825e+02
1.180303847470457 7.883196e-16 -1.049869e-14 -2.612503e+05 7.752836e-16 -1.032176e-14 -2.610895e+05 1.303597e-17 -1.769269e-16 -1.608260e+02
1.18090373386803 7.902076e-16 -1.052479e-14 -2.599563e+05 7.772078e-16 -1.034833e-14 -2.598429e+05 1.299979e-17 -1.764538e-16 -1.134257e+02
1.181501015445223 7.917393e-16 -1.054611e-14 -2.585122e+05 7.787772e-16 -1.037015e-14 -2.584467e+05 1.296214e-17 -1.759612e-16 -6.554226e+01
1.182095780771895 7.942622e-16 -1.058073e-14 -2.573170e+05 7.813389e-16 -1.040528e-14 -2.572992e+05 1.292338e-17 -1.754539e-16 -1.774991e+01
1.182688116346361 7.944250e-16 -1.058367e-14 -2.554844e+05 7.815413e-16 -1.040873e-14 -2.555143e+05 1.288366e-17 -1.749338e-16 2.997678e+01
1.183278102933693 7.991723e-16 -1.064751e-14 -2.552359e+05 7.863285e-16 -1.047310e-14 -2.553144e+05 1.284373e-17 -1.744108e-16 7.851490e+01
1.183865811507056 8.017361e-16 -1.068252e-14 -2.543151e+05 7.889343e-16 -1.050865e-14 -2.544422e+05 1.280181e-17 -1.738616e-16 1.270762e+02
1.1844513133012 8.028656e-16 -1.069810e-14 -2.531401e+05 7.901066e-16 -1.052481e-14 -2.533161e+05 1.275891e-17 -1.732992e-16 1.759661e+02
1.185034678835202 8.042200e-16 -1.071700e-14 -2.519380e+05 7.915048e-16 -1.054427e-14 -2.521627e+05 1.271518e-17 -1.727258e-16 2.246733e+02
1.18561597592767 8.109033e-16 -1.080694e-14 -2.523039e+05 7.982277e-16 -1.063473e-14 -2.525822e+05 1.267559e-17 -1.722083e-16 2.783274e+02
1.186195270440684 8.137242e-16 -1.084536e-14 -2.514854e+05 8.010884e-16 -1.067367e-14 -2.518178e+05 1.263583e-17 -1.716887e-16 3.324658e+02
1.186772625515057 8.189385e-16 -1.091561e-14 -2.513892e+05 8.063447e-16 -1.074447e-14 -2.517763e+05 1.259374e-17 -1.711384e-16 3.870490e+02
1.18734810247282 8.239898e-16 -1.098450e-14 -2.453705e+05 8.114608e-16 -1.081421e-14 -2.458168e+05 1.252897e-17 -1.702943e-16 4.462866e+02
1.187921760244941 8.338964e-16 -1.111623e-14 -2.429970e+05 8.214393e-16 -1.094688e-14 -2.435055e+05 1.245704e-17 -1.693573e-16 5.085255e+02
1.188493655611445 8.410023e-16 -1.121026e-14 -2.417823e+05 8.286184e-16 -1.104186e-14 -2.423551e+05 1.238394e-17 -1.684045e-16 5.727965e+02
1.189063843256063 8.452873e-16 -1.126674e-14 -2.462106e+05 8.329588e-16 -1.109906e-14 -2.468463e+05 1.232855e-17 -1.676799e-16 6.356977e+02
1.18963238437967 8.496798e-16 -1.132622e-14 -2.524360e+05 8.373939e-16 -1.115910e-14 -2.531338e+05 1.228590e-17 -1.671195e-16 6.978252e+02
1.190199286780735 8.528865e-16 -1.137137e-14 -2.533519e+05 8.406497e-16 -1.120490e-14 -2.541142e+05 1.223678e-17 -1.664748e-16 7.622577e+02
1.190763415663034 9.266150e-16 -1.235854e-14 -2.783924e+05 9.144298e-16 -1.219274e-14 -2.792066e+05 1.218519e-17 -1.657972e-16 8.142292e+02
1.191324661610277 1.010547e-15 -1.348203e-14 -3.049447e+05 9.984196e-16 -1.331699e-14 -3.058041e+05 1.212743e-17 -1.650393e-16 8.593837e+02
1.191882892605482 1.018888e-15 -1.359386e-14 -3.080588e+05 1.006822e-15 -1.342963e-14 -3.089669e+05 1.206609e-17 -1.642349e-16 9.081497e+02
1.192438167741913 1.019113e-15 -1.359894e-14 -3.078766e+05 1.007115e-15 -1.343559e-14 -3.088324e+05 1.199829e-17 -1.633455e-16 9.557951e+02
1.192990559244276 1.039846e-15 -1.387503e-14 -3.147005e+05 1.027920e-15 -1.371263e-14 -3.157081e+05 1.192583e-17 -1.623943e-16 1.007672e+03
1.193540117322603 1.045736e-15 -1.395522e-14 -3.159730e+05 1.033888e-15 -1.379385e-14 -3.170311e+05 1.184817e-17 -1.613739e-16 1.058093e+03
1.194086910604102 1.053245e-15 -1.405638e-14 -3.180003e+05 1.041478e-15 -1.389608e-14 -3.191085e+05 1.176655e-17 -1.603006e-16 1.108214e+03
1.194631009749676 1.057193e-15 -1.411136e-14 -3.190032e+05 1.045507e-15 -1.395213e-14 -3.201595e+05 1.168527e-17 -1.592295e-16 1.156281e+03
1.195172480429788 1.063882e-15 -1.420123e-14 -3.210889e+05 1.052281e-15 -1.404310e-14 -3.222922e+05 1.160179e-17 -1.581289e-16 1.203341e+03
1.195711388483002 1.069283e-15 -1.427386e-14 -3.226107e+05 1.057768e-15 -1.411687e-14 -3.238612e+05 1.151492e-17 -1.569835e-16 1.250419e+03
1.196247798529462 1.070629e-15 -1.429227e-14 -3.229850e+05 1.059204e-15 -1.413646e-14 -3.242823e+05 1.142560e-17 -1.558061e-16 1.297301e+03
1.196781776050579 1.072914e-15 -1.432210e-14 -3.237226e+05 1.061580e-15 -1.416751e-14 -3.250668e+05 1.133332e-17 -1.545901e-16 1.344258e+03
1.197313381739201 1.075460e-15 -1.435441e-14 -3.242541e+05 1.064222e-15 -1.420107e-14 -3.256466e+05 1.123845e-17 -1.533399e-16 1.392496e+03
1.197842681685896 1.076813e-15 -1.437120e-14 -3.240657e+05 1.065672e-15 -1.421914e-14 -3.255085e+05 1.114150e-17 -1.520626e-16 1.442746e+03
1.198369740510087 1.077684e-15 -1.438151e-14 -3.237211e+05 1.066640e-15 -1.423074e-14 -3.252158e+05 1.104379e-17 -1.507761e-16 1.494641e+03
1.198894619549861 1.077834e-15 -1.438222e-14 -3.231456e+05 1.066890e-15 -1.423277e-14 -3.246934e+05 1.094363e-17 -1.494579e-16 1.547749e+03
1.19941737698874 1.079676e-15 -1.440556e-14 -3.229986e+05 1.068835e-15 -1.425745e-14 -3.246010e+05 1.084076e-17 -1.481046e-16 1.602346e+03
1.199938069291731 1.080666e-15 -1.441741e-14 -3.226760e+05 1.069930e-15 -1.427068e-14 -3.243343e+05 1.073590e-17 -1.467254e-16 1.658294e+03
1.200456755869288 1.083923e-15 -1.445951e-14 -3.230087e+05 1.073294e-15 -1.431419e-14 -3.247247e+05 1.062929e-17 -1.453235e-16 1.716014e+03
1.200973490662079 1.068852e-15 -1.425664e-14 -3.181089e+05 1.058331e-15 -1.411274e-14 -3.198846e+05 1.052038e-17 -1.438916e-16 1.775764e+03
1.201488331992424 1.073221e-15 -1.431361e-14 -3.187167e+05 1.062811e-15 -1.417118e-14 -3.205538e+05 1.040943e-17 -1.424329e-16 1.837085e+03
1.20200132661016 1.075727e-15 -1.434570e-14 -3.187844e+05 1.065431e-15 -1.420476e-14 -3.206839e+05 1.029605e-17 -1.409426e-16 1.899499e+03
1.202512517780649 1.075700e-15 -1.434391e-14 -3.181282e+05 1.065520e-15 -1.420450e-14 -3.200911e+05 1.018007e-17 -1.394183e-16 1.962866e+03
1.203021946538227 1.072334e-15 -1.429818e-14 -3.161406e+05 1.062280e-15 -1.416043e-14 -3.181584e+05 1.005383e-17 -1.377579e-16 2.017829e+03
1.203529651137911 1.075450e-15 -1.433723e-14 -3.169803e+05 1.065511e-15 -1.420098e-14 -3.190690e+05 9.938940e-18 -1.362488e-16 2.088751e+03
1.204035666928672 1.065639e-15 -1.420839e-14 -3.134202e+05 1.055823e-15 -1.407376e-14 -3.155722e+05 9.815438e-18 -1.346259e-16 2.151968e+03
1.204540026536882 1.060173e-15 -1.413585e-14 -3.118365e+05 1.050483e-15 -1.400288e-14 -3.140434e+05 9.689536e-18 -1.329702e-16 2.206899e+03
1.205042759848755 1.053513e-15 -1.404886e-14 -3.125276e+05 1.043904e-15 -1.391696e-14 -3.147876e+05 9.609150e-18 -1.319058e-16 2.260026e+03
1.205543894312011 1.049655e-15 -1.399817e-14 -3.118224e+05 1.040131e-15 -1.386739e-14 -3.141347e+05 9.524085e-18 -1.307797e-16 2.312287e+03
