/*--------------------------------*- C++ -*----------------------------------*\
| =========                 |                                                 |
| \\      /  F ield         | OpenFOAM: The Open Source CFD Toolbox           |
|  \\    /   O peration     | Version:  2506                                  |
|   \\  /    A nd           | Website:  www.openfoam.com                      |
|    \\/     M anipulation  |                                                 |
\*---------------------------------------------------------------------------*/
FoamFile
{
    version     2.0;
    format      ascii;
    arch        "LSB;label=32;scalar=64";
    note        "nPoints:48598  nCells:23579  nFaces:95035  nInternalFaces:46361";
    class       labelList;
    location    "constant/polyMesh";
    object      neighbour;
}
// * * * * * * * * * * * * * * * * * * * * * * * * * * * * * * * * * * * * * //


46361
(
1
586
759
992
1219
1322
2941
3
1418
1457
1642
1417
1641
23507
5
1124
1208
2989
6
205
291
7
200
296
1123
1208
2992
9
1117
1212
3032
10
167
371
11
162
376
1116
1212
3034
13
1102
1207
3038
14
101
507
15
96
512
18
1207
3033
17
1101
1218
1544
18
1207
2929
19
3029
1101
3020
3025
21
1330
1625
2906
22
24
1626
23
1115
3053
2906
3054
3058
25
1115
1547
26
60
1548
27
59
3044
1115
3045
3049
29
1121
1421
1611
30
32
1608
31
1122
3012
1121
3013
3017
33
1122
1609
34
56
1462
35
55
3003
1122
3004
3008
37
1419
1461
2905
38
1435
2944
39
1126
2978
2905
2979
2983
41
1099
3002
3007
1100
1210
1339
43
1104
3052
3057
1105
1209
1341
45
1119
3022
3026
1120
1213
1422
47
1107
1323
3077
48
121
2908
114
2907
3074
50
2957
2967
689
946
52
1109
1425
3073
53
129
1328
122
1108
3075
55
57
2995
2999
56
3000
57
1451
1123
1409
59
61
3036
3040
60
3041
61
1450
1116
1404
63
71
576
2967
575
582
2963
65
225
248
2965
66
247
2966
67
252
2966
218
251
2969
69
75
568
2973
70
567
2972
71
572
2972
571
2968
73
79
560
2982
74
559
2981
75
564
2981
563
2977
77
83
552
2991
78
551
2990
79
556
2990
555
2986
81
87
544
2998
82
543
2997
83
548
2997
547
2993
85
91
536
3007
86
535
3006
87
540
3006
539
3002
89
95
528
3016
90
527
3015
91
532
3015
531
3011
93
98
520
3025
94
519
3024
95
524
3024
523
3020
97
511
3033
98
516
3033
515
3029
100
105
504
3039
101
503
3038
508
3038
103
109
496
3048
104
495
3047
105
500
3047
499
3043
107
113
488
3057
108
487
3056
109
492
3056
491
3052
111
117
480
3066
112
479
3065
113
484
3065
483
3061
115
121
472
116
471
3074
117
476
3074
475
3070
119
125
464
3078
120
463
3077
121
468
3077
467
123
129
456
124
455
3075
125
460
3075
459
3076
127
133
448
3072
128
447
3073
129
452
3073
451
131
137
440
3068
132
439
3069
133
444
3069
443
3071
135
141
432
3063
136
431
3064
137
436
3064
435
3067
139
145
424
3059
140
423
3060
141
428
3060
427
3062
143
149
416
3054
144
415
3055
145
420
3055
419
3058
147
153
408
3050
148
407
3051
149
412
3051
411
3053
151
157
400
3045
152
399
3046
153
404
3046
403
3049
155
161
392
3041
156
391
3042
157
396
3042
395
3044
159
164
384
3036
160
383
3037
161
388
3037
387
3040
163
375
3034
164
380
3034
379
3035
166
171
368
3031
167
367
3032
372
3032
169
175
360
3027
170
359
3028
171
364
3028
363
3030
173
179
352
3022
174
351
3023
175
356
3023
355
3026
177
183
344
3018
178
343
3019
179
348
3019
347
3021
181
187
336
3013
182
335
3014
183
340
3014
339
3017
185
191
328
3009
186
327
3010
187
332
3010
331
3012
189
195
320
3004
190
319
3005
191
324
3005
323
3008
193
199
312
3000
194
311
3001
195
316
3001
315
3003
197
202
304
2995
198
303
2996
199
308
2996
307
2999
201
295
2992
202
300
2992
299
2994
204
209
288
2988
205
287
2989
292
2989
207
213
280
2984
208
279
2985
209
284
2985
283
2987
211
217
272
2979
212
271
2980
213
276
2980
275
2983
215
221
264
2975
216
263
2976
217
268
2976
267
2978
219
256
2970
220
255
2971
221
260
2971
259
2974
223
227
240
2961
224
239
2962
225
244
2962
243
2964
227
229
236
2959
235
2960
229
232
2958
231
2959
231
233
237
22644
232
236
233
22641
235
237
241
22640
236
240
237
22637
239
241
245
22636
240
244
241
22633
243
245
249
22632
244
248
245
22629
247
249
253
22628
248
252
249
22625
251
253
257
22624
252
256
253
22621
255
257
261
22620
256
260
257
22617
259
261
265
22616
260
264
261
22613
263
265
269
22612
264
268
265
22609
267
269
273
22608
268
272
269
22605
271
273
277
22604
272
276
273
22601
275
277
281
22600
276
280
277
22597
279
281
285
22596
280
284
281
22593
283
285
289
22592
284
288
285
22589
287
289
293
22588
288
292
289
22585
291
293
297
22584
292
296
293
22581
295
297
301
22580
296
300
297
22577
299
301
305
22576
300
304
301
22573
303
305
309
22572
304
308
305
22569
307
309
313
22568
308
312
309
22565
311
313
317
22564
312
316
313
22561
315
317
321
22560
316
320
317
22557
319
321
325
22556
320
324
321
22553
323
325
329
22552
324
328
325
22549
327
329
333
22548
328
332
329
22545
331
333
337
22544
332
336
333
22541
335
337
341
22540
336
340
337
22537
339
341
345
22536
340
344
341
22533
343
345
349
22532
344
348
345
22529
347
349
353
22528
348
352
349
22525
351
353
357
22524
352
356
353
22521
355
357
361
22520
356
360
357
22517
359
361
365
22516
360
364
361
22513
363
365
369
22512
364
368
365
22509
367
369
373
22508
368
372
369
22505
371
373
377
22504
372
376
373
22501
375
377
381
22500
376
380
377
22497
379
381
385
22496
380
384
381
22493
383
385
389
22492
384
388
385
22489
387
389
393
22488
388
392
389
22485
391
393
397
22484
392
396
393
22481
395
397
401
22480
396
400
397
22477
399
401
405
22476
400
404
401
22473
403
405
409
22472
404
408
405
22469
407
409
413
22468
408
412
409
22465
411
413
417
22464
412
416
413
22461
415
417
421
22460
416
420
417
22457
419
421
425
22456
420
424
421
22453
423
425
429
22452
424
428
425
22449
427
429
433
22448
428
432
429
22445
431
433
437
22444
432
436
433
22441
435
437
441
22440
436
440
437
22437
439
441
445
22436
440
444
441
22433
443
445
449
22432
444
448
445
22429
447
449
453
22428
448
452
449
22425
451
453
457
22424
452
456
453
22421
455
457
461
22420
456
460
457
22417
459
461
465
22416
460
464
461
22413
463
465
469
22412
464
468
465
22409
467
469
473
22408
468
472
469
22405
471
473
477
22404
472
476
473
22401
475
477
481
22400
476
480
477
22397
479
481
485
22396
480
484
481
22393
483
485
489
22392
484
488
485
22389
487
489
493
22388
488
492
489
22385
491
493
497
22384
492
496
493
22381
495
497
501
22380
496
500
497
22377
499
501
505
22376
500
504
501
22373
503
505
509
22372
504
508
505
22369
507
509
513
22368
508
512
509
22365
511
513
517
22364
512
516
513
22361
515
517
521
22360
516
520
517
22357
519
521
525
22356
520
524
521
22353
523
525
529
22352
524
528
525
22349
527
529
533
22348
528
532
529
22345
531
533
537
22344
532
536
533
22341
535
537
541
22340
536
540
537
22337
539
541
545
22336
540
544
541
22333
543
545
549
22332
544
548
545
22329
547
549
553
22328
548
552
549
22325
551
553
557
22324
552
556
553
22321
555
557
561
22320
556
560
557
22317
559
561
565
22316
560
564
561
22313
563
565
569
22312
564
568
565
22309
567
569
573
22308
568
572
569
22305
571
573
577
22304
572
576
573
22301
575
577
580
22300
576
579
577
22297
579
581
583
580
582
581
23202
23201
583
2963
2957
760
761
985
1439
587
761
981
1326
759
858
980
760
986
993
589
758
590
787
591
943
592
978
593
977
594
979
595
975
596
976
597
973
598
974
599
971
600
972
601
969
602
970
603
967
604
968
605
965
606
966
607
963
608
964
609
961
610
962
611
959
612
960
613
957
614
958
615
955
616
956
617
953
618
954
619
951
620
952
621
949
622
950
623
947
624
948
625
937
626
938
627
786
628
629
786
630
939
631
940
632
935
633
936
634
933
635
934
636
931
637
932
638
929
639
930
640
927
641
928
642
925
643
926
644
923
645
924
646
921
647
922
648
919
649
920
650
917
651
918
652
915
653
916
654
913
655
914
656
911
657
912
658
909
659
910
660
907
661
908
662
905
663
906
664
903
665
904
666
901
667
902
668
899
669
900
670
897
671
898
672
895
673
896
674
893
675
894
676
891
677
892
678
889
679
890
680
887
681
888
682
885
683
886
684
883
685
884
686
881
687
882
688
879
689
880
878
691
941
2958
692
942
693
876
694
877
695
874
696
875
697
872
698
873
699
870
700
871
701
868
702
869
703
866
704
867
705
864
706
865
707
862
860
863
709
860
710
859
711
861
712
856
789
857
714
762
715
788
716
854
717
853
718
855
719
851
720
852
721
849
722
850
723
847
724
848
725
845
726
846
727
843
728
844
729
841
730
842
731
839
732
840
733
837
734
838
735
835
736
836
737
833
738
834
739
831
740
832
741
829
742
830
743
827
744
828
745
825
746
826
747
823
748
824
749
821
750
822
751
819
752
820
753
817
754
818
755
815
756
816
757
813
758
814
787
857
2942
812
1319
811
1316
763
788
764
944
765
945
766
809
767
810
768
807
769
808
770
805
771
806
772
803
773
804
774
801
775
802
776
799
777
800
778
797
779
798
780
795
781
796
782
793
783
794
784
791
785
792
789
790
938
939
814
943
854
944
858
983
792
983
1206
792
794
1204
1205
794
796
1202
1203
796
798
1200
1201
798
800
1198
1199
800
802
1196
1197
802
804
1194
1195
804
806
1192
1193
806
808
1190
1191
808
810
1188
1189
810
945
1187
1186
985
1184
1185
986
1182
1183
814
816
996
989
816
818
1177
1178
818
820
1175
1176
820
822
1173
1174
822
824
1171
1172
824
826
1169
1170
826
828
1167
1168
828
830
1165
1166
830
832
1163
1164
832
834
1161
1162
834
836
1159
1160
836
838
1157
1158
838
840
1155
1156
840
842
1153
1154
842
844
1151
1152
844
846
1149
1150
846
848
1147
1148
848
850
1145
1146
850
852
1143
1144
852
855
1225
1142
854
855
1004
990
1224
857
861
2942
858
984
860
861
987
863
1001
863
865
998
987
865
867
1140
1141
867
869
1138
1139
869
871
2916
1137
871
873
1136
2915
873
875
1134
1135
875
877
1132
1133
877
942
1131
1130
880
946
994
880
882
1095
1096
882
884
1094
1325
884
886
1092
1093
886
888
1090
1091
888
890
1088
1089
890
892
1086
1087
892
894
1084
1085
894
896
1082
1083
896
898
1080
1081
898
900
1078
1079
900
902
1076
1077
902
904
1074
1075
904
906
1072
1073
906
908
1070
1071
908
910
1068
1069
910
912
1066
1067
912
914
1064
1065
914
916
1062
1063
916
918
1060
1061
918
920
1058
1059
920
922
1056
1057
922
924
1054
1055
924
926
1052
1053
926
928
1050
1051
928
930
1048
1049
930
932
1046
1047
932
934
1044
1045
934
936
1042
1043
936
940
1041
1040
938
948
997
988
940
988
1002
942
982
2960
1000
978
989
945
990
995
991
2968
948
950
1038
1039
950
952
1036
1037
952
954
1034
1035
954
956
1032
1033
956
958
1030
1031
958
960
1028
1029
960
962
1026
1027
962
964
1024
1025
964
966
1022
1023
966
968
1020
1021
968
970
1018
1019
970
972
1016
1017
972
974
1014
1015
974
976
1012
1013
976
979
1010
1011
978
979
1009
1003
1008
984
992
1007
993
1005
1006
999
1000
2961
984
2890
2891
1317
1431
1220
1320
998
1001
997
1002
996
1003
995
1004
994
2973
23511
1219
1327
1220
1306
1096
1400
1187
1223
1178
1222
1039
1221
1141
1180
1129
2904
2964
1129
1131
1180
2942
1041
1221
1009
1222
1223
1224
1303
1304
1306
1303
1326
1429
1327
1428
2891
1009
1010
1227
1226
1011
1228
1012
1229
1013
1230
1014
1231
1015
1232
1016
1233
1017
1234
1018
1235
1019
1236
1020
1237
1021
1238
1022
1239
1023
1240
1024
1241
1025
1242
1026
1243
1027
1244
1028
1245
1029
1246
1030
1247
1031
1248
1032
1249
1033
1250
1034
1251
1035
1252
1036
1253
1037
1254
1038
1255
1039
1256
1257
1041
1042
1259
1258
1043
1260
1044
1261
1045
1262
1046
1263
1047
1264
1048
1265
1049
1266
1050
1267
1051
1268
1052
1269
1053
1270
1054
1271
1055
1272
1056
1273
1057
1274
1058
1275
1059
1276
1060
1277
1061
1278
1062
1279
1063
1280
1064
1281
1065
1282
1066
1283
1067
1284
1068
1285
1069
1286
1070
1287
1071
1288
1072
1289
1073
1290
1074
1291
1075
1292
1076
1293
1077
1294
1078
1295
1079
1296
1080
1297
1081
1298
1082
1299
1083
1300
1084
1301
1085
1302
1086
1304
1087
1305
1088
1307
1089
1309
1090
1310
1091
1311
1092
1312
1093
1313
1094
1463
1325
1427
1324
1325
1426
1324
1432
1098
1215
1406
2991
1099
1405
2993
1210
2998
1101
1218
3011
3016
1103
1340
3039
1104
1217
3043
1209
3048
1106
1216
3061
1211
2907
3066
1108
1329
3078
1328
3076
1110
1424
3072
1111
1423
3071
1112
2871
3068
1113
2870
3067
1114
1331
3063
1330
2906
3062
3050
1403
3035
1118
1402
3031
1119
1401
3030
1213
3027
1121
1421
3021
3018
3009
1408
2994
1125
1420
2988
1419
2905
2987
1127
2944
2975
1128
2943
2974
1129
2904
2970
2943
1131
1132
1314
2943
1133
2894
1134
2893
1135
1334
1136
1333
1332
2915
1138
1337
2916
1139
1336
1140
1335
1141
2872
1181
1143
1225
1399
1144
1398
1145
1397
1146
1396
1147
1395
1148
1394
1149
1393
1150
1392
1151
1391
1152
1390
1153
1389
1154
1388
1155
1387
1156
1386
1157
1385
1158
1384
1159
1383
1160
1382
1161
1381
1162
1380
1163
1379
1164
1378
1165
1377
1166
1376
1167
1375
1168
1374
1169
1373
1170
1372
1171
1371
1172
1370
1173
1369
1174
1368
1175
1367
1176
1366
1177
1365
1178
1364
1363
1181
1322
2874
2941
1181
2941
2872
1318
1320
1417
1318
1319
1414
1315
1317
1411
1315
1316
1410
1187
1188
1343
1342
1189
1344
1190
1345
1191
1346
1192
1347
1193
1348
1194
1349
1195
1350
1196
1351
1197
1352
1198
1353
1199
1354
1200
1355
1201
1356
1202
1357
1203
1358
1204
1359
1205
1360
1206
1361
1362
2890
1340
1408
1420
1217
1447
1405
1445
1216
2908
2918
1402
1403
1401
1459
1215
1400
2982
23511
1407
2986
1341
1545
1340
2926
1339
1543
1412
1413
1308
1321
1257
1258
1226
1363
1342
1437
1225
1437
1438
1227
1449
1228
1541
1229
1540
1230
1542
1231
1538
1232
1539
1233
1536
1234
1537
1235
1534
1236
1535
1237
1532
1238
1533
1239
1530
1240
1531
1241
1528
1242
1529
1243
1526
1244
1527
1245
1524
1246
1525
1247
1522
1248
1523
1249
1520
1250
1521
1251
1518
1252
1519
1253
1516
1254
1517
1255
1514
1256
1515
1257
1512
1436
1259
1436
1260
1510
1261
1509
1262
1511
1263
1507
1264
1508
1265
1505
1266
1506
1267
1503
1268
1504
1269
1501
1270
1502
1271
1499
1272
1500
1273
1497
1274
1498
1275
1495
1276
1496
1277
1493
1278
1494
1279
1491
1280
1492
1281
1489
1282
1490
1283
1487
1284
1488
1285
1485
1286
1486
1287
1483
1288
1484
1289
1481
1290
1482
1291
1479
1292
1480
1293
1477
1294
1478
1295
1475
1296
1476
1297
1473
1298
1474
1299
1471
1300
1472
1301
1465
1302
1430
1303
1304
1430
1305
1306
1307
1308
1308
1309
1321
1310
1441
1311
1469
1312
1468
1313
1470
1463
1467
1435
2894
2944
1454
1455
1326
1452
1412
1443
1416
1456
1415
1439
1321
1442
1441
2873
23509
1329
2908
23501
1433
2919
23506
1453
1413
1464
1329
1425
1546
1331
1466
1434
2870
1333
1550
2914
1334
1549
1444
1633
1336
1415
2872
1337
1414
1338
1416
1457
2917
23508
1445
2921
2929
1447
1629
1343
1513
1344
1552
1345
1551
1346
1554
1347
1553
1348
1556
1349
1555
1350
1558
1351
1557
1352
1560
1353
1559
1354
1562
1355
1561
1356
1564
1357
1563
1358
1566
1359
1565
1360
1568
1361
1567
1362
1621
2947
2948
1364
1449
1365
1570
1366
1569
1367
1572
1368
1571
1369
1574
1370
1573
1371
1576
1372
1575
1373
1578
1374
1577
1375
1580
1376
1579
1377
1582
1378
1581
1379
1584
1380
1583
1381
1586
1382
1585
1383
1588
1384
1587
1385
1590
1386
1589
1387
1592
1388
1591
1389
1594
1390
1593
1391
1596
1392
1595
1393
1598
1394
1597
1395
1600
1396
1599
1397
1602
1398
1601
1399
1605
1438
1603
1407
1432
1402
2922
2925
1404
2925
1450
1606
1406
1446
1407
1433
1432
1409
2932
1451
1623
1452
1454
1607
1412
1413
1455
23509
1622
1415
1416
1440
23508
1442
1456
1457
1458
2917
1420
1615
2932
1422
1610
1459
1637
1424
1612
2871
1425
1632
1631
2909
2919
23506
1463
1613
1618
1448
1464
1619
1430
1453
1624
1465
1439
1443
23510
1433
1446
1466
1614
2870
1460
1461
1510
1512
1438
1513
1604
1440
2874
23510
1442
1469
23507
2873
23509
2881
2893
2930
1446
2920
2919
1630
2926
1620
2891
2948
1541
1570
1548
1616
1462
2898
1453
1638
1639
1640
2889
1622
2889
1457
23508
1550
1642
2914
1636
2922
1461
2892
2894
1615
1609
2900
2953
1645
1781
1472
1624
1625
2955
1470
1646
2953
1469
1470
1641
23507
1647
1472
1474
1648
1649
1474
1476
1650
1651
1476
1478
1652
1653
1478
1480
1654
1655
1480
1482
1656
1657
1482
1484
1658
1659
1484
1486
1660
1661
1486
1488
1662
1663
1488
1490
1664
1665
1490
1492
1666
1667
1492
1494
1668
1669
1494
1496
1670
1671
1496
1498
1672
1673
1498
1500
1674
1675
1500
1502
1676
1677
1502
1504
1678
1679
1504
1506
1680
1681
1506
1508
1682
1683
1508
1511
1684
1685
1510
1511
1782
1627
1783
1515
1627
1552
1604
1515
1517
1686
1687
1517
1519
1688
1689
1519
1521
1690
1691
1521
1523
1692
1693
1523
1525
1694
1695
1525
1527
1696
1697
1527
1529
1698
1699
1529
1531
1700
1701
1531
1533
1702
1703
1533
1535
1704
1705
1535
1537
1706
1707
1537
1539
1708
1709
1539
1542
1710
1711
1541
1542
1786
1634
1787
1544
2910
2921
1628
2928
1629
1712
2918
1631
1713
23501
1548
1626
1643
1617
1550
1633
1715
1716
1552
1554
1788
1635
1554
1556
1719
1789
1556
1558
1720
1721
1558
1560
1722
1723
1560
1562
1724
1725
1562
1564
1726
1727
1564
1566
1728
1729
1566
1568
1730
1731
1568
1621
1732
1733
1570
1572
1784
1634
1572
1574
1734
1785
1574
1576
1735
1736
1576
1578
1737
1738
1578
1580
1739
1740
1580
1582
1741
1742
1582
1584
1743
1744
1584
1586
1745
1746
1586
1588
1747
1748
1588
1590
1749
1750
1590
1592
1751
1752
1592
1594
1753
1754
1594
1596
1755
1756
1596
1598
1757
1758
1598
1600
1759
1760
1600
1602
1761
1762
1602
1605
1763
1764
1604
1605
1790
1635
1791
1616
1766
2924
1638
1640
1769
1609
1611
1770
1800
1611
1637
1771
1772
1614
1632
1773
1644
2867
23506
2871
2955
2892
2931
1617
1767
1643
1797
1644
2950
2953
1620
1645
1775
1802
2949
1780
2947
1781
2889
1798
2898
2932
1639
1649
1626
1779
1776
1687
1782
2867
2910
23505
1630
1792
1793
2927
1632
1794
1795
2881
2895
1784
1786
1788
1790
1637
1778
2923
1777
1639
2876
2875
1799
2888
1642
1647
1717
1776
1943
1804
1935
1801
1927
1647
1718
2952
1717
1649
1651
2878
2875
1651
1653
1805
1806
1653
1655
1807
1808
1655
1657
1809
1810
1657
1659
1811
1812
1659
1661
1813
1814
1661
1663
1815
1816
1663
1665
1817
1818
1665
1667
1819
1820
1667
1669
1821
1822
1669
1671
1823
1824
1671
1673
1825
1826
1673
1675
1827
1828
1675
1677
1829
1830
1677
1679
1831
1832
1679
1681
1833
1834
1681
1683
1835
1836
1683
1685
1837
1838
1685
1783
1839
1840
1687
1689
1841
1842
1689
1691
1844
1845
1691
1693
1846
1847
1693
1695
1848
1849
1695
1697
1850
1851
1697
1699
1852
1853
1699
1701
1854
1855
1701
1703
1856
1857
1703
1705
1858
1859
1705
1707
1860
1861
1707
1709
1862
1863
1709
1711
1864
1865
1711
1787
1866
1867
1714
1792
2902
1714
1794
1868
2903
2918
1796
1869
2895
1717
1796
1942
1718
1870
1942
1721
1789
1871
1721
1723
1872
1873
1723
1725
1874
1875
1725
1727
1876
1877
1727
1729
1878
1879
1729
1731
1880
1881
1731
1733
1882
1883
1733
1780
1884
1885
1736
1785
1886
1736
1738
1887
1888
1738
1740
1889
1890
1740
1742
1891
1892
1742
1744
1893
1894
1744
1746
1895
1896
1746
1748
1897
1898
1748
1750
1899
1900
1750
1752
1901
1902
1752
1754
1903
1904
1754
1756
1905
1906
1756
1758
1907
1908
1758
1760
1909
1910
1760
1762
1911
1912
1762
1764
1913
1914
1764
1791
1915
1916
1768
1778
1944
2923
1767
1768
2939
1797
2940
1803
2924
1799
1917
2876
1772
1800
1918
1772
1777
1920
1921
1795
1922
2955
1793
1804
2927
23505
1801
1802
1923
1779
1939
1778
1950
1951
1924
2956
1925
1953
1927
2888
1783
1842
1843
1785
1929
1930
1787
1929
1931
1789
1932
1933
1791
1932
1934
1793
1936
23504
1795
1946
1947
1948
2022
1943
2021
2880
2899
2931
1928
1954
1919
2900
1956
1958
1926
1957
1944
2025
2939
2867
23504
1806
1808
2887
1955
2878
1808
1810
1960
2079
1810
1812
1961
1962
1812
1814
1963
1964
1814
1816
1965
1966
1816
1818
1967
1968
1818
1820
1969
1970
1820
1822
1971
1972
1822
1824
1973
1974
1824
1826
1975
1976
1826
1828
1977
1978
1828
1830
1979
1980
1830
1832
1981
1982
1832
1834
1983
1984
1834
1836
1985
1986
1836
1838
1987
1988
1838
1840
1989
1990
1840
1843
2031
2032
1842
1845
1945
1843
1945
1845
1847
1991
1992
1847
1849
1993
1994
1849
1851
1995
1996
1851
1853
1997
1998
1853
1855
1999
2000
1855
1857
2001
2002
1857
1859
2003
2004
1859
1861
2005
2006
1861
1863
2007
2008
1863
1865
2009
2010
1865
1867
2011
2012
1867
1931
2013
2015
1937
1946
2903
1940
1948
2896
2016
2023
2030
1873
1933
2017
1873
1875
2033
2034
1875
1877
2035
2036
1877
1879
2037
2038
1879
1881
2039
2040
1881
1883
2041
2042
1883
1885
2043
2044
1885
1953
2045
2046
1888
1930
2080
1888
1890
2047
2081
1890
1892
2048
2049
1892
1894
2050
2051
1894
1896
2052
2053
1896
1898
2054
2055
1898
1900
2056
2057
1900
1902
2058
2059
1902
1904
2060
2061
1904
1906
2062
2063
1906
1908
2064
2065
1908
1910
2066
2067
1910
1912
2068
2069
1912
1914
2070
2071
1914
1916
2072
2073
1916
1934
2082
2083
1954
2077
2877
1919
1921
1938
2879
2899
1921
1949
1950
1940
1947
2945
2956
1956
1957
2074
1939
1941
2954
1926
2075
2947
2076
2949
1928
1958
1959
2888
1930
1931
2014
2014
1933
1934
2018
2018
1936
2901
2950
2902
23504
2019
2901
2950
1940
2879
2896
1941
1943
1949
2020
2938
2022
2023
2020
1951
2024
1992
2031
1947
2019
2946
1949
2026
1952
1951
1952
1952
2024
2075
2085
1959
2180
2077
2877
2887
2078
2086
2076
2087
1959
2078
2181
1962
2079
2088
1962
1964
2089
2090
1964
1966
2091
2092
1966
1968
2093
2094
1968
1970
2095
2096
1970
1972
2097
2098
1972
1974
2099
2100
1974
1976
2101
2102
1976
1978
2103
2104
1978
1980
2105
2106
1980
1982
2107
2108
1982
1984
2109
2110
1984
1986
2111
2112
1986
1988
2113
2114
1988
1990
2115
2116
1990
2032
2117
2119
1992
1994
2191
2084
1994
1996
2120
2192
1996
1998
2121
2122
1998
2000
2123
2124
2000
2002
2125
2126
2002
2004
2127
2128
2004
2006
2129
2130
2006
2008
2131
2132
2008
2010
2133
2134
2010
2012
2135
2136
2012
2015
2137
2138
2014
2015
2185
2080
2187
2027
2029
2868
2018
2034
2188
2082
2946
2951
2021
2869
2029
2940
2023
2026
2027
2025
2026
2028
2939
2027
2028
2029
2940
2869
2868
2936
2952
2032
2084
2118
2034
2036
2139
2189
2036
2038
2140
2141
2038
2040
2142
2143
2040
2042
2144
2145
2042
2044
2146
2147
2044
2046
2148
2149
2046
2085
2150
2151
2049
2081
2152
2049
2051
2153
2154
2051
2053
2155
2156
2053
2055
2157
2158
2055
2057
2159
2160
2057
2059
2161
2162
2059
2061
2163
2164
2061
2063
2165
2166
2063
2065
2167
2168
2065
2067
2169
2170
2067
2069
2171
2172
2069
2071
2173
2174
2071
2073
2175
2176
2073
2083
2177
2178
2086
2087
2179
2076
2935
2933
2180
2886
2181
2183
2184
2887
2081
2185
2186
2083
2188
2190
2118
2191
2193
2935
2183
2194
2196
2933
2090
2184
2882
2090
2092
2197
2883
2092
2094
2198
2199
2094
2096
2200
2201
2096
2098
2202
2203
2098
2100
2204
2205
2100
2102
2206
2207
2102
2104
2208
2209
2104
2106
2210
2211
2106
2108
2212
2213
2108
2110
2214
2215
2110
2112
2216
2217
2112
2114
2218
2219
2114
2116
2220
2221
2116
2119
2222
2223
2118
2119
2224
2225
2226
2122
2192
2227
2122
2124
2229
2230
2124
2126
2231
2232
2126
2128
2233
2234
2128
2130
2235
2236
2130
2132
2237
2238
2132
2134
2239
2240
2134
2136
2241
2242
2136
2138
2243
2244
2138
2187
2245
2247
2141
2189
2248
2141
2143
2250
2251
2143
2145
2252
2253
2145
2147
2254
2255
2147
2149
2256
2257
2149
2151
2258
2259
2151
2193
2260
2261
2154
2186
2289
2154
2156
2262
2290
2156
2158
2263
2264
2158
2160
2265
2266
2160
2162
2267
2268
2162
2164
2269
2270
2164
2166
2271
2272
2166
2168
2273
2274
2168
2170
2275
2276
2170
2172
2277
2278
2172
2174
2279
2280
2174
2176
2281
2282
2176
2178
2283
2284
2178
2190
2291
2292
2194
2196
2285
2181
2886
2182
2183
2184
2886
2195
2195
2186
2187
2246
2246
2189
2190
2249
2249
2192
2225
2228
2293
2934
2195
2286
2882
2287
2294
2199
2883
2884
2199
2201
2295
2296
2201
2203
2297
2298
2203
2205
2299
2300
2205
2207
2301
2302
2207
2209
2303
2304
2209
2211
2305
2306
2211
2213
2307
2308
2213
2215
2309
2310
2215
2217
2311
2312
2217
2219
2313
2314
2219
2221
2315
2316
2221
2223
2317
2318
2223
2226
2319
2321
2225
2226
2288
2228
2320
2228
2230
2322
2288
2230
2232
2325
2326
2232
2234
2327
2328
2234
2236
2329
2330
2236
2238
2331
2332
2238
2240
2333
2334
2240
2242
2335
2336
2242
2244
2337
2338
2244
2247
2339
2341
2246
2247
2323
2289
2340
2249
2251
2324
2291
2251
2253
2342
2343
2253
2255
2344
2345
2255
2257
2346
2347
2257
2259
2348
2349
2259
2261
2350
2351
2261
2293
2352
2353
2264
2290
2354
2264
2266
2356
2357
2266
2268
2358
2359
2268
2270
2360
2361
2270
2272
2362
2363
2272
2274
2364
2365
2274
2276
2366
2367
2276
2278
2368
2369
2278
2280
2370
2371
2280
2282
2372
2373
2282
2284
2374
2375
2284
2292
2376
2378
2286
2294
2379
2882
2885
2381
2933
2934
2320
2322
2290
2323
2355
2292
2324
2377
2380
2382
2381
2453
2296
2298
2386
2452
2884
2298
2300
2387
2388
2300
2302
2389
2390
2302
2304
2391
2392
2304
2306
2393
2394
2306
2308
2395
2396
2308
2310
2397
2398
2310
2312
2399
2400
2312
2314
2401
2402
2314
2316
2403
2404
2316
2318
2405
2406
2318
2321
2407
2408
2320
2321
2454
2383
2455
2326
2383
2340
2355
2343
2377
2326
2328
2409
2410
2328
2330
2411
2412
2330
2332
2413
2414
2332
2334
2415
2416
2334
2336
2417
2418
2336
2338
2419
2420
2338
2341
2421
2422
2340
2341
2458
2384
2459
2343
2345
2460
2385
2345
2347
2423
2461
2347
2349
2424
2425
2349
2351
2426
2427
2351
2353
2428
2429
2353
2382
2430
2431
2355
2357
2456
2384
2357
2359
2432
2457
2359
2361
2433
2434
2361
2363
2435
2436
2363
2365
2437
2438
2365
2367
2439
2440
2367
2369
2441
2442
2369
2371
2443
2444
2371
2373
2445
2446
2373
2375
2447
2448
2375
2378
2449
2450
2377
2378
2462
2385
2463
2451
2453
2885
2381
2470
2934
2466
2464
2470
2410
2454
2456
2458
2460
2462
2388
2452
2468
2388
2390
2540
2469
2390
2392
2472
2541
2392
2394
2473
2474
2394
2396
2475
2476
2396
2398
2477
2478
2398
2400
2479
2480
2400
2402
2481
2482
2402
2404
2483
2484
2404
2406
2485
2486
2406
2408
2487
2488
2408
2455
2489
2491
2410
2412
2544
2471
2412
2414
2492
2545
2414
2416
2493
2494
2416
2418
2495
2496
2418
2420
2497
2498
2420
2422
2499
2500
2422
2459
2501
2502
2425
2461
2503
2425
2427
2504
2505
2427
2429
2506
2507
2429
2431
2508
2509
2431
2464
2510
2511
2434
2457
2512
2434
2436
2513
2514
2436
2438
2515
2516
2438
2440
2517
2518
2440
2442
2519
2520
2442
2444
2521
2522
2444
2446
2523
2524
2446
2448
2525
2526
2448
2450
2527
2528
2450
2463
2529
2530
2452
2465
2884
2467
2465
2466
2455
2471
2490
2457
2531
2532
2459
2531
2533
2461
2534
2535
2463
2534
2536
2470
2543
2467
2537
2537
2542
2468
2538
2469
2539
2540
2581
2542
2490
2544
2474
2541
2546
2474
2476
2547
2548
2476
2478
2549
2550
2478
2480
2551
2552
2480
2482
2553
2554
2482
2484
2555
2556
2484
2486
2557
2558
2486
2488
2559
2560
2488
2491
2561
2562
2490
2491
2563
2564
2565
2494
2545
2566
2494
2496
2568
2569
2496
2498
2570
2571
2498
2500
2572
2573
2500
2502
2574
2575
2502
2533
2576
2578
2505
2535
2579
2505
2507
2582
2583
2507
2509
2584
2585
2509
2511
2586
2587
2511
2543
2588
2589
2514
2532
2611
2514
2516
2590
2612
2516
2518
2591
2592
2518
2520
2593
2594
2520
2522
2595
2596
2522
2524
2597
2598
2524
2526
2599
2600
2526
2528
2601
2602
2528
2530
2603
2604
2530
2536
2613
2614
2532
2533
2577
2577
2535
2536
2580
2580
2538
2605
2539
2606
2581
2911
2541
2609
2608
2543
2605
2607
2545
2564
2567
2548
2608
2615
2548
2550
2616
2617
2550
2552
2618
2619
2552
2554
2620
2621
2554
2556
2622
2623
2556
2558
2624
2625
2558
2560
2626
2627
2560
2562
2628
2629
2562
2565
2630
2632
2564
2565
2610
2567
2631
2567
2569
2648
2610
2569
2571
2633
2649
2571
2573
2634
2635
2573
2575
2636
2637
2575
2578
2638
2639
2577
2578
2667
2611
2668
2580
2583
2669
2613
2609
2913
2583
2585
2640
2670
2585
2587
2641
2642
2587
2589
2643
2644
2589
2607
2645
2647
2592
2612
2650
2592
2594
2651
2652
2594
2596
2653
2654
2596
2598
2655
2656
2598
2600
2657
2658
2600
2602
2659
2660
2602
2604
2661
2662
2604
2614
2663
2664
2606
2607
2646
2911
2646
2609
2665
2666
2631
2648
2667
23503
2673
23503
2614
2669
2671
2617
2665
2674
2617
2619
2675
2676
2619
2621
2677
2678
2621
2623
2679
2680
2623
2625
2681
2682
2625
2627
2683
2684
2627
2629
2685
2686
2629
2632
2687
2688
2631
2632
2706
2672
2707
2635
2649
2689
2635
2637
2691
2692
2637
2639
2693
2694
2639
2668
2695
2696
2642
2670
2697
2642
2644
2698
2699
2644
2647
2700
2701
2646
2647
2702
2912
2705
2649
2672
2690
2652
2673
2708
2652
2654
2709
2710
2654
2656
2711
2712
2656
2658
2713
2714
2658
2660
2715
2716
2660
2662
2717
2718
2662
2664
2719
2720
2664
2671
2721
2722
2666
2704
2703
2913
2668
2725
2723
2670
2671
2726
2726
2690
2706
2724
2725
2676
2704
2728
2676
2678
2771
2732
2678
2680
2733
2772
2680
2682
2734
2735
2682
2684
2736
2737
2684
2686
2738
2739
2686
2688
2740
2741
2688
2707
2742
2744
2690
2692
2745
2729
2692
2694
2746
2747
2694
2696
2748
2750
2696
2723
2730
2749
2699
2726
2752
2699
2701
2753
2754
2701
2705
2774
2775
2703
2705
2727
2704
2912
2727
2731
2707
2729
2743
2710
2724
2751
2710
2712
2755
2756
2712
2714
2757
2758
2714
2716
2759
2760
2716
2718
2761
2762
2718
2720
2763
2764
2720
2722
2765
2766
2722
2767
2768
2769
2724
2725
2730
23503
2768
2728
2731
2732
2773
2743
2745
2749
2751
2773
2774
2771
2792
2735
2772
2778
2735
2737
2779
2780
2737
2739
2781
2782
2739
2741
2783
2784
2741
2744
2785
2786
2743
2744
2808
2776
2809
2747
2776
2747
2750
2787
2788
2749
2750
2810
2777
2811
2756
2777
2754
2768
2770
2754
2775
2789
2790
2756
2758
2793
2794
2758
2760
2795
2796
2760
2762
2797
2798
2762
2764
2799
2800
2764
2766
2801
2802
2766
2769
2813
2814
2768
2769
2770
2791
2790
2791
2772
2804
2805
2792
2803
2775
2803
2807
2788
2808
2794
2810
2780
2805
2815
2780
2782
2816
2817
2782
2784
2818
2819
2784
2786
2820
2821
2786
2809
2822
2823
2788
2811
2824
2825
2790
2807
2843
2812
2812
2813
2804
2806
2794
2796
2827
2828
2796
2798
2830
2831
2798
2800
2832
2833
2800
2802
2834
2835
2802
2814
2836
2837
2806
2807
2805
2838
2839
2838
2842
2842
2809
2825
2826
2811
2828
2829
2843
2844
2814
2844
2845
2817
2839
2848
2817
2819
2849
2850
2819
2821
2851
2852
2821
2823
2853
2857
2823
2826
2847
2854
2825
2829
2841
2826
2841
2828
2831
2840
2829
2840
2831
2833
2855
2846
2833
2835
2858
2856
2835
2837
2860
2859
2837
2845
2862
2861
2839
2865
2864
2841
2846
2847
2843
2865
2866
2845
2866
2863
2847
2855
2854
2850
2863
2864
2850
2852
2861
2862
2852
2857
2859
2860
2854
2856
2857
2855
2856
2858
2858
2859
2860
2861
2862
2863
23502
2865
23502
2866
23502
2909
2869
2937
2938
2871
2874
2874
23510
2876
2878
2877
2878
2880
2897
2881
2930
2897
2883
2885
2885
2887
2889
2891
2948
2893
2930
2894
2896
2897
2897
2899
2900
2900
2902
2903
2903
2965
2969
2984
3059
2908
3070
2910
2920
2921
2912
2913
2913
2915
2917
2916
2917
23501
2920
2921
2923
2925
2924
2925
2927
2929
2928
2929
23505
2931
2932
2935
2935
2937
2946
2951
2938
2945
2954
2940
2942
2944
2946
2954
2949
2949
2951
2952
2953
2956
2956
2963
2959
2960
2961
2962
2964
2967
2965
2966
2969
2968
2972
2970
2971
2974
2973
2977
2975
2976
2978
2981
23511
2979
2980
2983
2982
2986
2984
2985
2987
2990
2988
2989
2991
2993
2994
2997
2995
2996
2999
2998
3002
3000
3001
3003
3006
3004
3005
3008
3007
3011
3009
3010
3012
3015
3013
3014
3017
3016
3020
3018
3019
3021
3024
3022
3023
3026
3025
3029
3027
3028
3030
3033
3031
3032
3035
3036
3037
3040
3039
3043
3041
3042
3044
3047
3045
3046
3049
3048
3052
3050
3051
3053
3056
3054
3055
3058
3057
3061
3059
3060
3062
3065
3063
3064
3067
3066
3070
3068
3069
3071
3074
3072
3073
3076
3078
3078
3080
3081
4052
4232
4050
4728
4730
3083
4234
4603
3083
4546
4556
4603
3084
4651
3114
4234
4649
3087
3102
4206
4383
3087
4516
4517
4590
4204
23523
3089
3091
3092
4617
3090
4620
4638
3091
3125
4140
3092
3126
3127
3954
3094
3096
3097
4607
3095
4606
4644
3096
3128
4642
3097
3129
3130
4079
3100
3110
4049
4233
3100
4396
4547
4604
4047
4231
3102
3104
3105
4206
3103
4208
3104
3106
4024
3105
3107
3108
4022
3107
3286
4755
3108
3287
3284
4748
3110
3112
3113
4049
3111
4051
3112
3230
4735
3113
3231
3228
4737
3115
3117
3118
3116
4624
4649
3117
3119
4236
3118
3120
3121
4234
3120
3122
4054
3121
3123
3124
4052
3123
3218
4723
3124
3219
3216
4726
3126
3318
4689
3127
3319
3316
4682
3129
3162
4666
3130
3163
3160
4669
3132
3134
3135
4644
3133
4645
4647
3134
3136
4643
3135
3137
3138
4642
3137
3158
4664
3138
3159
3156
4666
3140
3143
4616
4680
3141
3680
3881
3751
4670
3143
3149
3321
4680
3148
3680
3145
3147
3675
3679
3146
3148
3678
3147
3151
22677
3676
22680
3149
3151
3150
3671
3151
3670
22681
22684
3153
3155
3340
4663
3158
3339
4664
3155
3323
3336
4662
3335
4663
3157
3159
3348
3162
3347
4666
3159
3344
3343
3161
3163
3356
3166
3355
4669
3163
3352
3351
3165
3167
3364
4672
3170
3363
4673
3167
3360
4671
3359
4672
3169
3171
3372
4675
3174
3371
4676
3171
3368
4674
3367
4675
3173
3175
3380
4678
3178
3379
4679
3175
3376
4677
3375
4678
3177
3179
3388
4684
3182
3387
4685
3179
3384
4683
3383
4684
3181
3183
3396
4687
3186
3395
4688
3183
3392
4686
3391
4687
3185
3187
3404
4691
3190
3403
4692
3187
3400
4690
3399
4691
3189
3191
3412
4695
3194
3411
4696
3191
3408
4694
3407
4695
3193
3195
3420
4700
3198
3419
4701
3195
3416
4699
3415
4700
3197
3199
3428
4704
3202
3427
4705
3199
3424
4703
3423
4704
3201
3203
3436
4709
3206
3435
4710
3203
3432
4708
3431
4709
3205
3207
3444
4713
3210
3443
4714
3207
3440
4712
3439
4713
3209
3211
3452
4718
3214
3451
4719
3211
3448
4717
3447
4718
3213
3215
3460
4722
3218
3459
4723
3215
3456
4721
3455
4722
3217
3219
3468
3222
3467
4726
3219
3464
3463
3221
3223
3476
4729
3226
3475
4730
3223
3472
4728
3471
4729
3225
3227
3484
4734
3230
3483
4735
3227
3480
4733
3479
4734
3229
3231
3492
3234
3491
4737
3231
3488
3487
3233
3235
3500
4741
3238
3499
4742
3235
3496
4740
3495
4741
3237
3239
3508
4745
3242
3507
4746
3239
3504
4744
3503
4745
3241
3243
3516
4750
3246
3515
4751
3243
3512
4749
3511
4750
3245
3247
3524
4753
3250
3523
4754
3247
3520
4752
3519
4753
3249
3251
3532
4757
3254
3531
4758
3251
3528
4756
3527
4757
3253
3255
3540
4761
3258
3539
4762
3255
3536
4760
3535
4761
3257
3259
3548
4766
3262
3547
4767
3259
3544
4765
3543
4766
3261
3263
3556
4770
3266
3555
4771
3263
3552
4769
3551
4770
3265
3267
3564
4775
3270
3563
4776
3267
3560
4774
3559
4775
3269
3271
3572
4779
3274
3571
4780
3271
3568
4778
3567
4779
3273
3275
3580
4777
3278
3579
4773
3275
3576
4781
3575
4777
3277
3279
3588
4768
3282
3587
4764
3279
3584
4772
3583
4768
3281
3283
3596
4759
3286
3595
4755
3283
3592
4763
3591
4759
3285
3287
3604
3290
3603
4748
3287
3600
3599
3289
3291
3612
4743
3294
3611
4739
3291
3608
4747
3607
4743
3293
3295
3620
4736
3298
3619
4732
3295
3616
4738
3615
4736
3297
3299
3628
4727
3302
3627
4725
3299
3624
4731
3623
4727
3301
3303
3636
4720
3306
3635
4716
3303
3632
4724
3631
4720
3305
3307
3644
4711
3310
3643
4707
3307
3640
4715
3639
4711
3309
3311
3652
4702
3314
3651
4698
3311
3648
4706
3647
4702
3313
3315
3660
4693
3318
3659
4689
3315
3656
4697
3655
4693
3317
3319
3668
3320
3667
4682
3319
3664
3663
3321
3672
4681
3671
4680
3323
3325
3332
4660
3331
4661
3325
3328
4659
3327
4660
3327
3329
3333
23031
3328
3332
3329
23032
3331
3333
3337
23028
3332
3336
3333
23025
3335
3337
3341
23024
3336
3340
3337
23021
3339
3341
3345
23020
3340
3344
3341
23017
3343
3345
3349
23016
3344
3348
3345
23013
3347
3349
3353
23012
3348
3352
3349
23009
3351
3353
3357
23008
3352
3356
3353
23005
3355
3357
3361
23004
3356
3360
3357
23001
3359
3361
3365
23000
3360
3364
3361
22997
3363
3365
3369
22996
3364
3368
3365
22993
3367
3369
3373
22992
3368
3372
3369
22989
3371
3373
3377
22988
3372
3376
3373
22985
3375
3377
3381
22984
3376
3380
3377
22981
3379
3381
3385
22980
3380
3384
3381
22977
3383
3385
3389
22976
3384
3388
3385
22973
3387
3389
3393
22972
3388
3392
3389
22969
3391
3393
3397
22968
3392
3396
3393
22965
3395
3397
3401
22964
3396
3400
3397
22961
3399
3401
3405
22960
3400
3404
3401
22957
3403
3405
3409
22956
3404
3408
3405
22953
3407
3409
3413
22952
3408
3412
3409
22949
3411
3413
3417
22948
3412
3416
3413
22945
3415
3417
3421
22944
3416
3420
3417
22941
3419
3421
3425
22940
3420
3424
3421
22937
3423
3425
3429
22936
3424
3428
3425
22933
3427
3429
3433
22932
3428
3432
3429
22929
3431
3433
3437
22928
3432
3436
3433
22925
3435
3437
3441
22924
3436
3440
3437
22921
3439
3441
3445
22920
3440
3444
3441
22917
3443
3445
3449
22916
3444
3448
3445
22913
3447
3449
3453
22912
3448
3452
3449
22909
3451
3453
3457
22908
3452
3456
3453
22905
3455
3457
3461
22904
3456
3460
3457
22901
3459
3461
3465
22900
3460
3464
3461
22897
3463
3465
3469
22896
3464
3468
3465
22893
3467
3469
3473
22892
3468
3472
3469
22889
3471
3473
3477
22888
3472
3476
3473
22885
3475
3477
3481
22884
3476
3480
3477
22881
3479
3481
3485
22880
3480
3484
3481
22877
3483
3485
3489
22876
3484
3488
3485
22873
3487
3489
3493
22872
3488
3492
3489
22869
3491
3493
3497
22868
3492
3496
3493
22865
3495
3497
3501
22864
3496
3500
3497
22861
3499
3501
3505
22860
3500
3504
3501
22857
3503
3505
3509
22856
3504
3508
3505
22853
3507
3509
3513
22852
3508
3512
3509
22849
3511
3513
3517
22848
3512
3516
3513
22845
3515
3517
3521
22844
3516
3520
3517
22841
3519
3521
3525
22840
3520
3524
3521
22837
3523
3525
3529
22836
3524
3528
3525
22833
3527
3529
3533
22832
3528
3532
3529
22829
3531
3533
3537
22828
3532
3536
3533
22825
3535
3537
3541
22824
3536
3540
3537
22821
3539
3541
3545
22820
3540
3544
3541
22817
3543
3545
3549
22816
3544
3548
3545
22813
3547
3549
3553
22812
3548
3552
3549
22809
3551
3553
3557
22808
3552
3556
3553
22805
3555
3557
3561
22804
3556
3560
3557
22801
3559
3561
3565
22800
3560
3564
3561
22797
3563
3565
3569
22796
3564
3568
3565
22793
3567
3569
3573
22792
3568
3572
3569
22789
3571
3573
3577
22788
3572
3576
3573
22785
3575
3577
3581
22784
3576
3580
3577
22781
3579
3581
3585
22780
3580
3584
3581
22777
3583
3585
3589
22776
3584
3588
3585
22773
3587
3589
3593
22772
3588
3592
3589
22769
3591
3593
3597
22768
3592
3596
3593
22765
3595
3597
3601
22764
3596
3600
3597
22761
3599
3601
3605
22760
3600
3604
3601
22757
3603
3605
3609
22756
3604
3608
3605
22753
3607
3609
3613
22752
3608
3612
3609
22749
3611
3613
3617
22748
3612
3616
3613
22745
3615
3617
3621
22744
3616
3620
3617
22741
3619
3621
3625
22740
3620
3624
3621
22737
3623
3625
3629
22736
3624
3628
3625
22733
3627
3629
3633
22732
3628
3632
3629
22729
3631
3633
3637
22728
3632
3636
3633
22725
3635
3637
3641
22724
3636
3640
3637
22721
3639
3641
3645
22720
3640
3644
3641
22717
3643
3645
3649
22716
3644
3648
3645
22713
3647
3649
3653
22712
3648
3652
3649
22709
3651
3653
3657
22708
3652
3656
3653
22705
3655
3657
3661
22704
3656
3660
3657
22701
3659
3661
3665
22700
3660
3664
3661
22697
3663
3665
3669
22696
3664
3668
3665
22693
3667
3669
3673
22692
3668
3672
3669
22689
3671
3673
22688
3672
3673
22685
3675
3677
4665
3676
23512
3677
22673
22676
3679
3680
4668
4667
23512
4670
3682
3814
3683
3816
3684
3818
3685
3817
3686
3820
3687
3819
3688
3822
3689
3821
3690
3823
3691
3815
3692
3693
3815
3694
3824
3695
3826
3696
3825
3697
3828
3698
3827
3699
3830
3700
3829
3701
3832
3702
3831
3703
3834
3704
3833
3705
3836
3706
3835
3707
3838
3708
3837
3709
3840
3710
3839
3711
3842
3712
3841
3713
3844
3714
3843
3715
3846
3716
3845
3717
3848
3718
3847
3719
3850
3720
3849
3721
3852
3722
3851
3723
3854
3724
3853
3725
3856
3726
3855
3727
3858
3728
3857
3729
3860
3730
3859
3731
3862
3732
3861
3733
3864
3734
3863
3735
3866
3736
3865
3737
3868
3738
3867
3739
3870
3740
3869
3741
3872
3742
3871
3743
3874
3744
3873
3745
3876
3746
3875
3747
3878
3748
3877
3749
3880
3750
3879
3751
3882
3881
3753
3884
4659
3754
3883
3755
3887
3756
3886
3757
3889
3758
3888
3759
3891
3760
3890
3761
3893
3762
3892
3763
3895
3764
3894
3765
3897
3766
3896
3767
3899
3768
3898
3769
3901
3770
3900
3771
3903
3772
3902
3773
3905
3774
3904
3775
3907
3776
3906
3777
3909
3778
3908
3779
3911
3780
3910
3781
3913
3782
3912
3783
3915
3784
3914
3785
3917
3786
3916
3787
3919
3788
3918
3789
3921
3790
3920
3791
3923
3792
3922
3793
3925
3794
3924
3795
3927
3796
3926
3797
3929
3798
3928
3799
3931
3800
3930
3801
3933
3802
3932
3803
3935
3804
3934
3805
3937
3806
3936
3807
3939
3808
3938
3809
3941
3810
3940
3811
3943
3812
3942
3813
3944
3814
3885
3816
3823
3824
3818
3885
3818
3820
4137
3947
3820
3822
3949
4138
3822
3823
3952
3953
3946
3826
3946
3826
3828
3950
3951
3828
3830
3955
3956
3830
3832
3957
3958
3832
3834
3959
3960
3834
3836
3961
3962
3836
3838
3963
3964
3838
3840
3965
3966
3840
3842
3967
3968
3842
3844
3969
3970
3844
3846
3971
3972
3846
3848
3973
3974
3848
3850
3975
3976
3850
3852
3977
3978
3852
3854
3979
3980
3854
3856
3981
3982
3856
3858
3983
3984
3858
3860
3985
3986
3860
3862
3987
3988
3862
3864
3989
3990
3864
3866
3991
3992
3866
3868
3993
3994
3868
3870
3995
3996
3870
3872
3997
3998
3872
3874
3999
4000
3874
3876
4001
4002
3876
3878
4003
4004
3878
3880
4005
4006
3880
3882
4007
4008
3882
4618
4141
3884
3887
3948
3945
4661
3944
3947
3887
3889
4080
4081
3889
3891
4082
4083
3891
3893
4622
4084
3893
3895
4085
4621
3895
3897
4086
4087
3897
3899
4088
4089
3899
3901
4090
4091
3901
3903
4092
4093
3903
3905
4094
4095
3905
3907
4096
4097
3907
3909
4098
4099
3909
3911
4100
4101
3911
3913
4102
4103
3913
3915
4104
4105
3915
3917
4106
4107
3917
3919
4108
4109
3919
3921
4110
4111
3921
3923
4112
4113
3923
3925
4114
4115
3925
3927
4116
4117
3927
3929
4118
4119
3929
3931
4120
4121
3931
3933
4122
4123
3933
3935
4124
4125
3935
3937
4126
4127
3937
3939
4128
4129
3939
3941
4130
4131
3941
3943
4132
4133
3943
3944
4134
4135
4136
3948
4643
4662
3951
3952
4136
4137
4081
4645
3953
4138
4143
3951
3956
4262
4139
3953
4139
4145
4616
4617
4682
3956
3958
4146
4263
3958
3960
4147
4148
3960
3962
4149
4150
3962
3964
4151
4152
3964
3966
4153
4154
3966
3968
4155
4156
3968
3970
4157
4158
3970
3972
4159
4160
3972
3974
4161
4162
3974
3976
4163
4164
3976
3978
4165
4166
3978
3980
4167
4168
3980
3982
4169
4170
3982
3984
4171
4172
3984
3986
4173
4174
3986
3988
4175
4176
3988
3990
4177
4178
3990
3992
4179
4180
3992
3994
4181
4182
3994
3996
4183
4184
3996
3998
4185
4186
3998
4000
4187
4188
4000
4002
4189
4190
4002
4004
4191
4192
4004
4006
4193
4194
4006
4008
4195
4196
4008
4141
4197
4605
4011
4140
4639
4697
4011
4013
4198
4706
4698
23538
4013
4015
4199
4715
4707
23537
4015
4017
4200
4724
4716
23536
4017
4019
4201
4731
4202
4725
4019
4021
4203
4738
4732
23535
4021
4022
4204
4747
4205
4739
4206
4748
4024
4026
4207
4763
4208
4755
4026
4028
4209
4772
4210
4764
4028
4030
4211
4781
4212
4773
4030
4032
4213
4778
4214
4780
4032
4034
4215
4774
4216
4776
4034
4036
4217
4769
4218
4771
4036
4038
4219
4765
4220
4767
4038
4040
4221
4760
4222
4762
4040
4042
4223
4756
4224
4758
4042
4044
4225
4752
4226
4754
4044
4046
4227
4749
4228
4751
4046
4048
4229
4744
4230
4746
4048
4049
4740
4231
4742
4737
4051
4232
4733
4233
4735
4234
4726
4054
4056
4235
4721
4236
4723
4056
4058
4237
4717
4238
4719
4058
4060
4239
4712
4240
4714
4060
4062
4241
4708
4242
4710
4062
4064
4243
4703
4244
4705
4064
4066
4245
4699
4246
4701
4066
4068
4247
4694
4248
4696
4068
4070
4249
4690
4250
4692
4070
4072
4251
4686
4252
4688
4072
4074
4253
4683
4254
4685
4074
4076
4255
4677
4256
4679
4076
4078
4257
4674
4258
4676
4078
4079
4259
4671
4260
4673
4607
4669
4081
4083
4261
4658
4083
4084
4265
4629
4266
4623
4087
4267
4621
4087
4089
4268
4269
4089
4091
4270
4271
4091
4093
4272
4273
4093
4095
4274
4275
4095
4097
4276
4277
4097
4099
4278
4279
4099
4101
4280
4281
4101
4103
4282
4283
4103
4105
4284
4285
4105
4107
4286
4287
4107
4109
4288
4289
4109
4111
4290
4291
4111
4113
4292
4293
4113
4115
4294
4295
4115
4117
4296
4297
4117
4119
4298
4299
4119
4121
4300
4301
4121
4123
4302
4303
4123
4125
4304
4305
4125
4127
4306
4307
4127
4129
4308
4309
4129
4131
4310
4311
4131
4133
4312
4313
4133
4135
4314
4315
4135
4136
4264
4316
4142
4138
4142
4144
4145
4262
4638
4689
4324
4619
4144
4264
4144
4145
4320
4319
4318
4148
4263
4458
4148
4150
4331
4459
4150
4152
4332
4333
4152
4154
4334
4335
4154
4156
4336
4337
4156
4158
4338
4339
4158
4160
4340
4341
4160
4162
4342
4343
4162
4164
4344
4345
4164
4166
4346
4347
4166
4168
4348
4349
4168
4170
4350
4351
4170
4172
4352
4353
4172
4174
4354
4355
4174
4176
4356
4357
4176
4178
4358
4359
4178
4180
4360
4361
4180
4182
4362
4363
4182
4184
4364
4365
4184
4186
4366
4367
4186
4188
4368
4369
4188
4190
4370
4371
4190
4192
4372
4373
4192
4194
4374
4375
4194
4196
4376
4377
4196
4378
4605
4379
4380
4455
4605
4640
23537
23538
4323
23536
23537
4202
4609
23536
4202
4381
23535
4610
4205
4587
23535
4205
4206
23523
4208
4210
4382
4383
4210
4212
4384
23534
4212
4214
4613
4585
4214
4216
4385
4614
4216
4218
4386
4387
4218
4220
4388
23533
4220
4222
4389
4391
4222
4224
23522
4390
4224
4226
4392
4468
4226
4228
4393
23532
4228
4230
4394
23531
4230
4231
4395
23530
4396
4233
4603
4604
4236
4238
4397
4624
4238
4240
4398
23529
4240
4242
4601
4602
4242
4244
4399
4601
4244
4246
4400
23528
4246
4248
4401
23527
4248
4250
4402
23526
4250
4252
4403
23525
4252
4254
4404
23524
4254
4256
4405
4469
4256
4258
4586
23521
4258
4260
4611
4406
4260
4588
4607
4612
4407
4630
4658
4263
4318
4326
4316
4319
4266
4466
4629
4321
4329
4269
4322
4408
4269
4271
4409
4410
4271
4273
4411
4412
4273
4275
4413
4414
4275
4277
4415
4416
4277
4279
4417
4418
4279
4281
4419
4420
4281
4283
4421
4422
4283
4285
4423
4424
4285
4287
4425
4426
4287
4289
4427
4428
4289
4291
4429
4430
4291
4293
4431
4432
4293
4295
4433
4434
4295
4297
4435
4436
4297
4299
4437
4438
4299
4301
4439
4440
4301
4303
4441
4442
4303
4305
4443
4444
4305
4307
4445
4446
4307
4309
4447
4448
4309
4311
4449
4450
4311
4313
4451
4452
4313
4315
4453
4454
4315
4316
4460
4461
4327
4324
4325
4619
4641
4320
4326
4320
4327
4328
4329
4623
4627
4330
4470
4621
4325
4609
4640
4455
4456
4456
4608
4328
4458
4328
4460
4462
4466
4594
4467
4542
4622
4333
4459
4464
4333
4335
4471
4465
4335
4337
4473
4472
4337
4339
4475
4474
4339
4341
4477
4476
4341
4343
4479
4478
4343
4345
4481
4480
4345
4347
4483
4482
4347
4349
4485
4484
4349
4351
4487
4486
4351
4353
4489
4488
4353
4355
4491
4490
4355
4357
4493
4492
4357
4359
4495
4494
4359
4361
4497
4496
4361
4363
4499
4498
4363
4365
4501
4500
4365
4367
4503
4502
4367
4369
4505
4504
4369
4371
4507
4506
4371
4373
4509
4508
4373
4375
4511
4510
4375
4377
4513
4512
4377
4379
4514
23519
4379
4515
4637
4538
4517
4634
4637
4457
4587
4610
4383
4589
23534
4590
4519
4585
23534
4387
4535
4614
4387
4520
23533
4534
4391
23517
23533
4390
4391
4521
4523
23522
4522
4468
4525
23532
4524
23531
23532
4527
23530
23531
4396
4526
23530
4543
4528
4624
23529
4544
4602
23529
4529
4601
23528
4531
23527
23528
4530
23526
23527
4533
23525
23526
4532
23524
23525
4469
4536
23524
4469
4632
23521
4407
4586
4611
4632
4655
4410
4470
4514
4410
4412
4512
4513
4412
4414
4510
4511
4414
4416
4508
4509
4416
4418
4506
4507
4418
4420
4504
4505
4420
4422
4502
4503
4422
4424
4500
4501
4424
4426
4498
4499
4426
4428
4496
4497
4428
4430
4494
4495
4430
4432
4492
4493
4432
4434
4490
4491
4434
4436
4488
4489
4436
4438
4486
4487
4438
4440
4484
4485
4440
4442
4482
4483
4442
4444
4480
4481
4444
4446
4478
4479
4446
4448
4476
4477
4448
4450
4474
4475
4450
4452
4472
4473
4452
4454
23520
4471
4454
4461
4464
4465
4517
23518
4457
23518
4516
4608
4459
4462
4463
4461
4462
4463
4463
4464
4465
23520
4541
4593
4566
4623
4628
4523
23522
4631
4542
4548
4472
23520
4473
4474
4475
4476
4477
4478
4479
4480
4481
4482
4483
4484
4485
4486
4487
4488
4489
4490
4491
4492
4493
4494
4495
4496
4497
4498
4499
4500
4501
4502
4503
4504
4505
4506
4507
4508
4509
4510
4511
4512
4513
23519
4538
23519
4538
4568
4633
4587
23518
4539
4519
4537
4585
4615
4549
4589
4534
4595
23517
4522
4523
4551
4552
23517
4525
4525
4527
4553
4555
4527
4543
4569
4554
4544
4650
4653
4531
4545
4557
4531
4533
4558
4559
4533
4536
4562
4563
4535
23516
4537
4615
4540
4631
23515
23516
4548
4550
4590
4634
4541
4562
4630
4565
4629
4566
4567
4547
4570
4545
4571
4572
4602
4547
4560
4604
4561
4567
4568
4550
4597
23515
4589
23514
4552
4555
4584
4574
4595
4554
4555
4575
4569
4576
4583
4560
4577
4651
4559
4572
4591
4559
4563
4564
4592
4561
4582
4570
4599
4563
4565
4564
4565
4592
4593
4573
4579
4579
4580
4580
4600
4570
4576
4598
4572
4625
4653
4626
4628
4652
23513
4584
4596
4635
4576
4583
4600
4598
4578
4582
4654
4581
4652
23513
4581
23513
4581
4599
4582
4599
4584
4633
4636
4613
4632
23521
23523
4606
4612
4648
4590
4592
4594
4626
4593
4594
4627
4596
23516
4597
23515
4635
23514
4599
4600
4633
4602
4604
4637
4607
4646
4609
4610
4610
4612
4655
4656
4614
4615
4615
4618
4681
4618
4620
4619
4620
4641
4622
4623
4650
4626
4628
4652
4627
4628
4630
4631
4632
4636
4635
23514
4636
4637
4639
4641
4640
23538
4641
4644
4666
4645
4664
4646
4657
4647
4648
4648
4657
4656
4650
4651
4654
4654
4653
4654
4656
4658
4657
4658
4660
4661
4662
4663
4664
4667
23512
4668
4670
4671
4672
4673
4674
4675
4676
4677
4678
4679
4683
4681
4682
4684
4685
4686
4687
4688
4690
4693
4691
4692
4694
4697
4695
4696
4699
4698
4702
4700
4701
4703
4706
4704
4705
4708
4707
4711
4709
4710
4712
4715
4713
4714
4717
4716
4720
4718
4719
4721
4724
4722
4723
4725
4727
4728
4731
4729
4730
4733
4732
4736
4734
4735
4738
4740
4739
4743
4741
4742
4744
4747
4745
4746
4749
4748
4750
4751
4752
4753
4754
4756
4759
4757
4758
4760
4763
4761
4762
4765
4764
4768
4766
4767
4769
4772
4770
4771
4774
4773
4777
4775
4776
4778
4781
4779
4780
4781
4783
5218
5264
5267
4784
5219
5235
5236
5258
5260
4786
4788
4804
5259
4787
4795
5260
4788
4790
4792
4789
4846
4790
4845
22041
4793
22044
4792
4794
4796
4851
4793
4795
4794
22037
4852
22040
4796
5264
4797
5265
4798
4851
5265
4801
4850
5267
4800
4802
4859
5266
4813
4858
5263
4802
4855
5268
4854
5266
4804
4806
4847
5258
4846
5259
4806
4808
4843
5256
4842
5257
4808
4810
4839
5255
4838
5256
4810
4812
4835
5253
4834
5254
4812
4816
4831
5252
4830
5253
4814
4863
5262
4817
4862
5261
4816
4820
4827
5249
4826
5251
4818
4867
5261
4866
5250
4820
4823
5248
4822
5249
4822
4824
4828
22072
4823
4827
4824
22069
4826
4828
4832
22068
4827
4831
4828
22065
4830
4832
4836
22064
4831
4835
4832
22061
4834
4836
4840
22060
4835
4839
4836
22057
4838
4840
4844
22056
4839
4843
4840
22053
4842
4844
4848
22052
4843
4847
4844
22049
4846
4848
22048
4847
4848
22045
4850
4852
4856
22036
4851
4855
4852
22033
4854
4856
4860
22032
4855
4859
4856
22029
4858
4860
4864
22028
4859
4863
4860
22025
4862
4864
4868
22024
4863
4867
4864
22021
4866
4868
22293
4867
4868
22294
4871
5024
5248
4872
5025
5250
4873
5030
4874
5032
4875
5029
4950
5031
4876
5034
4877
5033
4878
5036
4879
5035
4880
5038
4881
5037
4882
5040
4883
5039
4884
5042
4885
5041
4886
5044
4887
5043
4888
5046
4889
5045
4890
5048
4891
5047
4892
5050
4893
5049
4894
5052
4895
5051
4896
5054
4897
5053
4898
5056
4899
5055
4900
5058
4901
5057
4902
5060
4903
5059
4904
5062
4905
5061
4906
5064
4907
5063
4908
5066
4909
5065
4910
5068
4911
5067
4912
5070
4913
5069
4914
5072
4915
5071
4916
5074
4917
5073
4918
5076
4919
5075
4920
5078
4921
5077
4922
5080
4923
5079
4924
5082
4925
5081
4926
5084
4927
5083
4928
5086
4929
5085
4930
5088
4931
5087
4932
5090
4933
5089
4934
5092
4935
5091
4936
5094
4937
5093
4938
5096
4939
5095
4940
5098
4941
5097
4942
5156
4943
5155
4944
5026
4945
5021
4946
4947
5021
4948
5023
4949
5022
4951
4955
5244
4952
5022
4953
5027
4954
5100
4956
5099
4957
5243
4958
5102
4959
5104
4961
5101
4960
5103
4962
5106
4964
5108
4963
5105
4965
5112
4966
5107
5020
5111
4967
5109
4968
5110
4969
5114
4970
5113
4971
5116
4972
5115
4973
5118
4974
5117
4975
5120
4976
5119
4977
5122
4978
5121
4979
5124
4980
5123
4981
5126
4982
5125
4983
5128
4984
5127
4985
5130
4986
5129
4987
5132
4988
5131
4989
5134
4990
5133
4991
5136
4992
5135
4993
5138
4994
5137
4995
5140
4996
5139
4997
5142
4998
5141
4999
5144
5000
5143
5001
5146
5002
5145
5003
5148
5004
5147
5005
5150
5006
5149
5007
5151
5008
5221
5009
5222
5010
5224
5011
5223
5012
5226
5013
5225
5014
5228
5015
5227
5016
5230
5017
5229
5018
5232
5019
5231
5020
5152
5153
5023
5026
5023
5027
5028
5030
5154
5251
5032
5217
5262
5028
5155
5028
5100
5157
5030
5034
5195
5191
5032
5215
5244
5220
5034
5036
5197
5196
5036
5038
5239
5242
5038
5040
5211
23539
5040
5042
5213
5212
5042
5044
5152
23540
5044
5046
5232
5231
5046
5048
5230
5229
5048
5050
5228
5227
5050
5052
5226
5225
5052
5054
5224
5223
5054
5056
5221
5222
5056
5058
5210
23541
5058
5060
5203
23542
5060
5062
5201
5202
5062
5064
5199
5200
5064
5066
5193
5194
5066
5068
5188
5189
5068
5070
5186
5187
5070
5072
5184
5185
5072
5074
5182
5183
5074
5076
5180
5181
5076
5078
5178
5179
5078
5080
5176
5177
5080
5082
5174
5175
5082
5084
5172
5173
5084
5086
5170
5171
5086
5088
5168
5169
5088
5090
5166
5167
5090
5092
5164
5165
5092
5094
5162
5163
5094
5096
5109
23543
5096
5098
5161
23544
5098
5156
5159
5160
5100
5102
5158
5157
5102
5108
5160
5159
5104
5106
5240
5241
5243
5106
5112
5211
5214
5108
5109
23544
5161
5110
5114
23543
5112
5153
5213
5212
5114
5116
5163
5162
5116
5118
5165
5164
5118
5120
5167
5166
5120
5122
5169
5168
5122
5124
5171
5170
5124
5126
5173
5172
5126
5128
5175
5174
5128
5130
5177
5176
5130
5132
5179
5178
5132
5134
5181
5180
5134
5136
5183
5182
5136
5138
5185
5184
5138
5140
5187
5186
5140
5142
5189
5188
5142
5144
5194
5193
5144
5146
5204
5198
5146
5148
5206
5205
5148
5150
5208
5207
5150
5151
5210
5209
5221
23541
5153
5231
23540
5190
5191
5252
5156
5157
5158
5158
5159
5160
5161
23544
5163
23543
5164
5165
5166
5167
5168
5169
5170
5171
5172
5173
5174
5175
5176
5177
5178
5179
5180
5181
5182
5183
5184
5185
5186
5187
5188
5189
5193
5192
5237
5254
5192
5195
5234
5238
5194
5198
5196
5234
5197
5246
5242
5245
5199
5204
5200
5204
5201
5205
5202
5206
5203
5207
5208
23542
5205
5206
5207
5208
5209
5210
23542
23541
5212
5214
5213
23540
5240
23539
5216
5220
5247
5219
5233
5235
5218
5220
5263
5219
5268
5220
5222
5224
5224
5226
5226
5228
5228
5230
5230
5232
5232
5234
5238
5247
5246
5236
5238
5237
5257
5238
5255
5240
5242
23539
5241
5242
5245
5244
5245
5247
5246
5247
5249
5251
5261
5252
5253
5254
5255
5256
5257
5258
5259
5260
5264
5262
5263
5266
5265
5267
5268
5268
5270
5271
5276
23219
5271
20909
5276
5273
5274
5275
23216
5274
20838
5275
23215
23218
5278
5280
5287
5294
5279
5293
5298
5280
5282
5297
5281
5288
5282
5284
7304
5283
7331
5284
7320
7330
7301
7319
5286
5288
7300
7571
5287
7570
23555
5288
23210
7297
5290
5292
13335
23566
5291
13440
23565
5292
12870
13439
12869
13336
5294
5296
5298
5295
23210
5296
7323
23556
5299
7322
5298
5300
7331
5299
5300
7327
7326
7332
5302
5304
5406
5409
5303
5305
5412
5304
5308
5309
5312
5407
5306
5308
8686
5307
8685
9359
5308
5310
9358
5309
5310
5312
5311
9930
5312
9236
9929
9235
5314
5316
5318
7459
5315
7458
8611
5316
5401
8610
5319
5404
5318
5320
5321
7587
5319
5324
5320
8195
7588
8194
5322
5324
5326
5323
5325
7266
5324
7265
7460
7459
5326
5328
5331
5327
7587
5328
6948
7586
5332
6947
5330
5332
6489
6559
5331
6492
6494
5332
6493
6560
5334
5336
5338
23205
5335
13335
23566
5336
13334
14831
5339
14830
5338
5340
14391
15478
5339
14390
5340
14827
14826
15479
5342
5344
7375
7377
5343
5348
7380
5344
5347
7404
7376
7403
5346
5348
5391
7389
5347
5390
7416
5348
7415
7390
5350
5352
5771
5942
5351
5353
5770
5352
5356
5927
5926
5943
5354
5356
5632
5355
5631
5667
5356
5666
5931
5930
5358
5360
5519
5638
5359
5364
5518
5360
5363
5623
5622
5639
5362
5364
5455
5478
5363
5477
5627
5364
5626
5456
5366
5368
5372
6063
5367
5371
6287
5368
6271
6286
6064
6270
5370
5372
6046
6052
5371
6045
6183
5372
6182
6049
5374
5376
6883
7079
5375
5377
6882
5376
5380
7775
7080
7774
5378
5380
6895
5379
6894
7074
5380
7073
7763
7762
5382
5384
6903
7059
5383
5385
7058
5384
5388
7515
6904
7514
5386
5388
7071
5387
6898
7070
5388
6897
7503
7502
5390
5392
7971
8054
5391
7970
5392
7582
7581
8055
5394
5396
5397
7420
5395
7419
7902
5396
7901
8535
5398
8534
5398
5400
7463
5399
5410
5400
5406
5409
5405
7464
5402
5404
8607
5403
8606
8659
5404
8196
8658
8195
5406
5408
8539
5407
5408
9235
8540
9234
5410
5412
5411
8534
5412
8533
8687
8686
5414
5416
5419
5439
5415
5418
23564
5416
5507
23563
5440
5506
5418
5420
5423
5494
5419
5422
5420
5435
5434
5495
5422
5424
5427
5446
5423
5426
5424
5463
5447
5462
5426
5428
5498
23206
5427
23564
5428
5450
5449
5499
5430
5432
5455
5478
5431
5443
5454
5432
5438
5442
5437
5479
5434
5436
5441
5487
5435
5486
5436
5439
5438
5442
5438
5440
5514
5439
5440
5515
5442
5444
5490
5443
5444
5459
5458
5491
5446
5448
5451
5547
5447
5450
5448
5467
5466
5548
5450
5452
5502
5451
5452
5472
5471
5503
5454
5456
5460
5517
5455
5459
5456
5518
5458
5460
5483
5526
5459
5482
5460
5527
5462
5464
5468
5538
5463
5467
5464
5494
5493
5539
5466
5468
5542
5680
5467
5679
5468
5543
5470
5472
5546
5552
5471
5551
23207
5472
23562
5547
5474
5476
5550
5564
5475
5554
5563
5476
5553
23561
5551
23207
5478
5480
5614
5479
5480
5514
5513
5615
5482
5484
5492
5534
5483
5491
5484
5523
5522
5535
5486
5488
5496
5586
5487
5495
5488
5490
5489
5587
5490
5492
5590
5491
5492
5591
5494
5496
5594
5495
5496
5595
5498
5500
5512
5598
5499
5511
5500
5502
5501
5599
5502
5504
5602
5503
5504
23562
5603
23561
5506
5508
5516
5606
5507
5515
5508
5510
5509
5607
5510
5512
5610
5511
23563
5512
23206
5611
5514
5516
5618
5515
5516
5619
5518
5520
5527
5519
5520
5635
5528
5634
5522
5524
5531
5566
5523
5530
5524
5526
5525
5567
5526
5528
5642
5527
5528
5643
5530
5532
5536
5646
5531
5535
5532
5571
5570
5647
5534
5536
5592
5650
5535
5591
5536
5651
5538
5540
5544
5670
5539
5543
5540
5594
5593
5671
5542
5544
5674
5816
5543
5815
5544
5675
5546
5548
5678
5684
5547
5683
5548
5679
5550
5552
5682
5688
5551
5687
5552
5683
5554
5556
5603
5555
5559
5556
5558
5663
5604
5662
5558
5560
5574
5655
5559
5654
5560
5563
5562
5575
5562
5564
5686
5692
5563
5691
5564
5687
5566
5568
5572
5702
5567
5571
5568
5642
5641
5703
5570
5572
5706
5712
5571
5711
5572
5707
5574
5576
5582
5660
5575
5659
5576
5579
5578
5583
5578
5580
5584
5699
5579
5583
5580
5691
5690
5700
5582
5584
5694
5739
5583
5738
5584
5695
5586
5588
5596
5726
5587
5595
5588
5590
5589
5727
5590
5592
5730
5591
5592
5731
5594
5596
5734
5595
5596
5735
5598
5600
5612
5742
5599
5611
5600
5602
5601
5743
5602
5604
5746
5603
5604
5747
5606
5608
5620
5750
5607
5619
5608
5610
5609
5751
5610
5612
5754
5611
5612
5755
5614
5616
5628
5758
5615
5627
5616
5618
5617
5759
5618
5620
5762
5619
5620
5763
5622
5624
5631
5667
5623
5630
5624
5626
5625
5668
5626
5628
5766
5627
5628
5767
5630
5632
5640
5769
5631
5639
5632
5770
5634
5636
5644
5774
5635
5643
5636
5638
5637
5775
5638
5640
5778
5639
5640
5779
5642
5644
5782
5643
5644
5783
5646
5648
5652
5803
5647
5651
5648
5711
5710
5804
5650
5652
5732
5798
5651
5731
5652
5799
5654
5656
5664
5786
5655
5663
5656
5659
5658
5787
5658
5660
5737
5792
5659
5791
5660
5738
5662
5664
5748
5794
5663
5747
5664
5795
5666
5668
5765
5919
5667
5918
5668
5766
5670
5672
5676
5806
5671
5675
5672
5734
5733
5807
5674
5676
5810
5972
5675
5971
5676
5811
5678
5680
5814
5820
5679
5819
5680
5815
5682
5684
5818
5824
5683
5823
5684
5819
5686
5688
5822
5828
5687
5827
5688
5823
5690
5692
5826
5832
5691
5831
5692
5827
5694
5696
5714
5719
5695
5718
5696
5699
5698
5715
5698
5700
5830
5836
5699
5835
5700
5831
5702
5704
5708
5846
5703
5707
5704
5782
5781
5847
5706
5708
5850
5856
5707
5855
5708
5851
5710
5712
5854
5959
5711
5958
5712
5855
5714
5716
5724
5843
5715
5723
5716
5835
5834
5844
5718
5720
5740
5882
5719
5739
5720
5723
5722
5883
5722
5724
5838
5887
5723
5886
5724
5839
5726
5728
5736
5870
5727
5735
5728
5730
5729
5871
5730
5732
5874
5731
5732
5875
5734
5736
5878
5735
5736
5879
5738
5740
5890
5739
5740
5891
5742
5744
5756
5894
5743
5755
5744
5746
5745
5895
5746
5748
5898
5747
5748
5899
5750
5752
5764
5902
5751
5763
5752
5754
5753
5903
5754
5756
5906
5755
5756
5907
5758
5760
5768
5910
5759
5767
5760
5762
5761
5911
5762
5764
5914
5763
5764
5915
5766
5768
5922
5767
5768
5923
5770
5772
5779
5771
5772
5939
5780
5938
5774
5776
5784
5946
5775
5783
5776
5778
5777
5947
5778
5780
5950
5779
5780
5951
5782
5784
5954
5783
5784
5955
5786
5788
5796
5974
5787
5795
5788
5791
5790
5975
5790
5792
5889
5980
5791
5979
5792
5890
5794
5796
5900
5982
5795
5899
5796
5983
5798
5800
5876
6066
5799
5875
5800
5803
5802
6067
5802
5804
5957
6071
5803
6070
5804
5958
5806
5808
5812
5962
5807
5811
5808
5878
5877
5963
5810
5812
5966
6091
5811
6090
5812
5967
5814
5816
5970
5996
5815
5995
5816
5971
5818
5820
5994
6000
5819
5999
5820
5995
5822
5824
5998
6004
5823
6003
5824
5999
5826
5828
6002
6008
5827
6007
5828
6003
5830
5832
6006
6012
5831
6011
5832
6007
5834
5836
6010
6032
5835
6031
5836
6011
5838
5840
5858
5863
5839
5862
5840
5843
5842
5859
5842
5844
6030
6036
5843
6035
5844
6031
5846
5848
5852
6166
5847
5851
5848
5954
5953
6167
5850
5852
6048
6178
5851
6047
5852
6179
5854
5856
6046
6052
5855
6051
5856
6047
5858
5860
5868
6027
5859
5867
5860
6035
6028
6034
5862
5864
5888
6094
5863
5887
5864
5867
5866
6095
5866
5868
6022
6099
5867
6098
5868
6023
5870
5872
5880
6074
5871
5879
5872
5874
5873
6075
5874
5876
6078
5875
5876
6079
5878
5880
6082
5879
5880
6083
5882
5884
5892
6102
5883
5891
5884
5886
5885
6103
5886
5888
6106
5887
5888
6107
5890
5892
6110
5891
5892
6111
5894
5896
5908
6114
5895
5907
5896
5898
5897
6115
5898
5900
6118
5899
5900
6119
5902
5904
5916
6122
5903
5915
5904
5906
5905
6123
5906
5908
6126
5907
5908
6127
5910
5912
5924
6130
5911
5923
5912
5914
5913
6131
5914
5916
6134
5915
5916
6135
5918
5920
5932
6138
5919
5931
5920
5922
5921
6139
5922
5924
6142
5923
5924
6143
5926
5928
5935
5991
5927
5934
5928
5930
5929
5992
5930
5932
6146
5931
5932
6147
5934
5936
5944
6014
5935
5943
5936
5987
5986
6015
5938
5940
5952
6150
5939
5951
5940
5942
5941
6151
5942
5944
6154
5943
5944
6155
5946
5948
5956
6158
5947
5955
5948
5950
5949
6159
5950
5952
6162
5951
5952
6163
5954
5956
6170
5955
5956
6171
5958
5960
6058
5959
5960
6051
6050
6059
5962
5964
5968
6318
5963
5967
5964
6082
6081
6319
5966
5968
6087
6326
5967
6086
5968
6327
5970
5972
6089
6188
5971
6187
5972
6090
5974
5976
5984
6190
5975
5983
5976
5979
5978
6191
5978
5980
6109
6196
5979
6195
5980
6110
5982
5984
6120
6198
5983
6119
5984
6199
5986
5988
6020
6206
5987
6019
5988
5991
5990
6207
5990
5992
6145
6203
5991
6202
5992
6146
5994
5996
6186
6212
5995
6211
5996
6187
5998
6000
6210
6224
5999
6223
6000
6211
6002
6004
6222
6228
6003
6227
6004
6223
6006
6008
6226
6240
6007
6239
6008
6227
6010
6012
6238
6248
6011
6247
6012
6239
6014
6016
6156
6214
6015
6155
6016
6019
6018
6215
6018
6020
6220
6438
6019
6219
6020
6439
6022
6024
6038
6043
6023
6042
6024
6027
6026
6039
6026
6028
6244
6250
6027
6243
6028
6251
6030
6032
6246
6256
6031
6255
6032
6247
6034
6036
6252
6254
6035
6251
6036
6255
6038
6040
6056
6235
6039
6055
6040
6243
6236
6242
6042
6044
6100
6334
6043
6099
6044
6055
6054
6335
6046
6048
6174
6047
6048
6175
6050
6052
6063
6051
6062
6052
6054
6056
6230
6339
6055
6338
6056
6231
6058
6060
6072
6294
6059
6071
6060
6062
6061
6295
6062
6064
6298
6063
6064
6299
6066
6068
6080
6302
6067
6079
6068
6070
6069
6303
6070
6072
6306
6071
6072
6307
6074
6076
6084
6310
6075
6083
6076
6078
6077
6311
6078
6080
6314
6079
6080
6315
6082
6084
6322
6083
6084
6323
6086
6088
6092
6262
6087
6091
6088
6259
6258
6263
6090
6092
6330
6091
6092
6331
6094
6096
6108
6342
6095
6107
6096
6098
6097
6343
6098
6100
6346
6099
6100
6347
6102
6104
6112
6350
6103
6111
6104
6106
6105
6351
6106
6108
6354
6107
6108
6355
6110
6112
6358
6111
6112
6359
6114
6116
6128
6362
6115
6127
6116
6118
6117
6363
6118
6120
6366
6119
6120
6367
6122
6124
6136
6370
6123
6135
6124
6126
6125
6371
6126
6128
6374
6127
6128
6375
6130
6132
6144
6378
6131
6143
6132
6134
6133
6379
6134
6136
6382
6135
6136
6383
6138
6140
6148
6386
6139
6147
6140
6142
6141
6387
6142
6144
6390
6143
6144
6391
6146
6148
6394
6147
6148
6395
6150
6152
6164
6398
6151
6163
6152
6154
6153
6399
6154
6156
6402
6155
6156
6403
6158
6160
6172
6406
6159
6171
6160
6162
6161
6407
6162
6164
6410
6163
6164
6411
6166
6168
6180
6414
6167
6179
6168
6170
6169
6415
6170
6172
6418
6171
6172
6419
6174
6176
6184
6422
6175
6183
6176
6178
6177
6423
6178
6180
6426
6179
6180
6427
6182
6184
6288
6434
6183
6287
6184
6435
6186
6188
6329
6444
6187
6443
6188
6330
6190
6192
6200
6446
6191
6199
6192
6195
6194
6447
6194
6196
6357
6452
6195
6451
6196
6358
6198
6200
6368
6454
6199
6367
6200
6455
6202
6204
6208
6670
6203
6207
6204
6394
6393
6671
6206
6208
6440
6682
6207
6439
6208
6683
6210
6212
6442
6468
6211
6467
6212
6443
6214
6216
6404
6458
6215
6403
6216
6219
6218
6459
6218
6220
6464
6550
6219
6463
6220
6551
6222
6224
6466
6504
6223
6503
6224
6467
6226
6228
6502
6512
6227
6511
6228
6503
6230
6232
6274
6279
6231
6278
6232
6235
6234
6275
6234
6236
6508
6514
6235
6507
6236
6515
6238
6240
6510
6520
6239
6519
6240
6511
6242
6244
6516
6522
6243
6515
6244
6523
6246
6248
6518
6528
6247
6527
6248
6519
6250
6252
6524
6530
6251
6523
6252
6531
6254
6256
6526
6532
6255
6531
6256
6527
6258
6260
6268
6534
6259
6267
6260
6326
6325
6535
6262
6264
6332
6542
6263
6331
6264
6267
6266
6543
6266
6268
6538
6548
6267
6547
6268
6539
6270
6272
6300
6554
6271
6299
6272
6291
6290
6555
6274
6276
6284
6499
6275
6283
6276
6507
6500
6506
6278
6280
6340
6602
6279
6339
6280
6283
6282
6603
6282
6284
6474
6607
6283
6606
6284
6475
6286
6288
6292
6430
6287
6291
6288
6431
6290
6292
6489
6559
6291
6558
6292
6490
6294
6296
6308
6562
6295
6307
6296
6298
6297
6563
6298
6300
6566
6299
6300
6567
6302
6304
6316
6570
6303
6315
6304
6306
6305
6571
6306
6308
6574
6307
6308
6575
6310
6312
6324
6578
6311
6323
6312
6314
6313
6579
6314
6316
6582
6315
6316
6583
6318
6320
6328
6586
6319
6327
6320
6322
6321
6587
6322
6324
6590
6323
6324
6591
6326
6328
6594
6327
6328
6595
6330
6332
6598
6331
6332
6599
6334
6336
6348
6610
6335
6347
6336
6338
6337
6611
6338
6340
6614
6339
6340
6615
6342
6344
6356
6618
6343
6355
6344
6346
6345
6619
6346
6348
6622
6347
6348
6623
6350
6352
6360
6626
6351
6359
6352
6354
6353
6627
6354
6356
6630
6355
6356
6631
6358
6360
6634
6359
6360
6635
6362
6364
6376
6638
6363
6375
6364
6366
6365
6639
6366
6368
6642
6367
6368
6643
6370
6372
6384
6646
6371
6383
6372
6374
6373
6647
6374
6376
6650
6375
6376
6651
6378
6380
6392
6654
6379
6391
6380
6382
6381
6655
6382
6384
6658
6383
6384
6659
6386
6388
6396
6662
6387
6395
6388
6390
6389
6663
6390
6392
6666
6391
6392
6667
6394
6396
6674
6395
6396
6675
6398
6400
6412
6686
6399
6411
6400
6402
6401
6687
6402
6404
6690
6403
6404
6691
6406
6408
6420
6694
6407
6419
6408
6410
6409
6695
6410
6412
6698
6411
6412
6699
6414
6416
6428
6702
6415
6427
6416
6418
6417
6703
6418
6420
6706
6419
6420
6707
6422
6424
6436
6710
6423
6435
6424
6426
6425
6711
6426
6428
6714
6427
6428
6715
6430
6432
6470
6491
6431
6490
6432
6434
6433
6471
6434
6436
6718
6435
6436
6719
6438
6440
6552
6678
6439
6551
6440
6679
6442
6444
6597
6740
6443
6739
6444
6598
6446
6448
6456
6742
6447
6455
6448
6451
6450
6743
6450
6452
6633
6748
6451
6747
6452
6634
6454
6456
6644
6850
6455
6643
6456
6851
6458
6460
6692
7218
6459
6691
6460
6463
6462
7219
6462
6464
6721
7223
6463
7222
6464
6722
6466
6468
6738
6756
6467
6755
6468
6739
6470
6472
6496
7258
6471
6495
6472
6718
6717
7259
6474
6476
6478
6483
6475
6482
6476
6499
6479
6498
6478
6480
6488
6735
6479
6487
6480
6751
6736
6750
6482
6484
6608
7114
6483
6607
6484
6487
6486
7115
6486
6488
6730
7119
6487
7118
6488
6731
6490
6492
6491
6492
6495
6494
6494
6496
7266
6495
6496
7267
6498
6500
6752
6810
6499
6751
6500
6811
6502
6504
6754
6816
6503
6815
6504
6755
6506
6508
6812
6818
6507
6811
6508
6819
6510
6512
6814
6824
6511
6823
6512
6815
6514
6516
6820
6826
6515
6819
6516
6827
6518
6520
6822
6832
6519
6831
6520
6823
6522
6524
6828
6834
6523
6827
6524
6835
6526
6528
6830
6840
6527
6839
6528
6831
6530
6532
6836
6838
6531
6835
6532
6839
6534
6536
6540
6982
6535
6539
6536
6594
6593
6983
6538
6540
6844
6994
6539
6843
6540
6995
6542
6544
6600
7006
6543
6599
6544
6547
6546
7007
6546
6548
6842
7280
6547
7279
6548
6843
6550
6552
6723
6725
6551
6722
6552
6726
6554
6556
6568
6942
6555
6567
6556
6558
6557
6943
6558
6560
6946
6559
6560
6947
6562
6564
6576
6950
6563
6575
6564
6566
6565
6951
6566
6568
6954
6567
6568
6955
6570
6572
6584
6958
6571
6583
6572
6574
6573
6959
6574
6576
6962
6575
6576
6963
6578
6580
6592
6966
6579
6591
6580
6582
6581
6967
6582
6584
6970
6583
6584
6971
6586
6588
6596
6974
6587
6595
6588
6590
6589
6975
6590
6592
6978
6591
6592
6979
6594
6596
6986
6595
6596
6987
6598
6600
7010
6599
6600
7011
6602
6604
6616
7122
6603
6615
6604
6606
6605
7123
6606
6608
7126
6607
6608
7127
6610
6612
6624
7130
6611
6623
6612
6614
6613
7131
6614
6616
7134
6615
6616
7135
6618
6620
6632
7138
6619
6631
6620
6622
6621
7139
6622
6624
7142
6623
6624
7143
6626
6628
6636
7146
6627
6635
6628
6630
6629
7147
6630
6632
7150
6631
6632
7151
6634
6636
7154
6635
6636
7155
6638
6640
6652
7158
6639
6651
6640
6642
6641
7159
6642
6644
7162
6643
6644
7163
6646
6648
6660
7166
6647
6659
6648
6650
6649
7167
6650
6652
7170
6651
6652
7171
6654
6656
6668
7174
6655
6667
6656
6658
6657
7175
6658
6660
7178
6659
6660
7179
6662
6664
6676
7182
6663
6675
6664
6666
6665
7183
6666
6668
7186
6667
6668
7187
6670
6672
6684
7190
6671
6683
6672
6674
6673
7191
6674
6676
7194
6675
6676
7195
6678
6680
6727
7198
6679
6726
6680
6682
6681
7199
6682
6684
7202
6683
6684
7203
6686
6688
6700
7226
6687
6699
6688
6690
6689
7227
6690
6692
7230
6691
6692
7231
6694
6696
6708
7234
6695
6707
6696
6698
6697
7235
6698
6700
7238
6699
6700
7239
6702
6704
6716
7242
6703
6715
6704
6706
6705
7243
6706
6708
7246
6707
6708
7247
6710
6712
6720
7250
6711
6719
6712
6714
6713
7251
6714
6716
7254
6715
6716
7255
6718
6720
7262
6719
6720
7263
6722
6724
7214
6723
6724
6847
6846
7215
6726
6728
6847
6727
6728
7211
6848
7210
6730
6732
6854
7107
6731
7106
6732
6735
6734
6855
6734
6736
7004
7290
6735
7003
6736
7291
6738
6740
7009
7296
6739
7295
6740
7010
6742
6744
6852
7309
6743
6851
6744
6747
6746
7310
6746
6748
7153
7307
6747
7306
6748
7154
6750
6752
7292
7422
6751
7291
6752
7423
6754
6756
7294
7428
6755
7427
6756
7295
6758
6760
6762
7051
6759
7050
23208
6760
6911
23560
6763
6910
6762
6764
6766
7055
6763
7054
6764
6907
6767
6906
6766
6768
6770
7043
6767
7042
6768
6919
6771
6918
6770
6772
6774
7047
6771
7046
6772
6915
6775
6914
6774
6776
6778
7035
6775
7034
6776
6927
6779
6926
6778
6780
6782
7039
6779
7038
6780
6923
6783
6922
6782
6784
6786
7027
6783
7026
6784
6935
6787
6934
6786
6788
6790
7031
6787
7030
6788
6931
6791
6930
6790
6792
6794
7019
6791
7018
6792
6939
6795
6938
6794
6796
6802
7023
6795
7022
6796
6799
6798
6803
6798
6800
6808
7550
6799
6807
6800
6938
6937
7551
6802
6804
7015
7302
6803
7014
6804
6807
6806
7303
6806
6808
7299
7562
6807
7298
6808
7563
6810
6812
7424
7430
6811
7423
6812
7431
6814
6816
7426
7436
6815
7435
6816
7427
6818
6820
7432
7438
6819
7431
6820
7439
6822
6824
7434
7444
6823
7443
6824
7435
6826
6828
7440
7446
6827
7439
6828
7447
6830
6832
7442
7452
6831
7451
6832
7443
6834
6836
7448
7454
6835
7447
6836
7455
6838
6840
7450
7456
6839
7455
6840
7451
6842
6844
6990
7467
6843
7466
6844
6991
6846
6848
7206
7400
6847
7399
6848
7207
6850
6852
7164
7394
6851
7163
6852
7395
6854
6856
6858
7111
6855
7110
6856
7003
6859
7002
6858
6860
6862
7099
6859
7098
6860
6999
6863
6998
6862
6864
6866
7103
6863
7102
6864
7283
6867
7282
6866
6868
6870
7091
6867
7090
6868
7475
6871
7474
6870
6872
6874
7095
6871
7094
6872
7471
6875
7470
6874
6876
6878
7083
6875
7082
6876
7483
6879
7482
6878
6880
6887
7087
6879
7086
6880
7479
6888
7478
6882
6884
6896
7486
6883
6895
6884
6886
6885
7487
6886
6888
7490
6887
7079
6888
7078
7491
6890
6892
6900
7494
6891
6899
7075
6892
6894
7074
6893
7495
6894
6896
7498
6895
6896
7499
6898
6900
7506
6899
7067
6900
7066
7507
6902
6904
6912
7510
6903
6911
23560
6904
23559
7511
6906
6908
6920
7518
6907
6919
6908
6910
6909
7519
6910
6912
7522
6911
6912
7523
6914
6916
6928
7526
6915
6927
6916
6918
6917
7527
6918
6920
7530
6919
6920
7531
6922
6924
6936
7534
6923
6935
6924
6926
6925
7535
6926
6928
7538
6927
6928
7539
6930
6932
6940
7542
6931
6939
6932
6934
6933
7543
6934
6936
7546
6935
6936
7547
6938
6940
7554
6939
6940
7555
6942
6944
6956
7590
6943
6955
6944
6946
6945
7591
6946
6948
7594
6947
6948
7595
6950
6952
6964
7598
6951
6963
6952
6954
6953
7599
6954
6956
7602
6955
6956
7603
6958
6960
6972
7606
6959
6971
6960
6962
6961
7607
6962
6964
7610
6963
6964
7611
6966
6968
6980
7614
6967
6979
6968
6970
6969
7615
6970
6972
7618
6971
6972
7619
6974
6976
6988
7622
6975
6987
6976
6978
6977
7623
6978
6980
7626
6979
6980
7627
6982
6984
6996
7630
6983
6995
6984
6986
6985
7631
6986
6988
7634
6987
6988
7635
6990
6992
7275
7287
6991
7274
6992
6994
6993
7288
6994
6996
7638
6995
6996
7639
6998
7000
7284
7642
6999
7283
7000
7002
7001
7643
7002
7004
7646
7003
7004
7647
7006
7008
7012
7650
7007
7011
7008
7279
7278
7651
7010
7012
7654
7011
7012
7655
7014
7016
7024
7698
7015
7023
7016
7314
7313
7699
7018
7020
7032
7706
7019
7031
7020
7022
7021
7707
7022
7024
7710
7023
7024
7711
7026
7028
7040
7714
7027
7039
7028
7030
7029
7715
7030
7032
7718
7031
7032
7719
7034
7036
7048
7722
7035
7047
7036
7038
7037
7723
7038
7040
7726
7039
7040
7727
7042
7044
7056
7730
7043
7055
7044
7046
7045
7731
7046
7048
7734
7047
7048
7735
7050
7052
7064
7738
7051
7063
7052
7054
7053
7739
7054
7056
7742
7055
7056
7743
7058
7060
7072
7746
7059
7071
7060
7062
7061
7747
7062
7064
7750
7063
23559
7064
23208
7751
7066
7068
7076
7754
7067
7075
7068
7070
7069
7755
7070
7072
7758
7071
7072
7759
7074
7076
7766
7075
7076
7767
7078
7080
7088
7770
7079
7087
7080
7771
7082
7084
7096
7778
7083
7095
7084
7086
7085
7779
7086
7088
7782
7087
7088
7783
7090
7092
7104
7786
7091
7103
7092
7094
7093
7787
7094
7096
7790
7095
7096
7791
7098
7100
7112
7794
7099
7111
7100
7102
7101
7795
7102
7104
7798
7103
7104
7799
7106
7108
7120
7802
7107
7119
7108
7110
7109
7803
7110
7112
7806
7111
7112
7807
7114
7116
7128
7810
7115
7127
7116
7118
7117
7811
7118
7120
7814
7119
7120
7815
7122
7124
7136
7818
7123
7135
7124
7126
7125
7819
7126
7128
7822
7127
7128
7823
7130
7132
7144
7826
7131
7143
7132
7134
7133
7827
7134
7136
7830
7135
7136
7831
7138
7140
7152
7834
7139
7151
7140
7142
7141
7835
7142
7144
7838
7143
7144
7839
7146
7148
7156
7842
7147
7155
7148
7150
7149
7843
7150
7152
7846
7151
7152
7847
7154
7156
7850
7155
7156
7851
7158
7160
7172
7854
7159
7171
7160
7162
7161
7855
7162
7164
7858
7163
7164
7859
7166
7168
7180
7862
7167
7179
7168
7170
7169
7863
7170
7172
7866
7171
7172
7867
7174
7176
7188
7870
7175
7187
7176
7178
7177
7871
7178
7180
7874
7179
7180
7875
7182
7184
7196
7878
7183
7195
7184
7186
7185
7879
7186
7188
7882
7187
7188
7883
7190
7192
7204
7886
7191
7203
7192
7194
7193
7887
7194
7196
7890
7195
7196
7891
7198
7200
7212
7894
7199
7211
7200
7202
7201
7895
7202
7204
7898
7203
7204
7899
7206
7208
7419
7902
7207
7418
7208
7210
7209
7903
7210
7212
7906
7211
7212
7907
7214
7216
7224
7910
7215
7223
7216
7399
7398
7911
7218
7220
7232
7918
7219
7231
7220
7222
7221
7919
7222
7224
7922
7223
7224
7923
7226
7228
7240
7926
7227
7239
7228
7230
7229
7927
7230
7232
7930
7231
7232
7931
7234
7236
7248
7934
7235
7247
7236
7238
7237
7935
7238
7240
7938
7239
7240
7939
7242
7244
7256
7942
7243
7255
7244
7246
7245
7943
7246
7248
7946
7247
7248
7947
7250
7252
7264
7950
7251
7263
7252
7254
7253
7951
7254
7256
7954
7255
7256
7955
7258
7260
7268
7958
7259
7267
7260
7262
7261
7959
7262
7264
7962
7263
7264
7963
7266
7268
7966
7267
7268
7967
7270
7272
7275
7287
7271
7286
23557
7272
8008
23209
7276
8007
7274
7276
7468
8002
7275
7467
7276
8003
7278
7280
7465
7976
7279
7975
7280
7466
7282
7284
7476
7982
7283
7475
7284
7983
7286
7288
7637
8248
7287
8247
7288
7638
7290
7292
7648
7986
7291
7647
7292
7987
7294
7296
7653
7992
7295
7991
7296
7654
7298
7300
7304
7299
7303
7300
7559
7558
7302
7304
7315
7303
7314
7304
7306
7308
7311
7994
7307
7310
7308
7850
7849
7995
7310
7312
7395
7311
7312
7999
7396
7998
7314
7316
7702
7315
7316
7319
7318
7703
7318
7320
7334
7691
7319
7690
7320
7335
7322
7324
7328
7338
7323
7327
7324
7579
7339
7578
7326
7328
7342
7348
7327
7347
7328
7343
7330
7332
7336
7346
7331
7335
7332
7347
7334
7336
7350
7695
7335
7694
7336
7351
7338
7340
7344
7391
7339
7343
7340
7575
7392
7574
7342
7344
7356
7378
7343
7355
7344
7379
7346
7348
7352
7354
7347
7351
7348
7355
7350
7352
7358
7683
7351
7682
7352
7359
7354
7356
7360
7367
7355
7359
7356
7368
7358
7360
7362
7687
7359
7686
7360
7363
7362
7364
7370
7675
7363
7674
7364
7367
7366
7371
7366
7368
7375
7377
7367
7374
7368
7378
7370
7372
7386
7679
7371
7678
7372
7374
7373
7387
7374
7376
7382
7375
7376
7383
7378
7380
7379
7380
7391
7390
7382
7384
7388
7406
7383
7387
7384
7403
7402
7407
7386
7388
7410
7667
7387
7666
7388
7411
7390
7392
7582
7391
7392
7583
7394
7396
7860
8478
7395
7859
7396
8479
7398
7400
7417
7915
7399
7914
7400
7418
7402
7404
7414
7980
7403
7979
7404
7415
7406
7408
7412
8011
7407
7411
7408
7979
7978
8012
7410
7412
7658
7671
7411
7670
7412
7659
7414
7416
7969
8071
7415
8070
7416
7970
7418
7420
7462
7419
7420
7463
7422
7424
7988
8014
7423
7987
7424
8015
7426
7428
7990
8020
7427
8019
7428
7991
7430
7432
8016
8030
7431
8015
7432
8031
7434
7436
8018
8036
7435
8035
7436
8019
7438
7440
8032
8038
7439
8031
7440
8039
7442
7444
8034
8044
7443
8043
7444
8035
7446
7448
8040
8046
7447
8039
7448
8047
7450
7452
8042
8052
7451
8051
7452
8043
7454
7456
8048
8050
7455
8047
7456
8051
7458
7460
7965
8599
7459
8598
7460
7966
7462
7464
7916
8538
7463
7915
7464
8539
7466
7468
8062
7467
7468
8063
7470
7472
7484
8074
7471
7483
7472
7474
7473
8075
7474
7476
8078
7475
7476
8079
7478
7480
7492
8082
7479
7491
7480
7482
7481
8083
7482
7484
8086
7483
7484
8087
7486
7488
7500
8090
7487
7499
7488
7490
7489
8091
7490
7492
8094
7491
7492
8095
7494
7496
7508
8098
7495
7507
7496
7498
7497
8099
7498
7500
8102
7499
7500
8103
7502
7504
7516
8106
7503
7515
7504
7506
7505
8107
7506
7508
8110
7507
7508
8111
7510
7512
7524
8114
7511
7523
7512
7514
7513
8115
7514
7516
8118
7515
7516
8119
7518
7520
7532
8122
7519
7531
7520
7522
7521
8123
7522
7524
8126
7523
7524
8127
7526
7528
7540
8130
7527
7539
7528
7530
7529
8131
7530
7532
8134
7531
7532
8135
7534
7536
7548
8138
7535
7547
7536
7538
7537
8139
7538
7540
8142
7539
7540
8143
7542
7544
7556
8146
7543
7555
7544
7546
7545
8147
7546
7548
8150
7547
7548
8151
7550
7552
7564
8154
7551
7563
7552
7554
7553
8155
7554
7556
8158
7555
7556
8159
7558
7560
7572
8162
7559
7571
7560
7562
7561
8163
7562
7564
8166
7563
7564
8167
7566
7568
7580
8170
7567
7579
23556
7568
7570
23555
7569
8171
7570
7572
8174
7571
7572
8175
7574
7576
7584
8178
7575
7583
7576
7578
7577
8179
7578
7580
8182
7579
7580
8183
7582
7584
8186
7583
7584
8187
7586
7588
7596
8190
7587
7595
7588
8191
7590
7592
7604
8198
7591
7603
7592
7594
7593
8199
7594
7596
8202
7595
7596
8203
7598
7600
7612
8206
7599
7611
7600
7602
7601
8207
7602
7604
8210
7603
7604
8211
7606
7608
7620
8214
7607
7619
7608
7610
7609
8215
7610
7612
8218
7611
7612
8219
7614
7616
7628
8222
7615
7627
7616
7618
7617
8223
7618
7620
8226
7619
7620
8227
7622
7624
7636
8230
7623
7635
7624
7626
7625
8231
7626
7628
8234
7627
7628
8235
7630
7632
7640
8238
7631
7639
7632
7634
7633
8239
7634
7636
8242
7635
7636
8243
7638
7640
8250
7639
7640
8251
7642
7644
7984
8254
7643
7983
7644
7646
7645
8255
7646
7648
8258
7647
7648
8259
7650
7652
7656
8262
7651
7655
7652
7975
7974
8263
7654
7656
8266
7655
7656
8267
7658
7660
7663
8027
7659
7662
7660
8011
8010
8028
7662
7664
7672
8278
7663
7671
7664
8023
8022
8279
7666
7668
7680
8286
7667
7679
7668
7670
7669
8287
7670
7672
8290
7671
7672
8291
7674
7676
7688
8294
7675
7687
7676
7678
7677
8295
7678
7680
8298
7679
7680
8299
7682
7684
7696
8302
7683
7695
7684
7686
7685
8303
7686
7688
8306
7687
7688
8307
7690
7692
7704
8310
7691
7703
7692
7694
7693
8311
7694
7696
8314
7695
7696
8315
7698
7700
7712
8318
7699
7711
7700
7702
7701
8319
7702
7704
8322
7703
7704
8323
7706
7708
7720
8326
7707
7719
7708
7710
7709
8327
7710
7712
8330
7711
7712
8331
7714
7716
7728
8334
7715
7727
7716
7718
7717
8335
7718
7720
8338
7719
7720
8339
7722
7724
7736
8342
7723
7735
7724
7726
7725
8343
7726
7728
8346
7727
7728
8347
7730
7732
7744
8350
7731
7743
7732
7734
7733
8351
7734
7736
8354
7735
7736
8355
7738
7740
7752
8358
7739
7751
7740
7742
7741
8359
7742
7744
8362
7743
7744
8363
7746
7748
7760
8366
7747
7759
7748
7750
7749
8367
7750
7752
8370
7751
7752
8371
7754
7756
7768
8374
7755
7767
7756
7758
7757
8375
7758
7760
8378
7759
7760
8379
7762
7764
7776
8382
7763
7775
7764
7766
7765
8383
7766
7768
8386
7767
7768
8387
7770
7772
7784
8390
7771
7783
7772
7774
7773
8391
7774
7776
8394
7775
7776
8395
7778
7780
7792
8398
7779
7791
7780
7782
7781
8399
7782
7784
8402
7783
7784
8403
7786
7788
7800
8406
7787
7799
7788
7790
7789
8407
7790
7792
8410
7791
7792
8411
7794
7796
7808
8414
7795
7807
7796
7798
7797
8415
7798
7800
8418
7799
7800
8419
7802
7804
7816
8422
7803
7815
7804
7806
7805
8423
7806
7808
8426
7807
7808
8427
7810
7812
7824
8430
7811
7823
7812
7814
7813
8431
7814
7816
8434
7815
7816
8435
7818
7820
7832
8438
7819
7831
7820
7822
7821
8439
7822
7824
8442
7823
7824
8443
7826
7828
7840
8446
7827
7839
7828
7830
7829
8447
7830
7832
8450
7831
7832
8451
7834
7836
7848
8454
7835
7847
7836
7838
7837
8455
7838
7840
8458
7839
7840
8459
7842
7844
7852
8462
7843
7851
7844
7846
7845
8463
7846
7848
8466
7847
7848
8467
7850
7852
8470
7851
7852
8471
7854
7856
7868
8474
7855
7867
7856
7858
7857
8475
7858
7860
8482
7859
7860
8483
7862
7864
7876
8486
7863
7875
7864
7866
7865
8487
7866
7868
8490
7867
7868
8491
7870
7872
7884
8494
7871
7883
7872
7874
7873
8495
7874
7876
8498
7875
7876
8499
7878
7880
7892
8502
7879
7891
7880
7882
7881
8503
7882
7884
8506
7883
7884
8507
7886
7888
7900
8510
7887
7899
7888
7890
7889
8511
7890
7892
8514
7891
7892
8515
7894
7896
7908
8518
7895
7907
7896
7898
7897
8519
7898
7900
8522
7899
7900
8523
7902
7904
8526
7903
7904
7906
7905
8527
7906
7908
8530
7907
7908
8531
7910
7912
7924
8542
7911
7923
7912
7914
7913
8543
7914
7916
8546
7915
7916
8547
7918
7920
7932
8550
7919
7931
7920
7922
7921
8551
7922
7924
8554
7923
7924
8555
7926
7928
7940
8558
7927
7939
7928
7930
7929
8559
7930
7932
8562
7931
7932
8563
7934
7936
7948
8566
7935
7947
7936
7938
7937
8567
7938
7940
8570
7939
7940
8571
7942
7944
7956
8574
7943
7955
7944
7946
7945
8575
7946
7948
8578
7947
7948
8579
7950
7952
7964
8582
7951
7963
7952
7954
7953
8583
7954
7956
8586
7955
7956
8587
7958
7960
7968
8590
7959
7967
7960
7962
7961
8591
7962
7964
8594
7963
7964
8595
7966
7968
8602
7967
7968
8603
7970
7972
8066
7971
7972
8058
8057
8067
7974
7976
8061
8616
7975
8615
7976
8062
7978
7980
8069
8628
7979
8627
7980
8070
7982
7984
8080
8630
7983
8079
7984
8631
7986
7988
8260
8646
7987
8259
7988
8647
7990
7992
8265
8652
7991
8651
7992
8266
7994
7996
8000
9154
7995
7999
7996
8470
8469
9155
7998
8000
8480
9166
7999
8479
8000
9167
8002
8004
8064
8718
8003
8063
8004
8007
8006
8719
8006
8008
8622
8731
8007
8730
8008
8623
8010
8012
8626
8656
8011
8655
8012
8627
8014
8016
8648
8666
8015
8647
8016
8667
8018
8020
8650
8672
8019
8671
8020
8651
8022
8024
8270
8283
8023
8282
8024
8027
8026
8271
8026
8028
8654
8676
8027
8675
8028
8655
8030
8032
8668
8678
8031
8667
8032
8679
8034
8036
8670
8684
8035
8683
8036
8671
8038
8040
8680
8698
8039
8679
8040
8699
8042
8044
8682
8704
8043
8703
8044
8683
8046
8048
8700
8714
8047
8699
8048
8715
8050
8052
8702
8716
8051
8715
8052
8703
8054
8056
8059
8854
8055
8058
8056
8186
8185
8855
8058
8060
8635
8059
8060
8871
8636
8870
8062
8064
8722
8063
8064
8723
8066
8068
8072
8734
8067
8071
8068
8635
8634
8735
8070
8072
8738
8071
8072
8739
8074
8076
8088
8742
8075
8087
8076
8078
8077
8743
8078
8080
8746
8079
8080
8747
8082
8084
8096
8750
8083
8095
8084
8086
8085
8751
8086
8088
8754
8087
8088
8755
8090
8092
8104
8758
8091
8103
8092
8094
8093
8759
8094
8096
8762
8095
8096
8763
8098
8100
8112
8766
8099
8111
8100
8102
8101
8767
8102
8104
8770
8103
8104
8771
8106
8108
8120
8774
8107
8119
8108
8110
8109
8775
8110
8112
8778
8111
8112
8779
8114
8116
8128
8782
8115
8127
8116
8118
8117
8783
8118
8120
8786
8119
8120
8787
8122
8124
8136
8790
8123
8135
8124
8126
8125
8791
8126
8128
8794
8127
8128
8795
8130
8132
8144
8798
8131
8143
8132
8134
8133
8799
8134
8136
8802
8135
8136
8803
8138
8140
8152
8806
8139
8151
8140
8142
8141
8807
8142
8144
8810
8143
8144
8811
8146
8148
8160
8814
8147
8159
8148
8150
8149
8815
8150
8152
8818
8151
8152
8819
8154
8156
8168
8822
8155
8167
8156
8158
8157
8823
8158
8160
8826
8159
8160
8827
8162
8164
8176
8830
8163
8175
8164
8166
8165
8831
8166
8168
8834
8167
8168
8835
8170
8172
8184
8838
8171
8183
8172
8174
8173
8839
8174
8176
8842
8175
8176
8843
8178
8180
8188
8846
8179
8187
8180
8182
8181
8847
8182
8184
8850
8183
8184
8851
8186
8188
8858
8187
8188
8859
8190
8192
8204
8874
8191
8203
8192
8194
8193
8875
8194
8196
8878
8195
8196
8879
8198
8200
8212
8882
8199
8211
8200
8202
8201
8883
8202
8204
8886
8203
8204
8887
8206
8208
8220
8890
8207
8219
8208
8210
8209
8891
8210
8212
8894
8211
8212
8895
8214
8216
8228
8898
8215
8227
8216
8218
8217
8899
8218
8220
8902
8219
8220
8903
8222
8224
8236
8906
8223
8235
8224
8226
8225
8907
8226
8228
8910
8227
8228
8911
8230
8232
8244
8914
8231
8243
8232
8234
8233
8915
8234
8236
8918
8235
8236
8919
8238
8240
8252
8922
8239
8251
8240
8242
8241
8923
8242
8244
8926
8243
8244
8927
8246
8248
8249
8639
8247
8638
23558
8248
23557
8250
8250
8252
8930
8251
8252
8931
8254
8256
8632
8946
8255
8631
8256
8258
8257
8947
8258
8260
8950
8259
8260
8951
8262
8264
8268
8954
8263
8267
8264
8615
8614
8955
8266
8268
8958
8267
8268
8959
8270
8272
8275
8695
8271
8274
8272
8675
8674
8696
8274
8276
8284
8706
8275
8283
8276
8691
8690
8707
8278
8280
8292
8962
8279
8291
8280
8282
8281
8963
8282
8284
8966
8283
8284
8967
8286
8288
8300
8970
8287
8299
8288
8290
8289
8971
8290
8292
8974
8291
8292
8975
8294
8296
8308
8978
8295
8307
8296
8298
8297
8979
8298
8300
8982
8299
8300
8983
8302
8304
8316
8986
8303
8315
8304
8306
8305
8987
8306
8308
8990
8307
8308
8991
8310
8312
8324
8994
8311
8323
8312
8314
8313
8995
8314
8316
8998
8315
8316
8999
8318
8320
8332
9002
8319
8331
8320
8322
8321
9003
8322
8324
9006
8323
8324
9007
8326
8328
8340
9010
8327
8339
8328
8330
8329
9011
8330
8332
9014
8331
8332
9015
8334
8336
8348
9018
8335
8347
8336
8338
8337
9019
8338
8340
9022
8339
8340
9023
8342
8344
8356
9026
8343
8355
8344
8346
8345
9027
8346
8348
9030
8347
8348
9031
8350
8352
8364
9034
8351
8363
8352
8354
8353
9035
8354
8356
9038
8355
8356
9039
8358
8360
8372
9042
8359
8371
8360
8362
8361
9043
8362
8364
9046
8363
8364
9047
8366
8368
8380
9050
8367
8379
8368
8370
8369
9051
8370
8372
9054
8371
8372
9055
8374
8376
8388
9058
8375
8387
8376
8378
8377
9059
8378
8380
9062
8379
8380
9063
8382
8384
8396
9066
8383
8395
8384
8386
8385
9067
8386
8388
9070
8387
8388
9071
8390
8392
8404
9074
8391
8403
8392
8394
8393
9075
8394
8396
9078
8395
8396
9079
8398
8400
8412
9082
8399
8411
8400
8402
8401
9083
8402
8404
9086
8403
8404
9087
8406
8408
8420
9090
8407
8419
8408
8410
8409
9091
8410
8412
9094
8411
8412
9095
8414
8416
8428
9098
8415
8427
8416
8418
8417
9099
8418
8420
9102
8419
8420
9103
8422
8424
8436
9106
8423
8435
8424
8426
8425
9107
8426
8428
9110
8427
8428
9111
8430
8432
8444
9114
8431
8443
8432
8434
8433
9115
8434
8436
9118
8435
8436
9119
8438
8440
8452
9122
8439
8451
8440
8442
8441
9123
8442
8444
9126
8443
8444
9127
8446
8448
8460
9130
8447
8459
8448
8450
8449
9131
8450
8452
9134
8451
8452
9135
8454
8456
8468
9138
8455
8467
8456
8458
8457
9139
8458
8460
9142
8459
8460
9143
8462
8464
8472
9146
8463
8471
8464
8466
8465
9147
8466
8468
9150
8467
8468
9151
8470
8472
9158
8471
8472
9159
8474
8476
8492
9170
8475
8491
8476
8482
8481
9171
8478
8480
8484
9162
8479
8483
8480
9163
8482
8484
9174
8483
8484
9175
8486
8488
8500
9178
8487
8499
8488
8490
8489
9179
8490
8492
9182
8491
8492
9183
8494
8496
8508
9186
8495
8507
8496
8498
8497
9187
8498
8500
9190
8499
8500
9191
8502
8504
8516
9194
8503
8515
8504
8506
8505
9195
8506
8508
9198
8507
8508
9199
8510
8512
8524
9202
8511
8523
8512
8514
8513
9203
8514
8516
9206
8515
8516
9207
8518
8520
8532
9210
8519
8531
8520
8522
8521
9211
8522
8524
9214
8523
8524
9215
8526
8528
8536
9218
8527
8535
8528
8530
8529
9219
8530
8532
9222
8531
8532
9223
8534
8536
9226
8535
8536
9227
8538
8540
8548
9230
8539
8547
8540
9231
8542
8544
8556
9238
8543
8555
8544
8546
8545
9239
8546
8548
9242
8547
8548
9243
8550
8552
8564
9246
8551
8563
8552
8554
8553
9247
8554
8556
9250
8555
8556
9251
8558
8560
8572
9254
8559
8571
8560
8562
8561
9255
8562
8564
9258
8563
8564
9259
8566
8568
8580
9262
8567
8579
8568
8570
8569
9263
8570
8572
9266
8571
8572
9267
8574
8576
8588
9270
8575
8587
8576
8578
8577
9271
8578
8580
9274
8579
8580
9275
8582
8584
8596
9278
8583
8595
8584
8586
8585
9279
8586
8588
9282
8587
8588
9283
8590
8592
8604
9286
8591
8603
8592
8594
8593
9287
8594
8596
9290
8595
8596
9291
8598
8600
8612
9294
8599
8611
8600
8602
8601
9295
8602
8604
9298
8603
8604
9299
8606
8608
8664
9302
8607
8663
8608
8610
8609
9303
8610
8612
9306
8611
8612
9307
8614
8616
8721
9312
8615
9311
8616
8722
8618
8620
8624
8938
8619
8623
23209
8620
8643
23558
8642
8939
8622
8624
8727
8942
8623
8726
8624
8943
8626
8628
8737
9316
8627
9315
8628
8738
8630
8632
8748
9318
8631
8747
8632
9319
8634
8636
8863
8866
8635
8862
8636
8867
8638
8640
8644
9622
8639
8643
8640
8930
8929
9623
8642
8644
8940
9634
8643
8939
8644
9635
8646
8648
8952
9326
8647
8951
8648
9327
8650
8652
8957
9332
8651
9331
8652
8958
8654
8656
9314
9344
8655
9343
8656
9315
8658
8660
8880
9558
8659
8879
8660
8663
8662
9559
8662
8664
9322
9563
8663
9562
8664
9323
8666
8668
9328
9346
8667
9327
8668
9347
8670
8672
9330
9352
8671
9351
8672
9331
8674
8676
9342
9364
8675
9363
8676
9343
8678
8680
9348
9366
8679
9347
8680
9367
8682
8684
9350
9372
8683
9371
8684
9351
8686
8688
9354
8687
8688
9226
9225
9355
8690
8692
8712
9374
8691
8711
8692
8695
8694
9375
8694
8696
9362
9392
8695
9391
8696
9363
8698
8700
9368
9394
8699
9367
8700
9395
8702
8704
9370
9400
8703
9399
8704
9371
8706
8708
8968
9382
8707
8967
8708
8711
8710
9383
8710
8712
9378
9388
8711
9387
8712
9379
8714
8716
9396
9398
8715
9395
8716
9399
8718
8720
8724
9406
8719
8723
8720
8730
8729
9407
8722
8724
9410
8723
8724
9411
8726
8728
8732
9334
8727
8731
8728
8935
8934
9335
8730
8732
9414
8731
8732
9415
8734
8736
8740
9418
8735
8739
8736
8862
8861
9419
8738
8740
9422
8739
8740
9423
8742
8744
8756
9426
8743
8755
8744
8746
8745
9427
8746
8748
9430
8747
8748
9431
8750
8752
8764
9434
8751
8763
8752
8754
8753
9435
8754
8756
9438
8755
8756
9439
8758
8760
8772
9442
8759
8771
8760
8762
8761
9443
8762
8764
9446
8763
8764
9447
8766
8768
8780
9450
8767
8779
8768
8770
8769
9451
8770
8772
9454
8771
8772
9455
8774
8776
8788
9458
8775
8787
8776
8778
8777
9459
8778
8780
9462
8779
8780
9463
8782
8784
8796
9466
8783
8795
8784
8786
8785
9467
8786
8788
9470
8787
8788
9471
8790
8792
8804
9474
8791
8803
8792
8794
8793
9475
8794
8796
9478
8795
8796
9479
8798
8800
8812
9482
8799
8811
8800
8802
8801
9483
8802
8804
9486
8803
8804
9487
8806
8808
8820
9490
8807
8819
8808
8810
8809
9491
8810
8812
9494
8811
8812
9495
8814
8816
8828
9498
8815
8827
8816
8818
8817
9499
8818
8820
9502
8819
8820
9503
8822
8824
8836
9506
8823
8835
8824
8826
8825
9507
8826
8828
9510
8827
8828
9511
8830
8832
8844
9514
8831
8843
8832
8834
8833
9515
8834
8836
9518
8835
8836
9519
8838
8840
8852
9522
8839
8851
8840
8842
8841
9523
8842
8844
9526
8843
8844
9527
8846
8848
8860
9530
8847
8859
8848
8850
8849
9531
8850
8852
9534
8851
8852
9535
8854
8856
8872
9538
8855
8871
8856
8858
8857
9539
8858
8860
9542
8859
8860
9543
8862
8864
10022
8863
8864
9402
9401
10023
8866
8868
9403
9546
8867
9402
8868
8870
8869
9547
8870
8872
9550
8871
8872
9551
8874
8876
8888
9566
8875
8887
8876
8878
8877
9567
8878
8880
9570
8879
8880
9571
8882
8884
8896
9574
8883
8895
8884
8886
8885
9575
8886
8888
9578
8887
8888
9579
8890
8892
8904
9582
8891
8903
8892
8894
8893
9583
8894
8896
9586
8895
8896
9587
8898
8900
8912
9590
8899
8911
8900
8902
8901
9591
8902
8904
9594
8903
8904
9595
8906
8908
8920
9598
8907
8919
8908
8910
8909
9599
8910
8912
9602
8911
8912
9603
8914
8916
8928
9606
8915
8927
8916
8918
8917
9607
8918
8920
9610
8919
8920
9611
8922
8924
8932
9614
8923
8931
8924
8926
8925
9615
8926
8928
9618
8927
8928
9619
8930
8932
9626
8931
8932
9627
8934
8936
9340
9638
8935
9339
8936
8942
8941
9639
8938
8940
8944
9630
8939
8943
8940
9631
8942
8944
9642
8943
8944
9643
8946
8948
9320
9646
8947
9319
8948
8950
8949
9647
8950
8952
9650
8951
8952
9651
8954
8956
8960
9654
8955
8959
8956
9311
9310
9655
8958
8960
9658
8959
8960
9659
8962
8964
8976
9662
8963
8975
8964
8966
8965
9663
8966
8968
9666
8967
8968
9667
8970
8972
8984
9670
8971
8983
8972
8974
8973
9671
8974
8976
9674
8975
8976
9675
8978
8980
8992
9678
8979
8991
8980
8982
8981
9679
8982
8984
9682
8983
8984
9683
8986
8988
9000
9686
8987
8999
8988
8990
8989
9687
8990
8992
9690
8991
8992
9691
8994
8996
9008
9694
8995
9007
8996
8998
8997
9695
8998
9000
9698
8999
9000
9699
9002
9004
9016
9702
9003
9015
9004
9006
9005
9703
9006
9008
9706
9007
9008
9707
9010
9012
9024
9710
9011
9023
9012
9014
9013
9711
9014
9016
9714
9015
9016
9715
9018
9020
9032
9718
9019
9031
9020
9022
9021
9719
9022
9024
9722
9023
9024
9723
9026
9028
9040
9726
9027
9039
9028
9030
9029
9727
9030
9032
9730
9031
9032
9731
9034
9036
9048
9734
9035
9047
9036
9038
9037
9735
9038
9040
9738
9039
9040
9739
9042
9044
9056
9742
9043
9055
9044
9046
9045
9743
9046
9048
9746
9047
9048
9747
9050
9052
9064
9750
9051
9063
9052
9054
9053
9751
9054
9056
9754
9055
9056
9755
9058
9060
9072
9758
9059
9071
9060
9062
9061
9759
9062
9064
9762
9063
9064
9763
9066
9068
9080
9766
9067
9079
9068
9070
9069
9767
9070
9072
9770
9071
9072
9771
9074
9076
9088
9774
9075
9087
9076
9078
9077
9775
9078
9080
9778
9079
9080
9779
9082
9084
9096
9782
9083
9095
9084
9086
9085
9783
9086
9088
9786
9087
9088
9787
9090
9092
9104
9790
9091
9103
9092
9094
9093
9791
9094
9096
9794
9095
9096
9795
9098
9100
9112
9798
9099
9111
9100
9102
9101
9799
9102
9104
9802
9103
9104
9803
9106
9108
9120
9806
9107
9119
9108
9110
9109
9807
9110
9112
9810
9111
9112
9811
9114
9116
9128
9814
9115
9127
9116
9118
9117
9815
9118
9120
9818
9119
9120
9819
9122
9124
9136
9822
9123
9135
9124
9126
9125
9823
9126
9128
9826
9127
9128
9827
9130
9132
9144
9830
9131
9143
9132
9134
9133
9831
9134
9136
9834
9135
9136
9835
9138
9140
9152
9838
9139
9151
9140
9142
9141
9839
9142
9144
9842
9143
9144
9843
9146
9148
9160
9846
9147
9159
9148
9150
9149
9847
9150
9152
9850
9151
9152
9851
9154
9156
9168
9854
9155
9167
9156
9158
9157
9855
9158
9160
9858
9159
9160
9859
9162
9164
9176
9862
9163
9175
9164
9166
9165
9863
9166
9168
9866
9167
9168
9867
9170
9172
9184
9870
9171
9183
9172
9174
9173
9871
9174
9176
9874
9175
9176
9875
9178
9180
9192
9878
9179
9191
9180
9182
9181
9879
9182
9184
9882
9183
9184
9883
9186
9188
9200
9886
9187
9199
9188
9190
9189
9887
9190
9192
9890
9191
9192
9891
9194
9196
9208
9894
9195
9207
9196
9198
9197
9895
9198
9200
9898
9199
9200
9899
9202
9204
9216
9902
9203
9215
9204
9206
9205
9903
9206
9208
9906
9207
9208
9907
9210
9212
9224
9910
9211
9223
9212
9214
9213
9911
9214
9216
9914
9215
9216
9915
9218
9220
9228
9918
9219
9227
9220
9222
9221
9919
9222
9224
9922
9223
9224
9923
9226
9228
9926
9227
9228
9927
9230
9232
9244
9934
9231
9243
9232
9234
9233
9935
9234
9236
9938
9235
9236
9939
9238
9240
9252
9942
9239
9251
9240
9242
9241
9943
9242
9244
9946
9243
9244
9947
9246
9248
9260
9950
9247
9259
9248
9250
9249
9951
9250
9252
9954
9251
9252
9955
9254
9256
9268
9958
9255
9267
9256
9258
9257
9959
9258
9260
9962
9259
9260
9963
9262
9264
9276
9966
9263
9275
9264
9266
9265
9967
9266
9268
9970
9267
9268
9971
9270
9272
9284
9974
9271
9283
9272
9274
9273
9975
9274
9276
9978
9275
9276
9979
9278
9280
9292
9982
9279
9291
9280
9282
9281
9983
9282
9284
9986
9283
9284
9987
9286
9288
9300
9990
9287
9299
9288
9290
9289
9991
9290
9292
9994
9291
9292
9995
9294
9296
9308
9998
9295
9307
9296
9298
9297
9999
9298
9300
10002
9299
9300
10003
9302
9304
9324
10006
9303
9323
9304
9306
9305
10007
9306
9308
10010
9307
9308
10011
9310
9312
9409
10032
9311
10031
9312
9410
9314
9316
9421
10040
9315
10039
9316
9422
9318
9320
9432
10042
9319
9431
9320
10043
9322
9324
9554
10018
9323
9553
9324
10019
9326
9328
9652
10046
9327
9651
9328
10047
9330
9332
9657
10052
9331
10051
9332
9658
9334
9336
9416
10134
9335
9415
9336
9339
9338
10135
9338
9340
10034
10155
9339
10154
9340
10035
9342
9344
10038
10060
9343
10059
9344
10039
9346
9348
10048
10070
9347
10047
9348
10071
9350
9352
10050
10076
9351
10075
9352
10051
9354
9356
9360
10678
9355
9359
9356
9926
9925
10679
9358
9360
10056
10690
9359
10055
9360
10691
9362
9364
10058
10100
9363
10099
9364
10059
9366
9368
10072
10102
9367
10071
9368
10103
9370
9372
10074
10108
9371
10107
9372
10075
9374
9376
9380
10078
9375
9379
9376
9391
9390
10079
9378
9380
10082
10088
9379
10087
9380
10083
9382
9384
9668
10090
9383
9667
9384
9387
9386
10091
9386
9388
10086
10096
9387
10095
9388
10087
9390
9392
10098
10112
9391
10111
9392
10099
9394
9396
10104
10114
9395
10103
9396
10115
9398
9400
10106
10116
9399
10115
9400
10107
9402
9404
10118
9403
9404
10027
10026
10119
9406
9408
9412
10126
9407
9411
9408
9414
9413
10127
9410
9412
10130
9411
9412
10131
9414
9416
10138
9415
9416
10139
9418
9420
9424
10158
9419
9423
9420
10022
10021
10159
9422
9424
10162
9423
9424
10163
9426
9428
9440
10174
9427
9439
9428
9430
9429
10175
9430
9432
10178
9431
9432
10179
9434
9436
9448
10182
9435
9447
9436
9438
9437
10183
9438
9440
10186
9439
9440
10187
9442
9444
9456
10190
9443
9455
9444
9446
9445
10191
9446
9448
10194
9447
9448
10195
9450
9452
9464
10198
9451
9463
9452
9454
9453
10199
9454
9456
10202
9455
9456
10203
9458
9460
9472
10206
9459
9471
9460
9462
9461
10207
9462
9464
10210
9463
9464
10211
9466
9468
9480
10214
9467
9479
9468
9470
9469
10215
9470
9472
10218
9471
9472
10219
9474
9476
9488
10222
9475
9487
9476
9478
9477
10223
9478
9480
10226
9479
9480
10227
9482
9484
9496
10230
9483
9495
9484
9486
9485
10231
9486
9488
10234
9487
9488
10235
9490
9492
9504
10238
9491
9503
9492
9494
9493
10239
9494
9496
10242
9495
9496
10243
9498
9500
9512
10246
9499
9511
9500
9502
9501
10247
9502
9504
10250
9503
9504
10251
9506
9508
9520
10254
9507
9519
9508
9510
9509
10255
9510
9512
10258
9511
9512
10259
9514
9516
9528
10262
9515
9527
9516
9518
9517
10263
9518
9520
10266
9519
9520
10267
9522
9524
9536
10270
9523
9535
9524
9526
9525
10271
9526
9528
10274
9527
9528
10275
9530
9532
9544
10278
9531
9543
9532
9534
9533
10279
9534
9536
10282
9535
9536
10283
9538
9540
9552
10286
9539
9551
9540
9542
9541
10287
9542
9544
10290
9543
9544
10291
9546
9548
10028
10294
9547
10027
9548
9550
9549
10295
9550
9552
10298
9551
9552
10299
9554
9556
9563
9555
10015
9556
10014
10063
9564
10062
9558
9560
9572
10314
9559
9571
9560
9562
9561
10315
9562
9564
10318
9563
9564
10319
9566
9568
9580
10322
9567
9579
9568
9570
9569
10323
9570
9572
10326
9571
9572
10327
9574
9576
9588
10330
9575
9587
9576
9578
9577
10331
9578
9580
10334
9579
9580
10335
9582
9584
9596
10338
9583
9595
9584
9586
9585
10339
9586
9588
10342
9587
9588
10343
9590
9592
9604
10346
9591
9603
9592
9594
9593
10347
9594
9596
10350
9595
9596
10351
9598
9600
9612
10354
9599
9611
9600
9602
9601
10355
9602
9604
10358
9603
9604
10359
9606
9608
9620
10362
9607
9619
9608
9610
9609
10363
9610
9612
10366
9611
9612
10367
9614
9616
9628
10370
9615
9627
9616
9618
9617
10371
9618
9620
10374
9619
9620
10375
9622
9624
9636
10378
9623
9635
9624
9626
9625
10379
9626
9628
10382
9627
9628
10383
9630
9632
9644
10386
9631
9643
9632
9634
9633
10387
9634
9636
10390
9635
9636
10391
9638
9640
10036
10142
9639
10035
9640
9642
9641
10143
9642
9644
10394
9643
9644
10395
9646
9648
10044
10398
9647
10043
9648
9650
9649
10399
9650
9652
10402
9651
9652
10403
9654
9656
9660
10406
9655
9659
9656
10031
10030
10407
9658
9660
10410
9659
9660
10411
9662
9664
9676
10414
9663
9675
9664
9666
9665
10415
9666
9668
10418
9667
9668
10419
9670
9672
9684
10422
9671
9683
9672
9674
9673
10423
9674
9676
10426
9675
9676
10427
9678
9680
9692
10430
9679
9691
9680
9682
9681
10431
9682
9684
10434
9683
9684
10435
9686
9688
9700
10438
9687
9699
9688
9690
9689
10439
9690
9692
10442
9691
9692
10443
9694
9696
9708
10446
9695
9707
9696
9698
9697
10447
9698
9700
10450
9699
9700
10451
9702
9704
9716
10454
9703
9715
9704
9706
9705
10455
9706
9708
10458
9707
9708
10459
9710
9712
9724
10462
9711
9723
9712
9714
9713
10463
9714
9716
10466
9715
9716
10467
9718
9720
9732
10470
9719
9731
9720
9722
9721
10471
9722
9724
10474
9723
9724
10475
9726
9728
9740
10478
9727
9739
9728
9730
9729
10479
9730
9732
10482
9731
9732
10483
9734
9736
9748
10486
9735
9747
9736
9738
9737
10487
9738
9740
10490
9739
9740
10491
9742
9744
9756
10494
9743
9755
9744
9746
9745
10495
9746
9748
10498
9747
9748
10499
9750
9752
9764
10502
9751
9763
9752
9754
9753
10503
9754
9756
10506
9755
9756
10507
9758
9760
9772
10510
9759
9771
9760
9762
9761
10511
9762
9764
10514
9763
9764
10515
9766
9768
9780
10518
9767
9779
9768
9770
9769
10519
9770
9772
10522
9771
9772
10523
9774
9776
9788
10526
9775
9787
9776
9778
9777
10527
9778
9780
10530
9779
9780
10531
9782
9784
9796
10534
9783
9795
9784
9786
9785
10535
9786
9788
10538
9787
9788
10539
9790
9792
9804
10542
9791
9803
9792
9794
9793
10543
9794
9796
10546
9795
9796
10547
9798
9800
9812
10550
9799
9811
9800
9802
9801
10551
9802
9804
10554
9803
9804
10555
9806
9808
9820
10558
9807
9819
9808
9810
9809
10559
9810
9812
10562
9811
9812
10563
9814
9816
9828
10566
9815
9827
9816
9818
9817
10567
9818
9820
10570
9819
9820
10571
9822
9824
9836
10574
9823
9835
9824
9826
9825
10575
9826
9828
10578
9827
9828
10579
9830
9832
9844
10582
9831
9843
9832
9834
9833
10583
9834
9836
10586
9835
9836
10587
9838
9840
9852
10590
9839
9851
9840
9842
9841
10591
9842
9844
10594
9843
9844
10595
9846
9848
9860
10598
9847
9859
9848
9850
9849
10599
9850
9852
10602
9851
9852
10603
9854
9856
9868
10606
9855
9867
9856
9858
9857
10607
9858
9860
10610
9859
9860
10611
9862
9864
9876
10614
9863
9875
9864
9866
9865
10615
9866
9868
10618
9867
9868
10619
9870
9872
9884
10622
9871
9883
9872
9874
9873
10623
9874
9876
10626
9875
9876
10627
9878
9880
9892
10630
9879
9891
9880
9882
9881
10631
9882
9884
10634
9883
9884
10635
9886
9888
9900
10638
9887
9899
9888
9890
9889
10639
9890
9892
10642
9891
9892
10643
9894
9896
9908
10646
9895
9907
9896
9898
9897
10647
9898
9900
10650
9899
9900
10651
9902
9904
9916
10654
9903
9915
9904
9906
9905
10655
9906
9908
10658
9907
9908
10659
9910
9912
9924
10662
9911
9923
9912
9914
9913
10663
9914
9916
10666
9915
9916
10667
9918
9920
9928
10670
9919
9927
9920
9922
9921
10671
9922
9924
10674
9923
9924
10675
9926
9928
10682
9927
9928
10683
9930
9932
9939
9931
10055
9932
10054
10699
9940
10698
9934
9936
9948
10706
9935
9947
9936
9938
9937
10707
9938
9940
10710
9939
9940
10711
9942
9944
9956
10714
9943
9955
9944
9946
9945
10715
9946
9948
10718
9947
9948
10719
9950
9952
9964
10722
9951
9963
9952
9954
9953
10723
9954
9956
10726
9955
9956
10727
9958
9960
9972
10730
9959
9971
9960
9962
9961
10731
9962
9964
10734
9963
9964
10735
9966
9968
9980
10738
9967
9979
9968
9970
9969
10739
9970
9972
10742
9971
9972
10743
9974
9976
9988
10746
9975
9987
9976
9978
9977
10747
9978
9980
10750
9979
9980
10751
9982
9984
9996
10754
9983
9995
9984
9986
9985
10755
9986
9988
10758
9987
9988
10759
9990
9992
10004
10762
9991
10003
9992
9994
9993
10763
9994
9996
10766
9995
9996
10767
9998
10000
10012
10770
9999
10011
10000
10002
10001
10771
10002
10004
10774
10003
10004
10775
10006
10008
10020
10778
10007
10019
10008
10010
10009
10779
10010
10012
10782
10011
10012
10783
10014
10016
10068
10786
10015
10067
10016
10018
10017
10787
10018
10020
10790
10019
10020
10791
10022
10024
10170
10023
10024
10118
10117
10171
10026
10028
10123
10310
10027
10122
10028
10311
10030
10032
10129
10796
10031
10795
10032
10130
10034
10036
10146
10151
10035
10150
10036
10147
10038
10040
10161
10800
10039
10799
10040
10162
10042
10044
10180
10802
10043
10179
10044
10803
10046
10048
10404
10810
10047
10403
10048
10811
10050
10052
10409
10816
10051
10815
10052
10410
10054
10056
10686
10703
10055
10702
10056
10687
10058
10060
10798
10828
10059
10827
10060
10799
10062
10064
10320
11086
10063
10319
10064
10067
10066
11087
10066
10068
10806
11091
10067
11090
10068
10807
10070
10072
10812
10830
10071
10811
10072
10831
10074
10076
10814
10836
10075
10835
10076
10815
10078
10080
10084
10846
10079
10083
10080
10111
10110
10847
10082
10084
10820
10850
10083
10819
10084
10851
10086
10088
10818
10824
10087
10823
10088
10819
10090
10092
10420
11210
10091
10419
10092
10095
10094
11211
10094
10096
10822
11215
10095
11214
10096
10823
10098
10100
10826
10856
10099
10855
10100
10827
10102
10104
10832
10858
10103
10831
10104
10859
10106
10108
10834
10864
10107
10863
10108
10835
10110
10112
10854
10868
10111
10867
10112
10855
10114
10116
10860
10862
10115
10859
10116
10863
10118
10120
10166
10119
10120
10122
10121
10167
10122
10124
10302
10123
10124
10307
10303
10306
10126
10128
10132
10878
10127
10131
10128
10138
10137
10879
10130
10132
10882
10131
10132
10883
10134
10136
10140
10886
10135
10139
10136
10154
10153
10887
10138
10140
10890
10139
10140
10891
10142
10144
10148
11174
10143
10147
10144
10394
10393
11175
10146
10148
10872
11182
10147
10871
10148
11183
10150
10152
10156
10894
10151
10155
10152
10871
10870
10895
10154
10156
10898
10155
10156
10899
10158
10160
10164
10914
10159
10163
10160
10170
10169
10915
10162
10164
10918
10163
10164
10919
10166
10168
10172
10922
10167
10171
10168
10302
10301
10923
10170
10172
10926
10171
10172
10927
10174
10176
10188
10938
10175
10187
10176
10178
10177
10939
10178
10180
10942
10179
10180
10943
10182
10184
10196
10946
10183
10195
10184
10186
10185
10947
10186
10188
10950
10187
10188
10951
10190
10192
10204
10954
10191
10203
10192
10194
10193
10955
10194
10196
10958
10195
10196
10959
10198
10200
10212
10962
10199
10211
10200
10202
10201
10963
10202
10204
10966
10203
10204
10967
10206
10208
10220
10970
10207
10219
10208
10210
10209
10971
10210
10212
10974
10211
10212
10975
10214
10216
10228
10978
10215
10227
10216
10218
10217
10979
10218
10220
10982
10219
10220
10983
10222
10224
10236
10986
10223
10235
10224
10226
10225
10987
10226
10228
10990
10227
10228
10991
10230
10232
10244
10994
10231
10243
10232
10234
10233
10995
10234
10236
10998
10235
10236
10999
10238
10240
10252
11002
10239
10251
10240
10242
10241
11003
10242
10244
11006
10243
10244
11007
10246
10248
10260
11010
10247
10259
10248
10250
10249
11011
10250
10252
11014
10251
10252
11015
10254
10256
10268
11018
10255
10267
10256
10258
10257
11019
10258
10260
11022
10259
10260
11023
10262
10264
10276
11026
10263
10275
10264
10266
10265
11027
10266
10268
11030
10267
10268
11031
10270
10272
10284
11034
10271
10283
10272
10274
10273
11035
10274
10276
11038
10275
10276
11039
10278
10280
10292
11042
10279
10291
10280
10282
10281
11043
10282
10284
11046
10283
10284
11047
10286
10288
10300
11050
10287
10299
10288
10290
10289
11051
10290
10292
11054
10291
10292
11055
10294
10296
10312
11058
10295
10311
10296
10298
10297
11059
10298
10300
11062
10299
10300
11063
10302
10304
10934
10303
10304
10874
10873
10935
10306
10308
10875
11066
10307
10874
10308
10310
10309
11067
10310
10312
11070
10311
10312
11071
10314
10316
10328
11094
10315
10327
10316
10318
10317
11095
10318
10320
11098
10319
10320
11099
10322
10324
10336
11102
10323
10335
10324
10326
10325
11103
10326
10328
11106
10327
10328
11107
10330
10332
10344
11110
10331
10343
10332
10334
10333
11111
10334
10336
11114
10335
10336
11115
10338
10340
10352
11118
10339
10351
10340
10342
10341
11119
10342
10344
11122
10343
10344
11123
10346
10348
10360
11126
10347
10359
10348
10350
10349
11127
10350
10352
11130
10351
10352
11131
10354
10356
10368
11134
10355
10367
10356
10358
10357
11135
10358
10360
11138
10359
10360
11139
10362
10364
10376
11142
10363
10375
10364
10366
10365
11143
10366
10368
11146
10367
10368
11147
10370
10372
10384
11150
10371
10383
10372
10374
10373
11151
10374
10376
11154
10375
10376
11155
10378
10380
10392
11158
10379
10391
10380
10382
10381
11159
10382
10384
11162
10383
10384
11163
10386
10388
10396
11166
10387
10395
10388
10390
10389
11167
10390
10392
11170
10391
10392
11171
10394
10396
11178
10395
10396
11179
10398
10400
10804
11186
10399
10803
10400
10402
10401
11187
10402
10404
11190
10403
10404
11191
10406
10408
10412
11194
10407
10411
10408
10795
10794
11195
10410
10412
11198
10411
10412
11199
10414
10416
10428
11218
10415
10427
10416
10418
10417
11219
10418
10420
11222
10419
10420
11223
10422
10424
10436
11226
10423
10435
10424
10426
10425
11227
10426
10428
11230
10427
10428
11231
10430
10432
10444
11234
10431
10443
10432
10434
10433
11235
10434
10436
11238
10435
10436
11239
10438
10440
10452
11242
10439
10451
10440
10442
10441
11243
10442
10444
11246
10443
10444
11247
10446
10448
10460
11250
10447
10459
10448
10450
10449
11251
10450
10452
11254
10451
10452
11255
10454
10456
10468
11258
10455
10467
10456
10458
10457
11259
10458
10460
11262
10459
10460
11263
10462
10464
10476
11266
10463
10475
10464
10466
10465
11267
10466
10468
11270
10467
10468
11271
10470
10472
10484
11274
10471
10483
10472
10474
10473
11275
10474
10476
11278
10475
10476
11279
10478
10480
10492
11282
10479
10491
10480
10482
10481
11283
10482
10484
11286
10483
10484
11287
10486
10488
10500
11290
10487
10499
10488
10490
10489
11291
10490
10492
11294
10491
10492
11295
10494
10496
10508
11298
10495
10507
10496
10498
10497
11299
10498
10500
11302
10499
10500
11303
10502
10504
10516
11306
10503
10515
10504
10506
10505
11307
10506
10508
11310
10507
10508
11311
10510
10512
10524
11314
10511
10523
10512
10514
10513
11315
10514
10516
11318
10515
10516
11319
10518
10520
10532
11322
10519
10531
10520
10522
10521
11323
10522
10524
11326
10523
10524
11327
10526
10528
10540
11330
10527
10539
10528
10530
10529
11331
10530
10532
11334
10531
10532
11335
10534
10536
10548
11338
10535
10547
10536
10538
10537
11339
10538
10540
11342
10539
10540
11343
10542
10544
10556
11346
10543
10555
10544
10546
10545
11347
10546
10548
11350
10547
10548
11351
10550
10552
10564
11354
10551
10563
10552
10554
10553
11355
10554
10556
11358
10555
10556
11359
10558
10560
10572
11362
10559
10571
10560
10562
10561
11363
10562
10564
11366
10563
10564
11367
10566
10568
10580
11370
10567
10579
10568
10570
10569
11371
10570
10572
11374
10571
10572
11375
10574
10576
10588
11378
10575
10587
10576
10578
10577
11379
10578
10580
11382
10579
10580
11383
10582
10584
10596
11386
10583
10595
10584
10586
10585
11387
10586
10588
11390
10587
10588
11391
10590
10592
10604
11394
10591
10603
10592
10594
10593
11395
10594
10596
11398
10595
10596
11399
10598
10600
10612
11402
10599
10611
10600
10602
10601
11403
10602
10604
11406
10603
10604
11407
10606
10608
10620
11410
10607
10619
10608
10610
10609
11411
10610
10612
11414
10611
10612
11415
10614
10616
10628
11418
10615
10627
10616
10618
10617
11419
10618
10620
11422
10619
10620
11423
10622
10624
10636
11426
10623
10635
10624
10626
10625
11427
10626
10628
11430
10627
10628
11431
10630
10632
10644
11434
10631
10643
10632
10634
10633
11435
10634
10636
11438
10635
10636
11439
10638
10640
10652
11442
10639
10651
10640
10642
10641
11443
10642
10644
11446
10643
10644
11447
10646
10648
10660
11450
10647
10659
10648
10650
10649
11451
10650
10652
11454
10651
10652
11455
10654
10656
10668
11458
10655
10667
10656
10658
10657
11459
10658
10660
11462
10659
10660
11463
10662
10664
10676
11466
10663
10675
10664
10666
10665
11467
10666
10668
11470
10667
10668
11471
10670
10672
10684
11474
10671
10683
10672
10674
10673
11475
10674
10676
11478
10675
10676
11479
10678
10680
10692
11482
10679
10691
10680
10682
10681
11483
10682
10684
11486
10683
10684
11487
10686
10688
10694
10838
10687
10693
10688
10690
10689
10839
10690
10692
11490
10691
10692
11491
10694
10696
10703
10695
10843
10696
10842
11495
10704
11494
10698
10700
10712
11498
10699
10711
10700
10702
10701
11499
10702
10704
11502
10703
10704
11503
10706
10708
10720
11506
10707
10719
10708
10710
10709
11507
10710
10712
11510
10711
10712
11511
10714
10716
10728
11514
10715
10727
10716
10718
10717
11515
10718
10720
11518
10719
10720
11519
10722
10724
10736
11522
10723
10735
10724
10726
10725
11523
10726
10728
11526
10727
10728
11527
10730
10732
10744
11530
10731
10743
10732
10734
10733
11531
10734
10736
11534
10735
10736
11535
10738
10740
10752
11538
10739
10751
10740
10742
10741
11539
10742
10744
11542
10743
10744
11543
10746
10748
10760
11546
10747
10759
10748
10750
10749
11547
10750
10752
11550
10751
10752
11551
10754
10756
10768
11554
10755
10767
10756
10758
10757
11555
10758
10760
11558
10759
10760
11559
10762
10764
10776
11562
10763
10775
10764
10766
10765
11563
10766
10768
11566
10767
10768
11567
10770
10772
10784
11570
10771
10783
10772
10774
10773
11571
10774
10776
11574
10775
10776
11575
10778
10780
10792
11578
10779
10791
10780
10782
10781
11579
10782
10784
11582
10783
10784
11583
10786
10788
10808
11586
10787
10807
10788
10790
10789
11587
10790
10792
11590
10791
10792
11591
10794
10796
10881
11604
10795
11603
10796
10882
10798
10800
10917
11608
10799
11607
10800
10918
10802
10804
10944
11610
10803
10943
10804
11611
10806
10808
11083
11598
10807
11082
10808
11599
10810
10812
11192
11614
10811
11191
10812
11615
10814
10816
11197
11620
10815
11619
10816
11198
10818
10820
11204
11682
10819
11203
10820
11683
10822
10824
11202
11207
10823
11206
10824
11203
10826
10828
11606
11644
10827
11643
10828
11607
10830
10832
11616
11662
10831
11615
10832
11663
10834
10836
11618
11668
10835
11667
10836
11619
10838
10840
10844
12286
10839
10843
10840
11490
11489
12287
10842
10844
11624
12298
10843
11623
10844
12299
10846
10848
10852
11626
10847
10851
10848
10867
10866
11627
10850
10852
11630
11684
10851
11683
10852
11631
10854
10856
11642
11672
10855
11671
10856
11643
10858
10860
11664
11674
10859
11663
10860
11675
10862
10864
11666
11676
10863
11675
10864
11667
10866
10868
11670
11688
10867
11687
10868
11671
10870
10872
10902
10911
10871
10910
10872
10903
10874
10876
10930
10875
10876
11079
10931
11078
10878
10880
10884
11690
10879
10883
10880
10890
10889
11691
10882
10884
11694
10883
10884
11695
10886
10888
10892
11698
10887
10891
10888
10898
10897
11699
10890
10892
11702
10891
10892
11703
10894
10896
10900
11706
10895
10899
10896
10910
10909
11707
10898
10900
11710
10899
10900
11711
10902
10904
10907
11634
10903
10906
10904
11182
11181
11635
10906
10908
10912
11714
10907
10911
10908
11639
11638
11715
10910
10912
11718
10911
10912
11719
10914
10916
10920
11722
10915
10919
10916
10926
10925
11723
10918
10920
11726
10919
10920
11727
10922
10924
10928
11730
10923
10927
10924
10934
10933
11731
10926
10928
11734
10927
10928
11735
10930
10932
10936
11654
10931
10935
10932
11075
11074
11655
10934
10936
11738
10935
10936
11739
10938
10940
10952
11742
10939
10951
10940
10942
10941
11743
10942
10944
11746
10943
10944
11747
10946
10948
10960
11750
10947
10959
10948
10950
10949
11751
10950
10952
11754
10951
10952
11755
10954
10956
10968
11758
10955
10967
10956
10958
10957
11759
10958
10960
11762
10959
10960
11763
10962
10964
10976
11766
10963
10975
10964
10966
10965
11767
10966
10968
11770
10967
10968
11771
10970
10972
10984
11774
10971
10983
10972
10974
10973
11775
10974
10976
11778
10975
10976
11779
10978
10980
10992
11782
10979
10991
10980
10982
10981
11783
10982
10984
11786
10983
10984
11787
10986
10988
11000
11790
10987
10999
10988
10990
10989
11791
10990
10992
11794
10991
10992
11795
10994
10996
11008
11798
10995
11007
10996
10998
10997
11799
10998
11000
11802
10999
11000
11803
11002
11004
11016
11806
11003
11015
11004
11006
11005
11807
11006
11008
11810
11007
11008
11811
11010
11012
11024
11814
11011
11023
11012
11014
11013
11815
11014
11016
11818
11015
11016
11819
11018
11020
11032
11822
11019
11031
11020
11022
11021
11823
11022
11024
11826
11023
11024
11827
11026
11028
11040
11830
11027
11039
11028
11030
11029
11831
11030
11032
11834
11031
11032
11835
11034
11036
11048
11838
11035
11047
11036
11038
11037
11839
11038
11040
11842
11039
11040
11843
11042
11044
11056
11846
11043
11055
11044
11046
11045
11847
11046
11048
11850
11047
11048
11851
11050
11052
11064
11854
11051
11063
11052
11054
11053
11855
11054
11056
11858
11055
11056
11859
11058
11060
11072
11862
11059
11071
11060
11062
11061
11863
11062
11064
11866
11063
11064
11867
11066
11068
11080
11870
11067
11079
11068
11070
11069
11871
11070
11072
11874
11071
11072
11875
11074
11076
11660
11878
11075
11659
11076
11078
11077
11879
11078
11080
11882
11079
11080
11883
11082
11084
11092
11646
11083
11091
11084
11595
11594
11647
11086
11088
11100
11886
11087
11099
11088
11090
11089
11887
11090
11092
11890
11091
11092
11891
11094
11096
11108
11894
11095
11107
11096
11098
11097
11895
11098
11100
11898
11099
11100
11899
11102
11104
11116
11902
11103
11115
11104
11106
11105
11903
11106
11108
11906
11107
11108
11907
11110
11112
11124
11910
11111
11123
11112
11114
11113
11911
11114
11116
11914
11115
11116
11915
11118
11120
11132
11918
11119
11131
11120
11122
11121
11919
11122
11124
11922
11123
11124
11923
11126
11128
11140
11926
11127
11139
11128
11130
11129
11927
11130
11132
11930
11131
11132
11931
11134
11136
11148
11934
11135
11147
11136
11138
11137
11935
11138
11140
11938
11139
11140
11939
11142
11144
11156
11942
11143
11155
11144
11146
11145
11943
11146
11148
11946
11147
11148
11947
11150
11152
11164
11950
11151
11163
11152
11154
11153
11951
11154
11156
11954
11155
11156
11955
11158
11160
11172
11958
11159
11171
11160
11162
11161
11959
11162
11164
11962
11163
11164
11963
11166
11168
11180
11966
11167
11179
11168
11170
11169
11967
11170
11172
11970
11171
11172
11971
11174
11176
11184
11974
11175
11183
11176
11178
11177
11975
11178
11180
11978
11179
11180
11979
11182
11184
11982
11183
11184
11983
11186
11188
11612
11986
11187
11611
11188
11190
11189
11987
11190
11192
11990
11191
11192
11991
11194
11196
11200
11994
11195
11199
11196
11603
11602
11995
11198
11200
11998
11199
11200
11999
11202
11204
11680
12482
11203
11679
11204
12483
11206
11208
11216
12002
11207
11215
11208
11679
11678
12003
11210
11212
11224
12006
11211
11223
11212
11214
11213
12007
11214
11216
12010
11215
11216
12011
11218
11220
11232
12014
11219
11231
11220
11222
11221
12015
11222
11224
12018
11223
11224
12019
11226
11228
11240
12022
11227
11239
11228
11230
11229
12023
11230
11232
12026
11231
11232
12027
11234
11236
11248
12030
11235
11247
11236
11238
11237
12031
11238
11240
12034
11239
11240
12035
11242
11244
11256
12038
11243
11255
11244
11246
11245
12039
11246
11248
12042
11247
11248
12043
11250
11252
11264
12046
11251
11263
11252
11254
11253
12047
11254
11256
12050
11255
11256
12051
11258
11260
11272
12054
11259
11271
11260
11262
11261
12055
11262
11264
12058
11263
11264
12059
11266
11268
11280
12062
11267
11279
11268
11270
11269
12063
11270
11272
12066
11271
11272
12067
11274
11276
11288
12070
11275
11287
11276
11278
11277
12071
11278
11280
12074
11279
11280
12075
11282
11284
11296
12078
11283
11295
11284
11286
11285
12079
11286
11288
12082
11287
11288
12083
11290
11292
11304
12086
11291
11303
11292
11294
11293
12087
11294
11296
12090
11295
11296
12091
11298
11300
11312
12094
11299
11311
11300
11302
11301
12095
11302
11304
12098
11303
11304
12099
11306
11308
11320
12102
11307
11319
11308
11310
11309
12103
11310
11312
12106
11311
11312
12107
11314
11316
11328
12110
11315
11327
11316
11318
11317
12111
11318
11320
12114
11319
11320
12115
11322
11324
11336
12118
11323
11335
11324
11326
11325
12119
11326
11328
12122
11327
11328
12123
11330
11332
11344
12126
11331
11343
11332
11334
11333
12127
11334
11336
12130
11335
11336
12131
11338
11340
11352
12134
11339
11351
11340
11342
11341
12135
11342
11344
12138
11343
11344
12139
11346
11348
11360
12142
11347
11359
11348
11350
11349
12143
11350
11352
12146
11351
11352
12147
11354
11356
11368
12150
11355
11367
11356
11358
11357
12151
11358
11360
12154
11359
11360
12155
11362
11364
11376
12158
11363
11375
11364
11366
11365
12159
11366
11368
12162
11367
11368
12163
11370
11372
11384
12166
11371
11383
11372
11374
11373
12167
11374
11376
12170
11375
11376
12171
11378
11380
11392
12182
11379
11391
11380
11382
11381
12183
11382
11384
12178
11383
11384
12179
11386
11388
11400
12174
11387
11399
11388
11390
11389
12175
11390
11392
12186
11391
11392
12187
11394
11396
11408
12190
11395
11407
11396
11398
11397
12191
11398
11400
12194
11399
11400
12195
11402
11404
11416
12198
11403
11415
11404
11406
11405
12199
11406
11408
12202
11407
11408
12203
11410
11412
11424
12206
11411
11423
11412
11414
11413
12207
11414
11416
12210
11415
11416
12211
11418
11420
11432
12214
11419
11431
11420
11422
11421
12215
11422
11424
12218
11423
11424
12219
11426
11428
11440
12222
11427
11439
11428
11430
11429
12223
11430
11432
12226
11431
11432
12227
11434
11436
11448
12230
11435
11447
11436
11438
11437
12231
11438
11440
12234
11439
11440
12235
11442
11444
11456
12238
11443
11455
11444
11446
11445
12239
11446
11448
12242
11447
11448
12243
11450
11452
11464
12246
11451
11463
11452
11454
11453
12247
11454
11456
12250
11455
11456
12251
11458
11460
11472
12254
11459
11471
11460
11462
11461
12255
11462
11464
12258
11463
11464
12259
11466
11468
11480
12262
11467
11479
11468
11470
11469
12263
11470
11472
12266
11471
11472
12267
11474
11476
11488
12270
11475
11487
11476
11478
11477
12271
11478
11480
12274
11479
11480
12275
11482
11484
11492
12278
11483
11491
11484
11486
11485
12279
11486
11488
12282
11487
11488
12283
11490
11492
12290
11491
11492
12291
11494
11496
11504
12306
11495
11503
11496
11623
11622
12307
11498
11500
11512
12314
11499
11511
11500
11502
11501
12315
11502
11504
12318
11503
11504
12319
11506
11508
11520
12322
11507
11519
11508
11510
11509
12323
11510
11512
12326
11511
11512
12327
11514
11516
11528
12330
11515
11527
11516
11518
11517
12331
11518
11520
12334
11519
11520
12335
11522
11524
11536
12338
11523
11535
11524
11526
11525
12339
11526
11528
12342
11527
11528
12343
11530
11532
11544
12346
11531
11543
11532
11534
11533
12347
11534
11536
12350
11535
11536
12351
11538
11540
11552
12354
11539
11551
11540
11542
11541
12355
11542
11544
12358
11543
11544
12359
11546
11548
11560
12362
11547
11559
11548
11550
11549
12363
11550
11552
12366
11551
11552
12367
11554
11556
11568
12370
11555
11567
11556
11558
11557
12371
11558
11560
12374
11559
11560
12375
11562
11564
11576
12378
11563
11575
11564
11566
11565
12379
11566
11568
12382
11567
11568
12383
11570
11572
11584
12386
11571
11583
11572
11574
11573
12387
11574
11576
12390
11575
11576
12391
11578
11580
11592
12394
11579
11591
11580
11582
11581
12395
11582
11584
12398
11583
11584
12399
11586
11588
11600
12402
11587
11599
11588
11590
11589
12403
11590
11592
12406
11591
11592
12407
11594
11596
11652
12410
11595
11651
11596
11598
11597
12411
11598
11600
12414
11599
11600
12415
11602
11604
11693
12428
11603
12427
11604
11694
11606
11608
11725
12436
11607
12435
11608
11726
11610
11612
11748
12438
11611
11747
11612
12439
11614
11616
11992
12450
11615
11991
11616
12451
11618
11620
11997
12456
11619
12455
11620
11998
11622
11624
12294
12311
11623
12310
11624
12295
11626
11628
11632
12418
11627
11631
11628
11687
11686
12419
11630
11632
12421
12500
11631
12499
11632
12422
11634
11636
11640
12854
11635
11639
11636
11982
11981
12855
11638
11640
12432
12866
11639
12431
11640
12867
11642
11644
12434
12460
11643
12459
11644
12435
11646
11648
11892
12750
11647
11891
11648
11651
11650
12751
11650
11652
12442
12755
11651
12754
11652
12443
11654
11656
11740
12566
11655
11739
11656
11659
11658
12567
11658
11660
12445
12579
11659
12578
11660
12446
11662
11664
12452
12470
11663
12451
11664
12471
11666
11668
12454
12476
11667
12475
11668
12455
11670
11672
12458
12496
11671
12495
11672
12459
11674
11676
12472
12474
11675
12471
11676
12475
11678
11680
12480
13350
11679
12479
11680
13351
11682
11684
12484
12498
11683
12483
11684
12499
11686
11688
12494
12504
11687
12503
11688
12495
11690
11692
11696
12514
11691
11695
11692
11702
11701
12515
11694
11696
12518
11695
11696
12519
11698
11700
11704
12522
11699
11703
11700
11710
11709
12523
11702
11704
12526
11703
11704
12527
11706
11708
11712
12530
11707
11711
11708
11718
11717
12531
11710
11712
12534
11711
11712
12535
11714
11716
11720
12538
11715
11719
11716
12431
12430
12539
11718
11720
12542
11719
11720
12543
11722
11724
11728
12550
11723
11727
11724
11734
11733
12551
11726
11728
12554
11727
11728
12555
11730
11732
11736
12558
11731
11735
11732
11738
11737
12559
11734
11736
12562
11735
11736
12563
11738
11740
12570
11739
11740
12571
11742
11744
11756
12582
11743
11755
11744
11746
11745
12583
11746
11748
12586
11747
11748
12587
11750
11752
11764
12590
11751
11763
11752
11754
11753
12591
11754
11756
12594
11755
11756
12595
11758
11760
11772
12598
11759
11771
11760
11762
11761
12599
11762
11764
12602
11763
11764
12603
11766
11768
11780
12606
11767
11779
11768
11770
11769
12607
11770
11772
12610
11771
11772
12611
11774
11776
11788
12614
11775
11787
11776
11778
11777
12615
11778
11780
12618
11779
11780
12619
11782
11784
11796
12622
11783
11795
11784
11786
11785
12623
11786
11788
12626
11787
11788
12627
11790
11792
11804
12630
11791
11803
11792
11794
11793
12631
11794
11796
12634
11795
11796
12635
11798
11800
11812
12638
11799
11811
11800
11802
11801
12639
11802
11804
12642
11803
11804
12643
11806
11808
11820
12646
11807
11819
11808
11810
11809
12647
11810
11812
12650
11811
11812
12651
11814
11816
11828
12654
11815
11827
11816
11818
11817
12655
11818
11820
12658
11819
11820
12659
11822
11824
11836
12662
11823
11835
11824
11826
11825
12663
11826
11828
12666
11827
11828
12667
11830
11832
11844
12670
11831
11843
11832
11834
11833
12671
11834
11836
12674
11835
11836
12675
11838
11840
11852
12678
11839
11851
11840
11842
11841
12679
11842
11844
12682
11843
11844
12683
11846
11848
11860
12686
11847
11859
11848
11850
11849
12687
11850
11852
12690
11851
11852
12691
11854
11856
11868
12694
11855
11867
11856
11858
11857
12695
11858
11860
12698
11859
11860
12699
11862
11864
11876
12702
11863
11875
11864
11866
11865
12703
11866
11868
12706
11867
11868
12707
11870
11872
11884
12710
11871
11883
11872
11874
11873
12711
11874
11876
12714
11875
11876
12715
11878
11880
12447
12462
11879
12446
11880
11882
11881
12463
11882
11884
12718
11883
11884
12719
11886
11888
11900
12758
11887
11899
11888
11890
11889
12759
11890
11892
12762
11891
11892
12763
11894
11896
11908
12766
11895
11907
11896
11898
11897
12767
11898
11900
12770
11899
11900
12771
11902
11904
11916
12774
11903
11915
11904
11906
11905
12775
11906
11908
12778
11907
11908
12779
11910
11912
11924
12782
11911
11923
11912
11914
11913
12783
11914
11916
12786
11915
11916
12787
11918
11920
11932
12790
11919
11931
11920
11922
11921
12791
11922
11924
12794
11923
11924
12795
11926
11928
11940
12798
11927
11939
11928
11930
11929
12799
11930
11932
12802
11931
11932
12803
11934
11936
11948
12806
11935
11947
11936
11938
11937
12807
11938
11940
12810
11939
11940
12811
11942
11944
11956
12814
11943
11955
11944
11946
11945
12815
11946
11948
12818
11947
11948
12819
11950
11952
11964
12822
11951
11963
11952
11954
11953
12823
11954
11956
12826
11955
11956
12827
11958
11960
11972
12830
11959
11971
11960
11962
11961
12831
11962
11964
12834
11963
11964
12835
11966
11968
11980
12838
11967
11979
11968
11970
11969
12839
11970
11972
12842
11971
11972
12843
11974
11976
11984
12846
11975
11983
11976
11978
11977
12847
11978
11980
12850
11979
11980
12851
11982
11984
12858
11983
11984
12859
11986
11988
12440
12874
11987
12439
11988
11990
11989
12875
11990
11992
12878
11991
11992
12879
11994
11996
12000
12882
11995
11999
11996
12427
12426
12883
11998
12000
12886
11999
12000
12887
12002
12004
12012
12890
12003
12011
12004
12479
12478
12891
12006
12008
12020
12894
12007
12019
12008
12010
12009
12895
12010
12012
12898
12011
12012
12899
12014
12016
12028
12902
12015
12027
12016
12018
12017
12903
12018
12020
12906
12019
12020
12907
12022
12024
12036
12910
12023
12035
12024
12026
12025
12911
12026
12028
12914
12027
12028
12915
12030
12032
12044
12918
12031
12043
12032
12034
12033
12919
12034
12036
12922
12035
12036
12923
12038
12040
12052
12926
12039
12051
12040
12042
12041
12927
12042
12044
12930
12043
12044
12931
12046
12048
12060
12934
12047
12059
12048
12050
12049
12935
12050
12052
12938
12051
12052
12939
12054
12056
12068
12942
12055
12067
12056
12058
12057
12943
12058
12060
12946
12059
12060
12947
12062
12064
12076
12950
12063
12075
12064
12066
12065
12951
12066
12068
12954
12067
12068
12955
12070
12072
12084
12958
12071
12083
12072
12074
12073
12959
12074
12076
12962
12075
12076
12963
12078
12080
12092
12966
12079
12091
12080
12082
12081
12967
12082
12084
12970
12083
12084
12971
12086
12088
12100
12974
12087
12099
12088
12090
12089
12975
12090
12092
12978
12091
12092
12979
12094
12096
12108
12982
12095
12107
12096
12098
12097
12983
12098
12100
12986
12099
12100
12987
12102
12104
12116
12990
12103
12115
12104
12106
12105
12991
12106
12108
12994
12107
12108
12995
12110
12112
12124
12998
12111
12123
12112
12114
12113
12999
12114
12116
13002
12115
12116
13003
12118
12120
12132
13006
12119
12131
12120
12122
12121
13007
12122
12124
13010
12123
12124
13011
12126
12128
12140
13014
12127
12139
12128
12130
12129
13015
12130
12132
13018
12131
12132
13019
12134
12136
12148
13022
12135
12147
12136
12138
12137
13023
12138
12140
13026
12139
12140
13027
12142
12144
12156
13030
12143
12155
12144
12146
12145
13031
12146
12148
13034
12147
12148
13035
12150
12152
12164
13038
12151
12163
12152
12154
12153
13039
12154
12156
13042
12155
12156
13043
12158
12160
12172
13046
12159
12171
12160
12162
12161
13047
12162
12164
13050
12163
12164
13051
12166
12168
12180
13054
12167
12179
12168
12170
12169
13055
12170
12172
13058
12171
12172
13059
12174
12176
12196
13070
12175
12195
12176
12186
12185
13071
12178
12180
12184
13066
12179
12183
12180
13067
12182
12184
12188
13062
12183
12187
12184
13063
12186
12188
13074
12187
12188
13075
12190
12192
12204
13078
12191
12203
12192
12194
12193
13079
12194
12196
13082
12195
12196
13083
12198
12200
12212
13086
12199
12211
12200
12202
12201
13087
12202
12204
13090
12203
12204
13091
12206
12208
12220
13094
12207
12219
12208
12210
12209
13095
12210
12212
13098
12211
12212
13099
12214
12216
12228
13102
12215
12227
12216
12218
12217
13103
12218
12220
13106
12219
12220
13107
12222
12224
12236
13110
12223
12235
12224
12226
12225
13111
12226
12228
13114
12227
12228
13115
12230
12232
12244
13118
12231
12243
12232
12234
12233
13119
12234
12236
13122
12235
12236
13123
12238
12240
12252
13126
12239
12251
12240
12242
12241
13127
12242
12244
13130
12243
12244
13131
12246
12248
12260
13134
12247
12259
12248
12250
12249
13135
12250
12252
13138
12251
12252
13139
12254
12256
12268
13142
12255
12267
12256
12258
12257
13143
12258
12260
13146
12259
12260
13147
12262
12264
12276
13150
12263
12275
12264
12266
12265
13151
12266
12268
13154
12267
12268
13155
12270
12272
12284
13158
12271
12283
12272
12274
12273
13159
12274
12276
13162
12275
12276
13163
12278
12280
12292
13166
12279
12291
12280
12282
12281
13167
12282
12284
13170
12283
12284
13171
12286
12288
12300
13174
12287
12299
12288
12290
12289
13175
12290
12292
13178
12291
12292
13179
12294
12296
12302
12486
12295
12301
12296
12298
12297
12487
12298
12300
13182
12299
12300
13183
12302
12304
12311
12303
12491
12304
12490
13187
12312
13186
12306
12308
12320
13190
12307
12319
12308
12310
12309
13191
12310
12312
13194
12311
12312
13195
12314
12316
12328
13198
12315
12327
12316
12318
12317
13199
12318
12320
13202
12319
12320
13203
12322
12324
12336
13206
12323
12335
12324
12326
12325
13207
12326
12328
13210
12327
12328
13211
12330
12332
12344
13214
12331
12343
12332
12334
12333
13215
12334
12336
13218
12335
12336
13219
12338
12340
12352
13222
12339
12351
12340
12342
12341
13223
12342
12344
13226
12343
12344
13227
12346
12348
12360
13230
12347
12359
12348
12350
12349
13231
12350
12352
13234
12351
12352
13235
12354
12356
12368
13238
12355
12367
12356
12358
12357
13239
12358
12360
13242
12359
12360
13243
12362
12364
12376
13246
12363
12375
12364
12366
12365
13247
12366
12368
13250
12367
12368
13251
12370
12372
12384
13254
12371
12383
12372
12374
12373
13255
12374
12376
13258
12375
12376
13259
12378
12380
12392
13262
12379
12391
12380
12382
12381
13263
12382
12384
13266
12383
12384
13267
12386
12388
12400
13270
12387
12399
12388
12390
12389
13271
12390
12392
13274
12391
12392
13275
12394
12396
12408
13278
12395
12407
12396
12398
12397
13279
12398
12400
13282
12399
12400
13283
12402
12404
12416
13286
12403
12415
12404
12406
12405
13287
12406
12408
13290
12407
12408
13291
12410
12412
12444
13294
12411
12443
12412
12414
12413
13295
12414
12416
13298
12415
12416
13299
12418
12420
12423
12511
12419
12422
12420
12503
12502
12512
12422
12424
13399
12423
12424
12507
12506
13400
12426
12428
12517
13312
12427
13311
12428
12518
12430
12432
12547
12862
12431
12546
12432
12863
12434
12436
12553
13316
12435
13315
12436
12554
12438
12440
12588
13322
12439
12587
12440
13323
12442
12444
12747
13306
12443
12746
12444
13307
12446
12448
12574
12447
12448
12467
12466
12575
12450
12452
12880
13338
12451
12879
12452
13339
12454
12456
12885
13344
12455
13343
12456
12886
12458
12460
13314
13368
12459
13367
12460
13315
12462
12464
12468
13622
12463
12467
12464
12718
12717
13623
12466
12468
13320
13630
12467
13319
12468
13631
12470
12472
13340
13378
12471
13339
12472
13379
12474
12476
13342
13380
12475
13379
12476
13343
12478
12480
13348
13830
12479
13347
12480
13831
12482
12484
13352
13382
12483
13351
12484
13383
12486
12488
12492
14134
12487
12491
12488
13182
13181
14135
12490
12492
13356
14146
12491
13355
12492
14147
12494
12496
13366
13388
12495
13387
12496
13367
12498
12500
13384
13398
12499
13383
12500
13399
12502
12504
13386
13404
12503
13403
12504
13387
12506
12508
13390
14384
12507
14383
12508
12511
12510
13391
12510
12512
13396
13402
12511
13395
12512
13403
12514
12516
12520
13406
12515
12519
12516
12526
12525
13407
12518
12520
13410
12519
12520
13411
12522
12524
12528
13414
12523
12527
12524
12534
12533
13415
12526
12528
13418
12527
12528
13419
12530
12532
12536
13422
12531
12535
12532
12542
12541
13423
12534
12536
13426
12535
12536
13427
12538
12540
12544
13430
12539
12543
12540
12546
12545
13431
12542
12544
13434
12543
12544
13435
12546
12548
13438
12547
12548
12871
12870
13439
12550
12552
12556
13442
12551
12555
12552
12562
12561
13443
12554
12556
13446
12555
12556
13447
12558
12560
12564
13450
12559
12563
12560
12570
12569
13451
12562
12564
13454
12563
12564
13455
12566
12568
12572
13458
12567
12571
12568
12578
12577
13459
12570
12572
13462
12571
12572
13463
12574
12576
12580
13466
12575
12579
12576
13319
13318
13467
12578
12580
13470
12579
12580
13471
12582
12584
12596
13486
12583
12595
12584
12586
12585
13487
12586
12588
13490
12587
12588
13491
12590
12592
12604
13494
12591
12603
12592
12594
12593
13495
12594
12596
13498
12595
12596
13499
12598
12600
12612
13502
12599
12611
12600
12602
12601
13503
12602
12604
13506
12603
12604
13507
12606
12608
12620
13510
12607
12619
12608
12610
12609
13511
12610
12612
13514
12611
12612
13515
12614
12616
12628
13518
12615
12627
12616
12618
12617
13519
12618
12620
13522
12619
12620
13523
12622
12624
12636
13526
12623
12635
12624
12626
12625
13527
12626
12628
13530
12627
12628
13531
12630
12632
12644
13534
12631
12643
12632
12634
12633
13535
12634
12636
13538
12635
12636
13539
12638
12640
12652
13542
12639
12651
12640
12642
12641
13543
12642
12644
13546
12643
12644
13547
12646
12648
12660
13550
12647
12659
12648
12650
12649
13551
12650
12652
13554
12651
12652
13555
12654
12656
12668
13558
12655
12667
12656
12658
12657
13559
12658
12660
13562
12659
12660
13563
12662
12664
12676
13566
12663
12675
12664
12666
12665
13567
12666
12668
13570
12667
12668
13571
12670
12672
12684
13574
12671
12683
12672
12674
12673
13575
12674
12676
13578
12675
12676
13579
12678
12680
12692
13582
12679
12691
12680
12682
12681
13583
12682
12684
13586
12683
12684
13587
12686
12688
12700
13590
12687
12699
12688
12690
12689
13591
12690
12692
13594
12691
12692
13595
12694
12696
12708
13598
12695
12707
12696
12698
12697
13599
12698
12700
13602
12699
12700
13603
12702
12704
12716
13606
12703
12715
12704
12706
12705
13607
12706
12708
13610
12707
12708
13611
12710
12712
12720
13614
12711
12719
12712
12714
12713
13615
12714
12716
13618
12715
12716
13619
12718
12720
13626
12719
12720
13627
12722
12724
13364
13650
12723
12727
13363
12724
12726
12731
12730
13651
12726
12728
12744
13678
12727
12743
12728
13359
13358
13679
12730
12732
12734
13655
12731
13654
12732
12743
12735
12742
12734
12736
13326
13643
12735
13642
12736
12739
12738
13327
12738
12740
13332
13682
12739
13331
12740
12742
12741
13683
12742
12744
13674
12743
12744
13675
12746
12748
12756
13370
12747
12755
12748
13303
13302
13371
12750
12752
12764
13686
12751
12763
12752
12754
12753
13687
12754
12756
13690
12755
12756
13691
12758
12760
12772
13694
12759
12771
12760
12762
12761
13695
12762
12764
13698
12763
12764
13699
12766
12768
12780
13702
12767
12779
12768
12770
12769
13703
12770
12772
13706
12771
12772
13707
12774
12776
12788
13710
12775
12787
12776
12778
12777
13711
12778
12780
13714
12779
12780
13715
12782
12784
12796
13718
12783
12795
12784
12786
12785
13719
12786
12788
13722
12787
12788
13723
12790
12792
12804
13726
12791
12803
12792
12794
12793
13727
12794
12796
13730
12795
12796
13731
12798
12800
12812
13734
12799
12811
12800
12802
12801
13735
12802
12804
13738
12803
12804
13739
12806
12808
12820
13742
12807
12819
12808
12810
12809
13743
12810
12812
13746
12811
12812
13747
12814
12816
12828
13750
12815
12827
12816
12818
12817
13751
12818
12820
13754
12819
12820
13755
12822
12824
12836
13758
12823
12835
12824
12826
12825
13759
12826
12828
13762
12827
12828
13763
12830
12832
12844
13766
12831
12843
12832
12834
12833
13767
12834
12836
13770
12835
12836
13771
12838
12840
12852
13774
12839
12851
12840
12842
12841
13775
12842
12844
13778
12843
12844
13779
12846
12848
12860
13782
12847
12859
12848
12850
12849
13783
12850
12852
13786
12851
12852
13787
12854
12856
12868
13790
12855
12867
12856
12858
12857
13791
12858
12860
13794
12859
12860
13795
12862
12864
12872
13798
12863
12871
12864
12866
12865
13799
12866
12868
13802
12867
12868
13803
12870
12872
13806
12871
12872
13807
12874
12876
13324
13810
12875
13323
12876
12878
12877
13811
12878
12880
13814
12879
12880
13815
12882
12884
12888
13818
12883
12887
12884
13311
13310
13819
12886
12888
13822
12887
12888
13823
12890
12892
12900
13838
12891
12899
12892
13347
13346
13839
12894
12896
12908
13846
12895
12907
12896
12898
12897
13847
12898
12900
13850
12899
12900
13851
12902
12904
12916
13854
12903
12915
12904
12906
12905
13855
12906
12908
13858
12907
12908
13859
12910
12912
12924
13862
12911
12923
12912
12914
12913
13863
12914
12916
13866
12915
12916
13867
12918
12920
12932
13870
12919
12931
12920
12922
12921
13871
12922
12924
13874
12923
12924
13875
12926
12928
12940
13878
12927
12939
12928
12930
12929
13879
12930
12932
13882
12931
12932
13883
12934
12936
12948
13886
12935
12947
12936
12938
12937
13887
12938
12940
13890
12939
12940
13891
12942
12944
12956
13894
12943
12955
12944
12946
12945
13895
12946
12948
13898
12947
12948
13899
12950
12952
12964
13902
12951
12963
12952
12954
12953
13903
12954
12956
13906
12955
12956
13907
12958
12960
12972
13910
12959
12971
12960
12962
12961
13911
12962
12964
13914
12963
12964
13915
12966
12968
12980
13918
12967
12979
12968
12970
12969
13919
12970
12972
13922
12971
12972
13923
12974
12976
12988
13926
12975
12987
12976
12978
12977
13927
12978
12980
13930
12979
12980
13931
12982
12984
12996
13934
12983
12995
12984
12986
12985
13935
12986
12988
13938
12987
12988
13939
12990
12992
13004
13942
12991
13003
12992
12994
12993
13943
12994
12996
13946
12995
12996
13947
12998
13000
13012
13950
12999
13011
13000
13002
13001
13951
13002
13004
13954
13003
13004
13955
13006
13008
13020
13958
13007
13019
13008
13010
13009
13959
13010
13012
13962
13011
13012
13963
13014
13016
13028
13966
13015
13027
13016
13018
13017
13967
13018
13020
13970
13019
13020
13971
13022
13024
13036
13974
13023
13035
13024
13026
13025
13975
13026
13028
13978
13027
13028
13979
13030
13032
13044
13982
13031
13043
13032
13034
13033
13983
13034
13036
13986
13035
13036
13987
13038
13040
13052
13990
13039
13051
13040
13042
13041
13991
13042
13044
13994
13043
13044
13995
13046
13048
13060
13998
13047
13059
13048
13050
13049
13999
13050
13052
14002
13051
13052
14003
13054
13056
13068
14006
13055
13067
13056
13058
13057
14007
13058
13060
14010
13059
13060
14011
13062
13064
13076
14014
13063
13075
13064
13066
13065
14015
13066
13068
14018
13067
13068
14019
13070
13072
13084
14022
13071
13083
13072
13074
13073
14023
13074
13076
14026
13075
13076
14027
13078
13080
13092
14030
13079
13091
13080
13082
13081
14031
13082
13084
14034
13083
13084
14035
13086
13088
13100
14038
13087
13099
13088
13090
13089
14039
13090
13092
14042
13091
13092
14043
13094
13096
13108
14046
13095
13107
13096
13098
13097
14047
13098
13100
14050
13099
13100
14051
13102
13104
13116
14054
13103
13115
13104
13106
13105
14055
13106
13108
14058
13107
13108
14059
13110
13112
13124
14062
13111
13123
13112
13114
13113
14063
13114
13116
14066
13115
13116
14067
13118
13120
13132
14070
13119
13131
13120
13122
13121
14071
13122
13124
14074
13123
13124
14075
13126
13128
13140
14078
13127
13139
13128
13130
13129
14079
13130
13132
14082
13131
13132
14083
13134
13136
13148
14086
13135
13147
13136
13138
13137
14087
13138
13140
14090
13139
13140
14091
13142
13144
13156
14094
13143
13155
13144
13146
13145
14095
13146
13148
14098
13147
13148
14099
13150
13152
13164
14102
13151
13163
13152
13154
13153
14103
13154
13156
14106
13155
13156
14107
13158
13160
13172
14110
13159
13171
13160
13162
13161
14111
13162
13164
14114
13163
13164
14115
13166
13168
13180
14118
13167
13179
13168
13170
13169
14119
13170
13172
14122
13171
13172
14123
13174
13176
13184
14126
13175
13183
13176
13178
13177
14127
13178
13180
14130
13179
13180
14131
13182
13184
14138
13183
13184
14139
13186
13188
13196
14154
13187
13195
13188
13355
13354
14155
13190
13192
13204
14162
13191
13203
13192
13194
13193
14163
13194
13196
14166
13195
13196
14167
13198
13200
13212
14170
13199
13211
13200
13202
13201
14171
13202
13204
14174
13203
13204
14175
13206
13208
13220
14178
13207
13219
13208
13210
13209
14179
13210
13212
14182
13211
13212
14183
13214
13216
13228
14186
13215
13227
13216
13218
13217
14187
13218
13220
14190
13219
13220
14191
13222
13224
13236
14194
13223
13235
13224
13226
13225
14195
13226
13228
14198
13227
13228
14199
13230
13232
13244
14202
13231
13243
13232
13234
13233
14203
13234
13236
14206
13235
13236
14207
13238
13240
13252
14210
13239
13251
13240
13242
13241
14211
13242
13244
14214
13243
13244
14215
13246
13248
13260
14218
13247
13259
13248
13250
13249
14219
13250
13252
14222
13251
13252
14223
13254
13256
13268
14226
13255
13267
13256
13258
13257
14227
13258
13260
14230
13259
13260
14231
13262
13264
13276
14234
13263
13275
13264
13266
13265
14235
13266
13268
14238
13267
13268
14239
13270
13272
13284
14242
13271
13283
13272
13274
13273
14243
13274
13276
14246
13275
13276
14247
13278
13280
13292
14250
13279
13291
13280
13282
13281
14251
13282
13284
14254
13283
13284
14255
13286
13288
13300
14258
13287
13299
13288
13290
13289
14259
13290
13292
14262
13291
13292
14263
13294
13296
13308
14266
13295
13307
13296
13298
13297
14267
13298
13300
14270
13299
13300
14271
13302
13304
13376
14274
13303
13375
13304
13306
13305
14275
13306
13308
14278
13307
13308
14279
13310
13312
13409
14284
13311
14283
13312
13410
13314
13316
13445
14292
13315
14291
13316
13446
13318
13320
13474
13483
13319
13482
13320
13475
13322
13324
13492
14294
13323
13491
13324
14295
13326
13328
13634
13647
13327
13646
13328
13331
13330
13635
13330
13332
13658
13667
13331
13666
13332
13659
13334
13336
13805
14811
13335
14810
13336
13806
13338
13340
13816
14318
13339
13815
13340
14319
13342
13344
13821
14324
13343
14323
13344
13822
13346
13348
13826
13843
13347
13842
13348
13827
13350
13352
13832
14326
13351
13831
13352
14327
13354
13356
14142
14159
13355
14158
13356
14143
13358
13360
13671
14354
13359
13670
13360
13363
13362
14355
13362
13364
14286
14435
13363
14434
13364
14287
13366
13368
14290
14364
13367
14363
13368
14291
13370
13372
13692
14682
13371
13691
13372
13375
13374
14683
13374
13376
14298
14687
13375
14686
13376
14299
13378
13380
14320
14322
13379
14319
13380
14323
13382
13384
14328
14374
13383
14327
13384
14375
13386
13388
14362
14380
13387
14379
13388
14363
13390
13392
14366
15364
13391
15363
13392
13395
13394
14367
13394
13396
14372
14386
13395
14371
13396
14387
13398
13400
14376
14382
13399
14375
13400
14383
13402
13404
14378
14388
13403
14387
13404
14379
13406
13408
13412
14394
13407
13411
13408
13418
13417
14395
13410
13412
14398
13411
13412
14399
13414
13416
13420
14402
13415
13419
13416
13426
13425
14403
13418
13420
14406
13419
13420
14407
13422
13424
13428
14410
13423
13427
13424
13434
13433
14411
13426
13428
14414
13427
13428
14415
13430
13432
13436
14418
13431
13435
13432
13438
13437
14419
13434
13436
14422
13435
13436
14423
13438
13440
14426
13439
13440
14427
13442
13444
13448
14438
13443
13447
13444
13454
13453
14439
13446
13448
14442
13447
13448
14443
13450
13452
13456
14446
13451
13455
13452
13462
13461
14447
13454
13456
14450
13455
13456
14451
13458
13460
13464
14454
13459
13463
13460
13470
13469
14455
13462
13464
14458
13463
13464
14459
13466
13468
13472
14462
13467
13471
13468
13482
13481
14463
13470
13472
14466
13471
13472
14467
13474
13476
13479
14346
13475
13478
13476
13630
13629
14347
13478
13480
13484
14470
13479
13483
13480
14351
14350
14471
13482
13484
14474
13483
13484
14475
13486
13488
13500
14478
13487
13499
13488
13490
13489
14479
13490
13492
14482
13491
13492
14483
13494
13496
13508
14486
13495
13507
13496
13498
13497
14487
13498
13500
14490
13499
13500
14491
13502
13504
13516
14494
13503
13515
13504
13506
13505
14495
13506
13508
14498
13507
13508
14499
13510
13512
13524
14502
13511
13523
13512
13514
13513
14503
13514
13516
14506
13515
13516
14507
13518
13520
13532
14510
13519
13531
13520
13522
13521
14511
13522
13524
14514
13523
13524
14515
13526
13528
13540
14518
13527
13539
13528
13530
13529
14519
13530
13532
14522
13531
13532
14523
13534
13536
13548
14526
13535
13547
13536
13538
13537
14527
13538
13540
14530
13539
13540
14531
13542
13544
13556
14534
13543
13555
13544
13546
13545
14535
13546
13548
14538
13547
13548
14539
13550
13552
13564
14542
13551
13563
13552
13554
13553
14543
13554
13556
14546
13555
13556
14547
13558
13560
13572
14550
13559
13571
13560
13562
13561
14551
13562
13564
14554
13563
13564
14555
13566
13568
13580
14558
13567
13579
13568
13570
13569
14559
13570
13572
14562
13571
13572
14563
13574
13576
13588
14566
13575
13587
13576
13578
13577
14567
13578
13580
14570
13579
13580
14571
13582
13584
13596
14574
13583
13595
13584
13586
13585
14575
13586
13588
14578
13587
13588
14579
13590
13592
13604
14582
13591
13603
13592
13594
13593
14583
13594
13596
14586
13595
13596
14587
13598
13600
13612
14590
13599
13611
13600
13602
13601
14591
13602
13604
14594
13603
13604
14595
13606
13608
13620
14598
13607
13619
13608
13610
13609
14599
13610
13612
14602
13611
13612
14603
13614
13616
13628
14606
13615
13627
13616
13618
13617
14607
13618
13620
14610
13619
13620
14611
13622
13624
13632
14614
13623
13631
13624
13626
13625
14615
13626
13628
14618
13627
13628
14619
13630
13632
14622
13631
13632
14623
13634
13636
13639
14302
13635
13638
13636
13666
13665
14303
13638
13640
13648
14626
13639
13647
13640
14307
14306
14627
13642
13644
13656
14630
13643
13655
13644
13646
13645
14631
13646
13648
14634
13647
13648
14635
13650
13652
14288
14638
13651
14287
13652
13654
13653
14639
13654
13656
14642
13655
13656
14643
13658
13660
13663
14310
13659
13662
13660
13682
13681
14311
13662
13664
13668
14654
13663
13667
13664
14315
14314
14655
13666
13668
14658
13667
13668
14659
13670
13672
13680
14662
13671
13679
13672
14359
14358
14663
13674
13676
13684
14666
13675
13683
13676
13678
13677
14667
13678
13680
14670
13679
13680
14671
13682
13684
14674
13683
13684
14675
13686
13688
13700
14690
13687
13699
13688
13690
13689
14691
13690
13692
14694
13691
13692
14695
13694
13696
13708
14698
13695
13707
13696
13698
13697
14699
13698
13700
14702
13699
13700
14703
13702
13704
13716
14706
13703
13715
13704
13706
13705
14707
13706
13708
14710
13707
13708
14711
13710
13712
13724
14714
13711
13723
13712
13714
13713
14715
13714
13716
14718
13715
13716
14719
13718
13720
13732
14722
13719
13731
13720
13722
13721
14723
13722
13724
14726
13723
13724
14727
13726
13728
13740
14730
13727
13739
13728
13730
13729
14731
13730
13732
14734
13731
13732
14735
13734
13736
13748
14738
13735
13747
13736
13738
13737
14739
13738
13740
14742
13739
13740
14743
13742
13744
13756
14746
13743
13755
13744
13746
13745
14747
13746
13748
14750
13747
13748
14751
13750
13752
13764
14754
13751
13763
13752
13754
13753
14755
13754
13756
14758
13755
13756
14759
13758
13760
13772
14762
13759
13771
13760
13762
13761
14763
13762
13764
14766
13763
13764
14767
13766
13768
13780
14770
13767
13779
13768
13770
13769
14771
13770
13772
14774
13771
13772
14775
13774
13776
13788
14778
13775
13787
13776
13778
13777
14779
13778
13780
14782
13779
13780
14783
13782
13784
13796
14786
13783
13795
13784
13786
13785
14787
13786
13788
14790
13787
13788
14791
13790
13792
13804
14794
13791
13803
13792
13794
13793
14795
13794
13796
14798
13795
13796
14799
13798
13800
13808
14802
13799
13807
13800
13802
13801
14803
13802
13804
14806
13803
13804
14807
13806
13808
14814
13807
13808
14815
13810
13812
14296
14834
13811
14295
13812
13814
13813
14835
13814
13816
14838
13815
13816
14839
13818
13820
13824
14842
13819
13823
13820
14283
14282
14843
13822
13824
14846
13823
13824
14847
13826
13828
13835
14330
13827
13834
13828
13830
13829
14331
13830
13832
14850
13831
13832
14851
13834
13836
13844
14854
13835
13843
13836
14335
14334
14855
13838
13840
13852
14858
13839
13851
13840
13842
13841
14859
13842
13844
14862
13843
13844
14863
13846
13848
13860
14866
13847
13859
13848
13850
13849
14867
13850
13852
14870
13851
13852
14871
13854
13856
13868
14874
13855
13867
13856
13858
13857
14875
13858
13860
14878
13859
13860
14879
13862
13864
13876
14882
13863
13875
13864
13866
13865
14883
13866
13868
14886
13867
13868
14887
13870
13872
13884
14890
13871
13883
13872
13874
13873
14891
13874
13876
14894
13875
13876
14895
13878
13880
13892
14898
13879
13891
13880
13882
13881
14899
13882
13884
14902
13883
13884
14903
13886
13888
13900
14906
13887
13899
13888
13890
13889
14907
13890
13892
14910
13891
13892
14911
13894
13896
13908
14914
13895
13907
13896
13898
13897
14915
13898
13900
14918
13899
13900
14919
13902
13904
13916
14922
13903
13915
13904
13906
13905
14923
13906
13908
14926
13907
13908
14927
13910
13912
13924
14930
13911
13923
13912
13914
13913
14931
13914
13916
14934
13915
13916
14935
13918
13920
13932
14938
13919
13931
13920
13922
13921
14939
13922
13924
14942
13923
13924
14943
13926
13928
13940
14946
13927
13939
13928
13930
13929
14947
13930
13932
14950
13931
13932
14951
13934
13936
13948
14954
13935
13947
13936
13938
13937
14955
13938
13940
14958
13939
13940
14959
13942
13944
13956
14962
13943
13955
13944
13946
13945
14963
13946
13948
14966
13947
13948
14967
13950
13952
13964
14970
13951
13963
13952
13954
13953
14971
13954
13956
14974
13955
13956
14975
13958
13960
13972
14978
13959
13971
13960
13962
13961
14979
13962
13964
14982
13963
13964
14983
13966
13968
13980
14986
13967
13979
13968
13970
13969
14987
13970
13972
14990
13971
13972
14991
13974
13976
13988
14994
13975
13987
13976
13978
13977
14995
13978
13980
14998
13979
13980
14999
13982
13984
13996
15002
13983
13995
13984
13986
13985
15003
13986
13988
15006
13987
13988
15007
13990
13992
14004
15010
13991
14003
13992
13994
13993
15011
13994
13996
15014
13995
13996
15015
13998
14000
14012
15018
13999
14011
14000
14002
14001
15019
14002
14004
15022
14003
14004
15023
14006
14008
14020
15026
14007
14019
14008
14010
14009
15027
14010
14012
15030
14011
14012
15031
14014
14016
14028
15034
14015
14027
14016
14018
14017
15035
14018
14020
15038
14019
14020
15039
14022
14024
14036
15042
14023
14035
14024
14026
14025
15043
14026
14028
15046
14027
14028
15047
14030
14032
14044
15050
14031
14043
14032
14034
14033
15051
14034
14036
15054
14035
14036
15055
14038
14040
14052
15058
14039
14051
14040
14042
14041
15059
14042
14044
15062
14043
14044
15063
14046
14048
14060
15066
14047
14059
14048
14050
14049
15067
14050
14052
15070
14051
14052
15071
14054
14056
14068
15074
14055
14067
14056
14058
14057
15075
14058
14060
15078
14059
14060
15079
14062
14064
14076
15082
14063
14075
14064
14066
14065
15083
14066
14068
15086
14067
14068
15087
14070
14072
14084
15090
14071
14083
14072
14074
14073
15091
14074
14076
15094
14075
14076
15095
14078
14080
14092
15098
14079
14091
14080
14082
14081
15099
14082
14084
15102
14083
14084
15103
14086
14088
14100
15106
14087
14099
14088
14090
14089
15107
14090
14092
15110
14091
14092
15111
14094
14096
14108
15114
14095
14107
14096
14098
14097
15115
14098
14100
15118
14099
14100
15119
14102
14104
14116
15122
14103
14115
14104
14106
14105
15123
14106
14108
15126
14107
14108
15127
14110
14112
14124
15130
14111
14123
14112
14114
14113
15131
14114
14116
15134
14115
14116
15135
14118
14120
14132
15138
14119
14131
14120
14122
14121
15139
14122
14124
15142
14123
14124
15143
14126
14128
14140
15146
14127
14139
14128
14130
14129
15147
14130
14132
15150
14131
14132
15151
14134
14136
14148
15154
14135
14147
14136
14138
14137
15155
14138
14140
15158
14139
14140
15159
14142
14144
14151
14338
14143
14150
14144
14146
14145
14339
14146
14148
15162
14147
14148
15163
14150
14152
14160
15166
14151
14159
14152
14343
14342
15167
14154
14156
14168
15170
14155
14167
14156
14158
14157
15171
14158
14160
15174
14159
14160
15175
14162
14164
14176
15178
14163
14175
14164
14166
14165
15179
14166
14168
15182
14167
14168
15183
14170
14172
14184
15186
14171
14183
14172
14174
14173
15187
14174
14176
15190
14175
14176
15191
14178
14180
14192
15194
14179
14191
14180
14182
14181
15195
14182
14184
15198
14183
14184
15199
14186
14188
14200
15202
14187
14199
14188
14190
14189
15203
14190
14192
15206
14191
14192
15207
14194
14196
14208
15210
14195
14207
14196
14198
14197
15211
14198
14200
15214
14199
14200
15215
14202
14204
14216
15218
14203
14215
14204
14206
14205
15219
14206
14208
15222
14207
14208
15223
14210
14212
14224
15226
14211
14223
14212
14214
14213
15227
14214
14216
15230
14215
14216
15231
14218
14220
14232
15234
14219
14231
14220
14222
14221
15235
14222
14224
15238
14223
14224
15239
14226
14228
14240
15242
14227
14239
14228
14230
14229
15243
14230
14232
15246
14231
14232
15247
14234
14236
14248
15250
14235
14247
14236
14238
14237
15251
14238
14240
15254
14239
14240
15255
14242
14244
14256
15258
14243
14255
14244
14246
14245
15259
14246
14248
15262
14247
14248
15263
14250
14252
14264
15266
14251
14263
14252
14254
14253
15267
14254
14256
15270
14255
14256
15271
14258
14260
14272
15274
14259
14271
14260
14262
14261
15275
14262
14264
15278
14263
14264
15279
14266
14268
14280
15282
14267
14279
14268
14270
14269
15283
14270
14272
15286
14271
14272
15287
14274
14276
14300
15290
14275
14299
14276
14278
14277
15291
14278
14280
15294
14279
14280
15295
14282
14284
14397
15320
14283
15319
14284
14398
14286
14288
14431
14650
14287
14430
14288
14651
14290
14292
14441
15328
14291
15327
14292
14442
14294
14296
14484
15338
14295
14483
14296
15339
14298
14300
14679
15302
14299
14678
14300
15303
14302
14304
14308
16150
14303
14307
14304
14658
14657
16151
14306
14308
14820
16162
14307
14819
14308
16163
14310
14312
14316
16186
14311
14315
14312
14674
14673
16187
14314
14316
14824
16198
14315
14823
14316
16199
14318
14320
14840
15342
14319
14839
14320
15343
14322
14324
14845
15344
14323
15343
14324
14846
14326
14328
14852
15346
14327
14851
14328
15347
14330
14332
14336
16358
14331
14335
14332
14850
14849
16359
14334
14336
15308
16370
14335
15307
14336
16371
14338
14340
14344
16678
14339
14343
14340
15162
15161
16679
14342
14344
15312
16690
14343
15311
14344
16691
14346
14348
14352
16110
14347
14351
14348
14622
14621
16111
14350
14352
15316
16122
14351
15315
14352
16123
14354
14356
14360
15482
14355
14359
14356
14434
14433
15483
14358
14360
15324
15490
14359
15323
14360
15491
14362
14364
15326
15360
14363
15359
14364
15327
14366
14368
15330
16856
14367
16855
14368
14371
14370
15331
14370
14372
15336
15366
14371
15335
14372
15367
14374
14376
15348
15406
14375
15347
14376
15407
14378
14380
15358
15428
14379
15427
14380
15359
14382
14384
15362
15408
14383
15407
14384
15363
14386
14388
15368
15426
14387
15367
14388
15427
14390
14392
14427
23565
14391
23205
14392
15471
14428
15470
14394
14396
14400
15438
14395
14399
14396
14406
14405
15439
14398
14400
15442
14399
14400
15443
14402
14404
14408
15446
14403
14407
14404
14414
14413
15447
14406
14408
15450
14407
14408
15451
14410
14412
14416
15454
14411
14415
14412
14422
14421
15455
14414
14416
15458
14415
14416
15459
14418
14420
14424
15462
14419
14423
14420
14426
14425
15463
14422
14424
15466
14423
14424
15467
14426
14428
15474
14427
14428
15475
14430
14432
14436
15350
14431
14435
14432
14647
14646
15351
14434
14436
15494
14435
14436
15495
14438
14440
14444
15498
14439
14443
14440
14450
14449
15499
14442
14444
15502
14443
14444
15503
14446
14448
14452
15506
14447
14451
14448
14458
14457
15507
14450
14452
15510
14451
14452
15511
14454
14456
14460
15514
14455
14459
14456
14466
14465
15515
14458
14460
15518
14459
14460
15519
14462
14464
14468
15522
14463
14467
14464
14474
14473
15523
14466
14468
15526
14467
14468
15527
14470
14472
14476
15434
14471
14475
14472
15315
15314
15435
14474
14476
15530
14475
14476
15531
14478
14480
14492
15966
14479
14491
14480
14482
14481
15967
14482
14484
15970
14483
14484
15971
14486
14488
14500
15974
14487
14499
14488
14490
14489
15975
14490
14492
15978
14491
14492
15979
14494
14496
14508
15982
14495
14507
14496
14498
14497
15983
14498
14500
15986
14499
14500
15987
14502
14504
14516
15990
14503
14515
14504
14506
14505
15991
14506
14508
15994
14507
14508
15995
14510
14512
14524
15998
14511
14523
14512
14514
14513
15999
14514
14516
16002
14515
14516
16003
14518
14520
14532
16006
14519
14531
14520
14522
14521
16007
14522
14524
16010
14523
14524
16011
14526
14528
14540
16014
14527
14539
14528
14530
14529
16015
14530
14532
16018
14531
14532
16019
14534
14536
14548
16022
14535
14547
14536
14538
14537
16023
14538
14540
16026
14539
14540
16027
14542
14544
14556
16030
14543
14555
14544
14546
14545
16031
14546
14548
16034
14547
14548
16035
14550
14552
14564
16038
14551
14563
14552
14554
14553
16039
14554
14556
16042
14555
14556
16043
14558
14560
14572
16046
14559
14571
14560
14562
14561
16047
14562
14564
16050
14563
14564
16051
14566
14568
14580
16054
14567
14579
14568
14570
14569
16055
14570
14572
16058
14571
14572
16059
14574
14576
14588
16062
14575
14587
14576
14578
14577
16063
14578
14580
16066
14579
14580
16067
14582
14584
14596
16070
14583
14595
14584
14586
14585
16071
14586
14588
16074
14587
14588
16075
14590
14592
14604
16078
14591
14603
14592
14594
14593
16079
14594
14596
16082
14595
14596
16083
14598
14600
14612
16086
14599
14611
14600
14602
14601
16087
14602
14604
16090
14603
14604
16091
14606
14608
14620
16094
14607
14619
14608
14610
14609
16095
14610
14612
16098
14611
14612
16099
14614
14616
14624
16102
14615
14623
14616
14618
14617
16103
14618
14620
16106
14619
14620
16107
14622
14624
16114
14623
14624
16115
14626
14628
14636
15370
14627
14635
14628
14819
14818
15371
14630
14632
14644
16126
14631
14643
14632
14634
14633
16127
14634
14636
16130
14635
14636
16131
14638
14640
14652
16134
14639
14651
14640
14642
14641
16135
14642
14644
16138
14643
14644
16139
14646
14648
15356
16142
14647
15355
14648
14650
14649
16143
14650
14652
16146
14651
14652
16147
14654
14656
14660
15378
14655
14659
14656
14823
14822
15379
14658
14660
16154
14659
14660
16155
14662
14664
14672
16170
14663
14671
14664
15323
15322
16171
14666
14668
14676
16178
14667
14675
14668
14670
14669
16179
14670
14672
16182
14671
14672
16183
14674
14676
16190
14675
14676
16191
14678
14680
14688
15386
14679
14687
14680
15299
15298
15387
14682
14684
14696
16202
14683
14695
14684
14686
14685
16203
14686
14688
16206
14687
14688
16207
14690
14692
14704
16210
14691
14703
14692
14694
14693
16211
14694
14696
16214
14695
14696
16215
14698
14700
14712
16218
14699
14711
14700
14702
14701
16219
14702
14704
16222
14703
14704
16223
14706
14708
14720
16226
14707
14719
14708
14710
14709
16227
14710
14712
16230
14711
14712
16231
14714
14716
14728
16234
14715
14727
14716
14718
14717
16235
14718
14720
16238
14719
14720
16239
14722
14724
14736
16242
14723
14735
14724
14726
14725
16243
14726
14728
16246
14727
14728
16247
14730
14732
14744
16250
14731
14743
14732
14734
14733
16251
14734
14736
16254
14735
14736
16255
14738
14740
14752
16258
14739
14751
14740
14742
14741
16259
14742
14744
16262
14743
14744
16263
14746
14748
14760
16266
14747
14759
14748
14750
14749
16267
14750
14752
16270
14751
14752
16271
14754
14756
14768
16274
14755
14767
14756
14758
14757
16275
14758
14760
16278
14759
14760
16279
14762
14764
14776
16282
14763
14775
14764
14766
14765
16283
14766
14768
16286
14767
14768
16287
14770
14772
14784
16290
14771
14783
14772
14774
14773
16291
14774
14776
16294
14775
14776
16295
14778
14780
14792
16298
14779
14791
14780
14782
14781
16299
14782
14784
16302
14783
14784
16303
14786
14788
14800
16306
14787
14799
14788
14790
14789
16307
14790
14792
16310
14791
14792
16311
14794
14796
14808
16314
14795
14807
14796
14798
14797
16315
14798
14800
16318
14799
14800
16319
14802
14804
14816
16322
14803
14815
14804
14806
14805
16323
14806
14808
16326
14807
14808
16327
14810
14812
14832
16330
14811
14831
14812
14814
14813
16331
14814
14816
16334
14815
14816
16335
14818
14820
15376
16158
14819
15375
14820
16159
14822
14824
15384
16194
14823
15383
14824
16195
14826
14828
15394
15399
14827
15398
14828
14830
14829
15395
14830
14832
16338
14831
14832
16339
14834
14836
15340
16342
14835
15339
14836
14838
14837
16343
14838
14840
16346
14839
14840
16347
14842
14844
14848
16350
14843
14847
14844
15319
15318
16351
14846
14848
16354
14847
14848
16355
14850
14852
16362
14851
14852
16363
14854
14856
14864
15410
14855
14863
14856
15307
15306
15411
14858
14860
14872
16374
14859
14871
14860
14862
14861
16375
14862
14864
16378
14863
14864
16379
14866
14868
14880
16382
14867
14879
14868
14870
14869
16383
14870
14872
16386
14871
14872
16387
14874
14876
14888
16390
14875
14887
14876
14878
14877
16391
14878
14880
16394
14879
14880
16395
14882
14884
14896
16398
14883
14895
14884
14886
14885
16399
14886
14888
16402
14887
14888
16403
14890
14892
14904
16406
14891
14903
14892
14894
14893
16407
14894
14896
16410
14895
14896
16411
14898
14900
14912
16414
14899
14911
14900
14902
14901
16415
14902
14904
16418
14903
14904
16419
14906
14908
14920
16422
14907
14919
14908
14910
14909
16423
14910
14912
16426
14911
14912
16427
14914
14916
14928
16430
14915
14927
14916
14918
14917
16431
14918
14920
16434
14919
14920
16435
14922
14924
14936
16438
14923
14935
14924
14926
14925
16439
14926
14928
16442
14927
14928
16443
14930
14932
14944
16446
14931
14943
14932
14934
14933
16447
14934
14936
16450
14935
14936
16451
14938
14940
14952
16454
14939
14951
14940
14942
14941
16455
14942
14944
16458
14943
14944
16459
14946
14948
14960
16462
14947
14959
14948
14950
14949
16463
14950
14952
16466
14951
14952
16467
14954
14956
14968
16470
14955
14967
14956
14958
14957
16471
14958
14960
16474
14959
14960
16475
14962
14964
14976
16478
14963
14975
14964
14966
14965
16479
14966
14968
16482
14967
14968
16483
14970
14972
14984
16486
14971
14983
14972
14974
14973
16487
14974
14976
16490
14975
14976
16491
14978
14980
14992
16494
14979
14991
14980
14982
14981
16495
14982
14984
16498
14983
14984
16499
14986
14988
15000
16502
14987
14999
14988
14990
14989
16503
14990
14992
16506
14991
14992
16507
14994
14996
15008
16510
14995
15007
14996
14998
14997
16511
14998
15000
16514
14999
15000
16515
15002
15004
15016
16518
15003
15015
15004
15006
15005
16519
15006
15008
16522
15007
15008
16523
15010
15012
15024
16526
15011
15023
15012
15014
15013
16527
15014
15016
16530
15015
15016
16531
15018
15020
15032
16534
15019
15031
15020
15022
15021
16535
15022
15024
16538
15023
15024
16539
15026
15028
15040
16542
15027
15039
15028
15030
15029
16543
15030
15032
16546
15031
15032
16547
15034
15036
15048
16550
15035
15047
15036
15038
15037
16551
15038
15040
16554
15039
15040
16555
15042
15044
15056
16558
15043
15055
15044
15046
15045
16559
15046
15048
16562
15047
15048
16563
15050
15052
15064
16566
15051
15063
15052
15054
15053
16567
15054
15056
16570
15055
15056
16571
15058
15060
15072
16574
15059
15071
15060
15062
15061
16575
15062
15064
16578
15063
15064
16579
15066
15068
15080
16582
15067
15079
15068
15070
15069
16583
15070
15072
16586
15071
15072
16587
15074
15076
15088
16590
15075
15087
15076
15078
15077
16591
15078
15080
16594
15079
15080
16595
15082
15084
15096
16598
15083
15095
15084
15086
15085
16599
15086
15088
16602
15087
15088
16603
15090
15092
15104
16606
15091
15103
15092
15094
15093
16607
15094
15096
16610
15095
15096
16611
15098
15100
15112
16614
15099
15111
15100
15102
15101
16615
15102
15104
16618
15103
15104
16619
15106
15108
15120
16622
15107
15119
15108
15110
15109
16623
15110
15112
16626
15111
15112
16627
15114
15116
15128
16630
15115
15127
15116
15118
15117
16631
15118
15120
16634
15119
15120
16635
15122
15124
15136
16638
15123
15135
15124
15126
15125
16639
15126
15128
16642
15127
15128
16643
15130
15132
15144
16646
15131
15143
15132
15134
15133
16647
15134
15136
16650
15135
15136
16651
15138
15140
15152
16654
15139
15151
15140
15142
15141
16655
15142
15144
16658
15143
15144
16659
15146
15148
15160
16662
15147
15159
15148
15150
15149
16663
15150
15152
16666
15151
15152
16667
15154
15156
15164
16670
15155
15163
15156
15158
15157
16671
15158
15160
16674
15159
15160
16675
15162
15164
16682
15163
15164
16683
15166
15168
15176
15418
15167
15175
15168
15311
15310
15419
15170
15172
15184
16694
15171
15183
15172
15174
15173
16695
15174
15176
16698
15175
15176
16699
15178
15180
15192
16702
15179
15191
15180
15182
15181
16703
15182
15184
16706
15183
15184
16707
15186
15188
15200
16710
15187
15199
15188
15190
15189
16711
15190
15192
16714
15191
15192
16715
15194
15196
15208
16718
15195
15207
15196
15198
15197
16719
15198
15200
16722
15199
15200
16723
15202
15204
15216
16726
15203
15215
15204
15206
15205
16727
15206
15208
16730
15207
15208
16731
15210
15212
15224
16734
15211
15223
15212
15214
15213
16735
15214
15216
16738
15215
15216
16739
15218
15220
15232
16742
15219
15231
15220
15222
15221
16743
15222
15224
16746
15223
15224
16747
15226
15228
15240
16750
15227
15239
15228
15230
15229
16751
15230
15232
16754
15231
15232
16755
15234
15236
15248
16758
15235
15247
15236
15238
15237
16759
15238
15240
16762
15239
15240
16763
15242
15244
15256
16766
15243
15255
15244
15246
15245
16767
15246
15248
16770
15247
15248
16771
15250
15252
15264
16774
15251
15263
15252
15254
15253
16775
15254
15256
16778
15255
15256
16779
15258
15260
15272
16782
15259
15271
15260
15262
15261
16783
15262
15264
16786
15263
15264
16787
15266
15268
15280
16790
15267
15279
15268
15270
15269
16791
15270
15272
16794
15271
15272
16795
15274
15276
15288
16798
15275
15287
15276
15278
15277
16799
15278
15280
16802
15279
15280
16803
15282
15284
15296
16806
15283
15295
15284
15286
15285
16807
15286
15288
16810
15287
15288
16811
15290
15292
15304
16814
15291
15303
15292
15294
15293
16815
15294
15296
16818
15295
15296
16819
15298
15300
15392
16822
15299
15391
15300
15302
15301
16823
15302
15304
16826
15303
15304
16827
15306
15308
15416
16366
15307
15415
15308
16367
15310
15312
15424
16686
15311
15423
15312
16687
15314
15316
15431
16118
15315
15430
15316
16119
15318
15320
15441
16848
15319
16847
15320
15442
15322
15324
15486
16175
15323
16174
15324
15487
15326
15328
15501
16852
15327
16851
15328
15502
15330
15332
15538
17067
15331
17066
15332
15335
15334
15539
15334
15336
15720
16858
15335
15719
15336
16859
15338
15340
15972
16862
15339
15971
15340
16863
15342
15344
16348
16353
15343
16347
15344
16354
15346
15348
16364
16894
15347
16363
15348
16895
15350
15352
15496
17010
15351
15495
15352
15355
15354
17011
15354
15356
16829
17023
15355
17022
15356
16830
15358
15360
16850
16916
15359
16915
15360
16851
15362
15364
16854
16920
15363
16919
15364
16855
15366
15368
16860
16938
15367
16859
15368
16939
15370
15372
16132
17674
15371
16131
15372
15375
15374
17675
15374
15376
16866
17679
15375
17678
15376
16867
15378
15380
16156
17714
15379
16155
15380
15383
15382
17715
15382
15384
16870
17719
15383
17718
15384
16871
15386
15388
16208
17778
15387
16207
15388
15391
15390
17779
15390
15392
16874
17783
15391
17782
15392
16875
15394
15396
15404
17922
15395
15403
15396
16338
16337
17923
15398
15400
15480
16878
15399
15479
15400
15403
15402
16879
15402
15404
16884
17934
15403
16883
15404
17935
15406
15408
16896
16918
15407
16895
15408
16919
15410
15412
16380
18218
15411
16379
15412
15415
15414
18219
15414
15416
16898
18223
15415
18222
15416
16899
15418
15420
16700
18554
15419
16699
15420
15423
15422
18555
15422
15424
16902
18559
15423
18558
15424
16903
15426
15428
16914
16940
15427
16939
15428
16915
15430
15432
15436
16891
15431
15435
15432
16834
16833
16892
15434
15436
15532
16886
15435
15531
15436
16887
15438
15440
15444
16958
15439
15443
15440
15450
15449
16959
15442
15444
16962
15443
15444
16963
15446
15448
15452
16966
15447
15451
15448
15458
15457
16967
15450
15452
16970
15451
15452
16971
15454
15456
15460
16974
15455
15459
15456
15466
15465
16975
15458
15460
16978
15459
15460
16979
15462
15464
15468
16982
15463
15467
15464
15474
15473
16983
15466
15468
16986
15467
15468
16987
15470
15472
15476
16990
15471
15475
15472
15478
15477
16991
15474
15476
16994
15475
15476
16995
15478
15480
16998
15479
15480
16999
15482
15484
15492
17002
15483
15491
15484
15494
15493
17003
15486
15488
16167
16906
15487
16166
15488
15490
15489
16907
15490
15492
17006
15491
15492
17007
15494
15496
17014
15495
15496
17015
15498
15500
15504
17026
15499
15503
15500
15510
15509
17027
15502
15504
17030
15503
15504
17031
15506
15508
15512
17034
15507
15511
15508
15518
15517
17035
15510
15512
17038
15511
15512
17039
15514
15516
15520
17042
15515
15519
15516
15526
15525
17043
15518
15520
17046
15519
15520
17047
15522
15524
15528
17050
15523
15527
15524
15530
15529
17051
15526
15528
17054
15527
15528
17055
15530
15532
17058
15531
15532
17059
15534
15536
15679
15863
15535
15862
23554
15536
17207
23553
15680
17206
15538
15540
15542
17063
15539
17062
15540
15719
15543
15718
15542
15544
15546
17075
15543
17074
15544
15715
15547
15714
15546
15548
15550
17071
15547
17070
15548
15727
15551
15726
15550
15552
15554
17083
15551
17082
15552
15723
15555
15722
15554
15556
15558
17079
15555
17078
15556
15735
15559
15734
15558
15560
15562
17091
15559
17090
15560
15731
15563
15730
15562
15564
15566
17087
15563
17086
15564
15743
15567
15742
15566
15568
15570
17099
15567
17098
15568
15739
15571
15738
15570
15572
15574
17095
15571
17094
15572
15751
15575
15750
15574
15576
15578
17107
15575
17106
15576
15747
15579
15746
15578
15580
15582
17103
15579
17102
15580
15759
15583
15758
15582
15584
15586
17115
15583
17114
15584
15755
15587
15754
15586
15588
15590
17111
15587
17110
15588
15767
15591
15766
15590
15592
15594
17123
15591
17122
15592
15763
15595
15762
15594
15596
15598
17119
15595
17118
15596
15775
15599
15774
15598
15600
15602
17131
15599
17130
15600
15771
15603
15770
15602
15604
15606
17127
15603
17126
15604
15783
15607
15782
15606
15608
15610
17139
15607
17138
15608
15779
15611
15778
15610
15612
15614
17135
15611
17134
15612
15791
15615
15790
15614
15616
15618
17147
15615
17146
15616
15787
15619
15786
15618
15620
15622
17143
15619
17142
15620
15799
15623
15798
15622
15624
15626
17155
15623
17154
15624
15795
15627
15794
15626
15628
15630
17151
15627
17150
15628
15807
15631
15806
15630
15632
15634
17163
15631
17162
15632
15803
15635
15802
15634
15636
15638
17159
15635
17158
15636
15815
15639
15814
15638
15640
15642
17171
15639
17170
15640
15811
15643
15810
15642
15644
15646
17167
15643
17166
15644
15823
15647
15822
15646
15648
15650
17179
15647
17178
15648
15819
15651
15818
15650
15652
15654
17175
15651
17174
15652
15831
15655
15830
15654
15656
15658
17187
15655
17186
15656
15827
15659
15826
15658
15660
15662
17183
15659
17182
15660
15839
15663
15838
15662
15664
15666
17195
15663
17194
15664
15835
15667
15834
15666
15668
15670
17191
15667
17190
15668
15847
15671
15846
15670
15672
15674
17203
15671
17202
15672
15843
15675
15842
15674
15676
15677
17199
15675
17198
15676
15855
15678
15854
15678
15680
17210
15679
15851
15680
15850
17211
15682
15684
15686
17215
15683
17214
23211
15684
15859
23554
15687
15858
15686
15688
15690
17227
15687
17226
15688
15871
15691
15870
15690
15692
15694
17223
15691
17222
15692
15867
15695
15866
15694
15696
15698
17235
15695
17234
15696
15879
15699
15878
15698
15700
15702
17231
15699
17230
15700
15875
15703
15874
15702
15704
15706
17243
15703
17242
15704
15887
15707
15886
15706
15708
15709
17239
15707
17238
15708
15883
15710
15882
15710
15712
17250
15711
15899
15712
15898
23552
17251
23551
15714
15716
15728
17294
15715
15727
15716
15718
15717
17295
15718
15720
17298
15719
15720
17299
15722
15724
15736
17302
15723
15735
15724
15726
15725
17303
15726
15728
17306
15727
15728
17307
15730
15732
15744
17310
15731
15743
15732
15734
15733
17311
15734
15736
17314
15735
15736
17315
15738
15740
15752
17318
15739
15751
15740
15742
15741
17319
15742
15744
17322
15743
15744
17323
15746
15748
15760
17326
15747
15759
15748
15750
15749
17327
15750
15752
17330
15751
15752
17331
15754
15756
15768
17334
15755
15767
15756
15758
15757
17335
15758
15760
17338
15759
15760
17339
15762
15764
15776
17342
15763
15775
15764
15766
15765
17343
15766
15768
17346
15767
15768
17347
15770
15772
15784
17350
15771
15783
15772
15774
15773
17351
15774
15776
17354
15775
15776
17355
15778
15780
15792
17358
15779
15791
15780
15782
15781
17359
15782
15784
17362
15783
15784
17363
15786
15788
15800
17366
15787
15799
15788
15790
15789
17367
15790
15792
17370
15791
15792
17371
15794
15796
15808
17374
15795
15807
15796
15798
15797
17375
15798
15800
17378
15799
15800
17379
15802
15804
15816
17382
15803
15815
15804
15806
15805
17383
15806
15808
17386
15807
15808
17387
15810
15812
15824
17390
15811
15823
15812
15814
15813
17391
15814
15816
17394
15815
15816
17395
15818
15820
15832
17398
15819
15831
15820
15822
15821
17399
15822
15824
17402
15823
15824
17403
15826
15828
15840
17406
15827
15839
15828
15830
15829
17407
15830
15832
17410
15831
15832
17411
15834
15836
15848
17414
15835
15847
15836
15838
15837
17415
15838
15840
17418
15839
15840
17419
15842
15844
15856
17422
15843
15855
15844
15846
15845
17423
15846
15848
17426
15847
15848
17427
15850
15852
15864
17430
15851
15863
15852
15854
15853
17431
15854
15856
17434
15855
15856
17435
15858
15860
15872
17438
15859
15871
15860
15862
15861
17439
15862
15864
17442
15863
15864
17443
15866
15868
15880
17446
15867
15879
15868
15870
15869
17447
15870
15872
17450
15871
15872
17451
15874
15876
15888
17454
15875
15887
15876
15878
15877
17455
15878
15880
17458
15879
15880
17459
15882
15884
15900
17462
15883
15899
15884
15886
15885
17463
15886
15888
17466
15887
15888
17467
15890
15892
15902
17259
15891
17258
23212
15892
15895
23552
15894
15903
15894
15896
15916
17470
15895
15915
15896
15898
15897
17471
15898
15900
17474
15899
15900
17475
15902
15904
15906
17255
15903
17254
15904
15915
15907
15914
15906
15908
15918
17267
15907
17266
15908
15911
15910
15919
15910
15912
15932
17478
15911
15931
15912
15914
15913
17479
15914
15916
17482
15915
15916
17483
15918
15920
15922
17263
15919
17262
15920
15931
15923
15930
15922
15924
15934
17275
15923
17274
15924
15927
15926
15935
15926
15928
15948
17486
15927
15947
15928
15930
15929
17487
15930
15932
17490
15931
15932
17491
15934
15936
15938
17271
15935
17270
15936
15947
15939
15946
15938
15940
15950
17283
15939
17282
15940
15943
15942
15951
15942
15944
15964
17494
15943
15963
15944
15946
15945
17495
15946
15948
17498
15947
15948
17499
15950
15952
15954
17279
15951
17278
15952
15963
15955
15962
15954
15956
16841
17291
15955
17290
15956
15959
15958
16842
15958
15960
16839
16942
15959
16838
15960
15962
15961
16943
15962
15964
17502
15963
15964
17503
15966
15968
15980
17506
15967
15979
15968
15970
15969
17507
15970
15972
17510
15971
15972
17511
15974
15976
15988
17514
15975
15987
15976
15978
15977
17515
15978
15980
17518
15979
15980
17519
15982
15984
15996
17522
15983
15995
15984
15986
15985
17523
15986
15988
17526
15987
15988
17527
15990
15992
16004
17530
15991
16003
15992
15994
15993
17531
15994
15996
17534
15995
15996
17535
15998
16000
16012
17538
15999
16011
16000
16002
16001
17539
16002
16004
17542
16003
16004
17543
16006
16008
16020
17546
16007
16019
16008
16010
16009
17547
16010
16012
17550
16011
16012
17551
16014
16016
16028
17554
16015
16027
16016
16018
16017
17555
16018
16020
17558
16019
16020
17559
16022
16024
16036
17562
16023
16035
16024
16026
16025
17563
16026
16028
17566
16027
16028
17567
16030
16032
16044
17570
16031
16043
16032
16034
16033
17571
16034
16036
17574
16035
16036
17575
16038
16040
16052
17578
16039
16051
16040
16042
16041
17579
16042
16044
17582
16043
16044
17583
16046
16048
16060
17586
16047
16059
16048
16050
16049
17587
16050
16052
17590
16051
16052
17591
16054
16056
16068
17594
16055
16067
16056
16058
16057
17595
16058
16060
17598
16059
16060
17599
16062
16064
16076
17602
16063
16075
16064
16066
16065
17603
16066
16068
17606
16067
16068
17607
16070
16072
16084
17610
16071
16083
16072
16074
16073
17611
16074
16076
17614
16075
16076
17615
16078
16080
16092
17618
16079
16091
16080
16082
16081
17619
16082
16084
17622
16083
16084
17623
16086
16088
16100
17626
16087
16099
16088
16090
16089
17627
16090
16092
17630
16091
16092
17631
16094
16096
16108
17634
16095
16107
16096
16098
16097
17635
16098
16100
17638
16099
16100
17639
16102
16104
16116
17642
16103
16115
16104
16106
16105
17643
16106
16108
17646
16107
16108
17647
16110
16112
16124
17650
16111
16123
16112
16114
16113
17651
16114
16116
17654
16115
16116
17655
16118
16120
16835
16930
16119
16834
16120
16122
16121
16931
16122
16124
17658
16123
16124
17659
16126
16128
16140
17682
16127
16139
16128
16130
16129
17683
16130
16132
17686
16131
16132
17687
16134
16136
16148
17690
16135
16147
16136
16138
16137
17691
16138
16140
17694
16139
16140
17695
16142
16144
16831
16922
16143
16830
16144
16146
16145
16923
16146
16148
17698
16147
16148
17699
16150
16152
16164
17722
16151
16163
16152
16154
16153
17723
16154
16156
17726
16155
16156
17727
16158
16160
16868
17662
16159
16867
16160
16162
16161
17663
16162
16164
17730
16163
16164
17731
16166
16168
16176
17734
16167
16175
16168
16911
16910
17735
16170
16172
16184
17738
16171
16183
16172
16174
16173
17739
16174
16176
17742
16175
16176
17743
16178
16180
16192
17746
16179
16191
16180
16182
16181
17747
16182
16184
17750
16183
16184
17751
16186
16188
16200
17754
16187
16199
16188
16190
16189
17755
16190
16192
17758
16191
16192
17759
16194
16196
16872
17702
16195
16871
16196
16198
16197
17703
16198
16200
17762
16199
16200
17763
16202
16204
16216
17786
16203
16215
16204
16206
16205
17787
16206
16208
17790
16207
16208
17791
16210
16212
16224
17794
16211
16223
16212
16214
16213
17795
16214
16216
17798
16215
16216
17799
16218
16220
16232
17802
16219
16231
16220
16222
16221
17803
16222
16224
17806
16223
16224
17807
16226
16228
16240
17810
16227
16239
16228
16230
16229
17811
16230
16232
17814
16231
16232
17815
16234
16236
16248
17818
16235
16247
16236
16238
16237
17819
16238
16240
17822
16239
16240
17823
16242
16244
16256
17826
16243
16255
16244
16246
16245
17827
16246
16248
17830
16247
16248
17831
16250
16252
16264
17834
16251
16263
16252
16254
16253
17835
16254
16256
17838
16255
16256
17839
16258
16260
16272
17842
16259
16271
16260
16262
16261
17843
16262
16264
17846
16263
16264
17847
16266
16268
16280
17850
16267
16279
16268
16270
16269
17851
16270
16272
17854
16271
16272
17855
16274
16276
16288
17858
16275
16287
16276
16278
16277
17859
16278
16280
17862
16279
16280
17863
16282
16284
16296
17866
16283
16295
16284
16286
16285
17867
16286
16288
17870
16287
16288
17871
16290
16292
16304
17874
16291
16303
16292
16294
16293
17875
16294
16296
17878
16295
16296
17879
16298
16300
16312
17882
16299
16311
16300
16302
16301
17883
16302
16304
17886
16303
16304
17887
16306
16308
16320
17890
16307
16319
16308
16310
16309
17891
16310
16312
17894
16311
16312
17895
16314
16316
16328
17898
16315
16327
16316
16318
16317
17899
16318
16320
17902
16319
16320
17903
16322
16324
16336
17906
16323
16335
16324
16326
16325
17907
16326
16328
17910
16327
16328
17911
16330
16332
16340
17914
16331
16339
16332
16334
16333
17915
16334
16336
17918
16335
16336
17919
16338
16340
17926
16339
16340
17927
16342
16344
16864
17970
16343
16863
16344
16346
16345
17971
16346
16348
17966
16347
16348
17967
16350
16352
16356
17975
16351
16355
16352
16847
16846
17976
16354
16356
17967
16355
16356
17968
16358
16360
16372
18194
16359
16371
16360
16362
16361
18195
16362
16364
18198
16363
16364
18199
16366
16368
16900
18202
16367
16899
16368
16370
16369
18203
16370
16372
18206
16371
16372
18207
16374
16376
16388
18226
16375
16387
16376
16378
16377
18227
16378
16380
18230
16379
16380
18231
16382
16384
16396
18234
16383
16395
16384
16386
16385
18235
16386
16388
18238
16387
16388
18239
16390
16392
16404
18242
16391
16403
16392
16394
16393
18243
16394
16396
18246
16395
16396
18247
16398
16400
16412
18250
16399
16411
16400
16402
16401
18251
16402
16404
18254
16403
16404
18255
16406
16408
16420
18258
16407
16419
16408
16410
16409
18259
16410
16412
18262
16411
16412
18263
16414
16416
16428
18266
16415
16427
16416
16418
16417
18267
16418
16420
18270
16419
16420
18271
16422
16424
16436
18274
16423
16435
16424
16426
16425
18275
16426
16428
18278
16427
16428
18279
16430
16432
16444
18282
16431
16443
16432
16434
16433
18283
16434
16436
18286
16435
16436
18287
16438
16440
16452
18290
16439
16451
16440
16442
16441
18291
16442
16444
18294
16443
16444
18295
16446
16448
16460
18298
16447
16459
16448
16450
16449
18299
16450
16452
18302
16451
16452
18303
16454
16456
16468
18306
16455
16467
16456
16458
16457
18307
16458
16460
18310
16459
16460
18311
16462
16464
16476
18314
16463
16475
16464
16466
16465
18315
16466
16468
18318
16467
16468
18319
16470
16472
16484
18322
16471
16483
16472
16474
16473
18323
16474
16476
18326
16475
16476
18327
16478
16480
16492
18330
16479
16491
16480
16482
16481
18331
16482
16484
18334
16483
16484
18335
16486
16488
16500
18338
16487
16499
16488
16490
16489
18339
16490
16492
18342
16491
16492
18343
16494
16496
16508
18346
16495
16507
16496
16498
16497
18347
16498
16500
18350
16499
16500
18351
16502
16504
16516
18354
16503
16515
16504
16506
16505
18355
16506
16508
18358
16507
16508
18359
16510
16512
16524
18362
16511
16523
16512
16514
16513
18363
16514
16516
18366
16515
16516
18367
16518
16520
16532
18370
16519
16531
16520
16522
16521
18371
16522
16524
18374
16523
16524
18375
16526
16528
16540
18378
16527
16539
16528
16530
16529
18379
16530
16532
18382
16531
16532
18383
16534
16536
16548
18386
16535
16547
16536
16538
16537
18387
16538
16540
18390
16539
16540
18391
16542
16544
16556
18394
16543
16555
16544
16546
16545
18395
16546
16548
18398
16547
16548
18399
16550
16552
16564
18402
16551
16563
16552
16554
16553
18403
16554
16556
18406
16555
16556
18407
16558
16560
16572
18410
16559
16571
16560
16562
16561
18411
16562
16564
18414
16563
16564
18415
16566
16568
16580
18418
16567
16579
16568
16570
16569
18419
16570
16572
18422
16571
16572
18423
16574
16576
16588
18426
16575
16587
16576
16578
16577
18427
16578
16580
18430
16579
16580
18431
16582
16584
16596
18434
16583
16595
16584
16586
16585
18435
16586
16588
18438
16587
16588
18439
16590
16592
16604
18442
16591
16603
16592
16594
16593
18443
16594
16596
18446
16595
16596
18447
16598
16600
16612
18450
16599
16611
16600
16602
16601
18451
16602
16604
18454
16603
16604
18455
16606
16608
16620
18458
16607
16619
16608
16610
16609
18459
16610
16612
18462
16611
16612
18463
16614
16616
16628
18466
16615
16627
16616
16618
16617
18467
16618
16620
18470
16619
16620
18471
16622
16624
16636
18474
16623
16635
16624
16626
16625
18475
16626
16628
18478
16627
16628
18479
16630
16632
16644
18482
16631
16643
16632
16634
16633
18483
16634
16636
18486
16635
16636
18487
16638
16640
16652
18490
16639
16651
16640
16642
16641
18491
16642
16644
18494
16643
16644
18495
16646
16648
16660
18498
16647
16659
16648
16650
16649
18499
16650
16652
18502
16651
16652
18503
16654
16656
16668
18506
16655
16667
16656
16658
16657
18507
16658
16660
18510
16659
16660
18511
16662
16664
16676
18514
16663
16675
16664
16666
16665
18515
16666
16668
18518
16667
16668
18519
16670
16672
16684
18522
16671
16683
16672
16674
16673
18523
16674
16676
18526
16675
16676
18527
16678
16680
16692
18530
16679
16691
16680
16682
16681
18531
16682
16684
18534
16683
16684
18535
16686
16688
16904
18538
16687
16903
16688
16690
16689
18539
16690
16692
18542
16691
16692
18543
16694
16696
16708
18562
16695
16707
16696
16698
16697
18563
16698
16700
18566
16699
16700
18567
16702
16704
16716
18570
16703
16715
16704
16706
16705
18571
16706
16708
18574
16707
16708
18575
16710
16712
16724
18578
16711
16723
16712
16714
16713
18579
16714
16716
18582
16715
16716
18583
16718
16720
16732
18586
16719
16731
16720
16722
16721
18587
16722
16724
18590
16723
16724
18591
16726
16728
16740
18594
16727
16739
16728
16730
16729
18595
16730
16732
18598
16731
16732
18599
16734
16736
16748
18602
16735
16747
16736
16738
16737
18603
16738
16740
18606
16739
16740
18607
16742
16744
16756
18610
16743
16755
16744
16746
16745
18611
16746
16748
18614
16747
16748
18615
16750
16752
16764
18618
16751
16763
16752
16754
16753
18619
16754
16756
18622
16755
16756
18623
16758
16760
16772
18626
16759
16771
16760
16762
16761
18627
16762
16764
18630
16763
16764
18631
16766
16768
16780
18634
16767
16779
16768
16770
16769
18635
16770
16772
18638
16771
16772
18639
16774
16776
16788
18642
16775
16787
16776
16778
16777
18643
16778
16780
18646
16779
16780
18647
16782
16784
16796
18650
16783
16795
16784
16786
16785
18651
16786
16788
18654
16787
16788
18655
16790
16792
16804
18658
16791
16803
16792
16794
16793
18659
16794
16796
18662
16795
16796
18663
16798
16800
16812
18666
16799
16811
16800
16802
16801
18667
16802
16804
18670
16803
16804
18671
16806
16808
16820
18674
16807
16819
16808
16810
16809
18675
16810
16812
18678
16811
16812
18679
16814
16816
16828
18682
16815
16827
16816
16818
16817
18683
16818
16820
18686
16819
16820
18687
16822
16824
16876
17766
16823
16875
16824
16826
16825
17767
16826
16828
18690
16827
16828
18691
16830
16832
17018
16831
16832
16927
16926
17019
16834
16836
17962
16835
16836
16935
16934
17963
16838
16840
16843
16955
16839
16842
16840
16947
16946
16956
16842
16844
17286
16843
16844
16951
16950
17287
16846
16848
16961
18704
16847
18703
16848
16962
16850
16852
17029
18728
16851
18727
16852
17030
16854
16856
17065
18732
16855
18731
16856
17066
16858
16860
17300
18746
16859
17299
16860
18747
16862
16864
17512
18754
16863
17511
16864
18755
16866
16868
17666
17671
16867
17670
16868
17667
16870
16872
17706
17711
16871
17710
16872
17707
16874
16876
17770
17775
16875
17774
16876
17771
16878
16880
17000
18706
16879
16999
16880
16883
16882
18707
16882
16884
17930
17939
16883
17938
16884
17931
16886
16888
17060
19054
16887
17059
16888
16891
16890
19055
16890
16892
17961
19067
16891
19066
16892
17962
16894
16896
18200
18766
16895
18199
16896
18767
16898
16900
18210
18215
16899
18214
16900
18211
16902
16904
18546
18551
16903
18550
16904
18547
16906
16908
16912
18986
16907
16911
16908
17006
17005
18987
16910
16912
18724
18994
16911
18723
16912
18995
16914
16916
18726
20744
16915
20743
16916
18727
16918
16920
18730
18768
16919
18767
16920
18731
16922
16924
16928
19758
16923
16927
16924
17698
17697
19759
16926
16928
18736
19770
16927
18735
16928
19771
16930
16932
16936
19714
16931
16935
16932
17658
17657
19715
16934
16936
18740
19726
16935
18739
16936
19727
16938
16940
18748
20742
16939
18747
16940
20743
16942
16944
16948
19542
16943
16947
16944
17502
17501
19543
16946
16948
18752
19558
16947
18751
16948
19559
16950
16952
18744
19330
16951
18743
16952
16955
16954
19331
16954
16956
18750
19323
16955
19322
16956
18751
16958
16960
16964
18790
16959
16963
16960
16970
16969
18791
16962
16964
18794
16963
16964
18795
16966
16968
16972
18798
16967
16971
16968
16978
16977
18799
16970
16972
18802
16971
16972
18803
16974
16976
16980
18806
16975
16979
16976
16986
16985
18807
16978
16980
18810
16979
16980
18811
16982
16984
16988
18814
16983
16987
16984
16994
16993
18815
16986
16988
18818
16987
16988
18819
16990
16992
16996
18822
16991
16995
16992
16998
16997
18823
16994
16996
18826
16995
16996
18827
16998
17000
18830
16999
17000
18831
17002
17004
17008
18998
17003
17007
17004
17014
17013
18999
17006
17008
19002
17007
17008
19003
17010
17012
17016
19006
17011
17015
17012
17022
17021
19007
17014
17016
19010
17015
17016
19011
17018
17020
17024
19014
17019
17023
17020
18735
18734
19015
17022
17024
19018
17023
17024
19019
17026
17028
17032
19022
17027
17031
17028
17038
17037
19023
17030
17032
19026
17031
17032
19027
17034
17036
17040
19030
17035
17039
17036
17046
17045
19031
17038
17040
19034
17039
17040
19035
17042
17044
17048
19038
17043
17047
17044
17054
17053
19039
17046
17048
19042
17047
17048
19043
17050
17052
17056
19046
17051
17055
17052
17058
17057
19047
17054
17056
19050
17055
17056
19051
17058
17060
19058
17059
17060
19059
17062
17064
17068
19070
17063
17067
17064
17074
17073
19071
17066
17068
19074
17067
17068
19075
17070
17072
17076
19078
17071
17075
17072
17082
17081
19079
17074
17076
19082
17075
17076
19083
17078
17080
17084
19086
17079
17083
17080
17090
17089
19087
17082
17084
19090
17083
17084
19091
17086
17088
17092
19094
17087
17091
17088
17098
17097
19095
17090
17092
19098
17091
17092
19099
17094
17096
17100
19102
17095
17099
17096
17106
17105
19103
17098
17100
19106
17099
17100
19107
17102
17104
17108
19110
17103
17107
17104
17114
17113
19111
17106
17108
19114
17107
17108
19115
17110
17112
17116
19118
17111
17115
17112
17122
17121
19119
17114
17116
19122
17115
17116
19123
17118
17120
17124
19126
17119
17123
17120
17130
17129
19127
17122
17124
19130
17123
17124
19131
17126
17128
17132
19134
17127
17131
17128
17138
17137
19135
17130
17132
19138
17131
17132
19139
17134
17136
17140
19142
17135
17139
17136
17146
17145
19143
17138
17140
19146
17139
17140
19147
17142
17144
17148
19150
17143
17147
17144
17154
17153
19151
17146
17148
19154
17147
17148
19155
17150
17152
17156
19158
17151
17155
17152
17162
17161
19159
17154
17156
19162
17155
17156
19163
17158
17160
17164
19166
17159
17163
17160
17170
17169
19167
17162
17164
19170
17163
17164
19171
17166
17168
17172
19174
17167
17171
17168
17178
17177
19175
17170
17172
19178
17171
17172
19179
17174
17176
17180
19182
17175
17179
17176
17186
17185
19183
17178
17180
19186
17179
17180
19187
17182
17184
17188
19190
17183
17187
17184
17194
17193
19191
17186
17188
19194
17187
17188
19195
17190
17192
17196
19198
17191
17195
17192
17202
17201
19199
17194
17196
19202
17195
17196
19203
17198
17200
17204
19206
17199
17203
17200
17210
17209
19207
17202
17204
19210
17203
17204
19211
17206
17208
17212
19214
17207
17211
17208
17218
17217
19215
17210
17212
19218
17211
17212
19219
17214
17216
17220
19222
17215
17219
17216
17226
17225
19223
17218
17220
19226
17219
23553
17220
23211
19227
17222
17224
17228
19230
17223
17227
17224
17234
17233
19231
17226
17228
19234
17227
17228
19235
17230
17232
17236
19238
17231
17235
17232
17242
17241
19239
17234
17236
19242
17235
17236
19243
17238
17240
17244
19246
17239
17243
17240
17250
17249
19247
17242
17244
19250
17243
17244
19251
17246
17248
17252
19254
17247
17251
23551
17248
17258
23212
17257
19255
17250
17252
19258
17251
17252
19259
17254
17256
17260
19262
17255
17259
17256
17266
17265
19263
17258
17260
19266
17259
17260
19267
17262
17264
17268
19270
17263
17267
17264
17274
17273
19271
17266
17268
19274
17267
17268
19275
17270
17272
17276
19278
17271
17275
17272
17282
17281
19279
17274
17276
19282
17275
17276
19283
17278
17280
17284
19286
17279
17283
17280
17290
17289
19287
17282
17284
19290
17283
17284
19291
17286
17288
17292
19294
17287
17291
17288
18743
18742
19295
17290
17292
19298
17291
17292
19299
17294
17296
17308
19334
17295
17307
17296
17298
17297
19335
17298
17300
19338
17299
17300
19339
17302
17304
17316
19342
17303
17315
17304
17306
17305
19343
17306
17308
19346
17307
17308
19347
17310
17312
17324
19350
17311
17323
17312
17314
17313
19351
17314
17316
19354
17315
17316
19355
17318
17320
17332
19358
17319
17331
17320
17322
17321
19359
17322
17324
19362
17323
17324
19363
17326
17328
17340
19366
17327
17339
17328
17330
17329
19367
17330
17332
19370
17331
17332
19371
17334
17336
17348
19374
17335
17347
17336
17338
17337
19375
17338
17340
19378
17339
17340
19379
17342
17344
17356
19382
17343
17355
17344
17346
17345
19383
17346
17348
19386
17347
17348
19387
17350
17352
17364
19390
17351
17363
17352
17354
17353
19391
17354
17356
19394
17355
17356
19395
17358
17360
17372
19398
17359
17371
17360
17362
17361
19399
17362
17364
19402
17363
17364
19403
17366
17368
17380
19406
17367
17379
17368
17370
17369
19407
17370
17372
19410
17371
17372
19411
17374
17376
17388
19414
17375
17387
17376
17378
17377
19415
17378
17380
19418
17379
17380
19419
17382
17384
17396
19422
17383
17395
17384
17386
17385
19423
17386
17388
19426
17387
17388
19427
17390
17392
17404
19430
17391
17403
17392
17394
17393
19431
17394
17396
19434
17395
17396
19435
17398
17400
17412
19438
17399
17411
17400
17402
17401
19439
17402
17404
19442
17403
17404
19443
17406
17408
17420
19446
17407
17419
17408
17410
17409
19447
17410
17412
19450
17411
17412
19451
17414
17416
17428
19454
17415
17427
17416
17418
17417
19455
17418
17420
19458
17419
17420
19459
17422
17424
17436
19462
17423
17435
17424
17426
17425
19463
17426
17428
19466
17427
17428
19467
17430
17432
17444
19470
17431
17443
17432
17434
17433
19471
17434
17436
19474
17435
17436
19475
17438
17440
17452
19478
17439
17451
17440
17442
17441
19479
17442
17444
19482
17443
17444
19483
17446
17448
17460
19486
17447
17459
17448
17450
17449
19487
17450
17452
19490
17451
17452
19491
17454
17456
17468
19494
17455
17467
17456
17458
17457
19495
17458
17460
19498
17459
17460
19499
17462
17464
17476
19502
17463
17475
17464
17466
17465
19503
17466
17468
19506
17467
17468
19507
17470
17472
17484
19510
17471
17483
17472
17474
17473
19511
17474
17476
19514
17475
17476
19515
17478
17480
17492
19518
17479
17491
17480
17482
17481
19519
17482
17484
19522
17483
17484
19523
17486
17488
17500
19526
17487
17499
17488
17490
17489
19527
17490
17492
19530
17491
17492
19531
17494
17496
17504
19534
17495
17503
17496
17498
17497
19535
17498
17500
19538
17499
17500
19539
17502
17504
19546
17503
17504
19547
17506
17508
17520
19562
17507
17519
17508
17510
17509
19563
17510
17512
19566
17511
17512
19567
17514
17516
17528
19570
17515
17527
17516
17518
17517
19571
17518
17520
19574
17519
17520
19575
17522
17524
17536
19578
17523
17535
17524
17526
17525
19579
17526
17528
19582
17527
17528
19583
17530
17532
17544
19586
17531
17543
17532
17534
17533
19587
17534
17536
19590
17535
17536
19591
17538
17540
17552
19594
17539
17551
17540
17542
17541
19595
17542
17544
19598
17543
17544
19599
17546
17548
17560
19602
17547
17559
17548
17550
17549
19603
17550
17552
19606
17551
17552
19607
17554
17556
17568
19610
17555
17567
17556
17558
17557
19611
17558
17560
19614
17559
17560
19615
17562
17564
17576
19618
17563
17575
17564
17566
17565
19619
17566
17568
19622
17567
17568
19623
17570
17572
17584
19626
17571
17583
17572
17574
17573
19627
17574
17576
19630
17575
17576
19631
17578
17580
17592
19634
17579
17591
17580
17582
17581
19635
17582
17584
19638
17583
17584
19639
17586
17588
17600
19642
17587
17599
17588
17590
17589
19643
17590
17592
19646
17591
17592
19647
17594
17596
17608
19650
17595
17607
17596
17598
17597
19651
17598
17600
19654
17599
17600
19655
17602
17604
17616
19658
17603
17615
17604
17606
17605
19659
17606
17608
19662
17607
17608
19663
17610
17612
17624
19666
17611
17623
17612
17614
17613
19667
17614
17616
19670
17615
17616
19671
17618
17620
17632
19674
17619
17631
17620
17622
17621
19675
17622
17624
19678
17623
17624
19679
17626
17628
17640
19682
17627
17639
17628
17630
17629
19683
17630
17632
19686
17631
17632
19687
17634
17636
17648
19690
17635
17647
17636
17638
17637
19691
17638
17640
19694
17639
17640
19695
17642
17644
17656
19698
17643
17655
17644
17646
17645
19699
17646
17648
19702
17647
17648
19703
17650
17652
17660
19706
17651
17659
17652
17654
17653
19707
17654
17656
19710
17655
17656
19711
17658
17660
19718
17659
17660
19719
17662
17664
17668
19794
17663
17667
17664
17730
17729
19795
17666
17668
18760
19810
17667
18759
17668
19811
17670
17672
17680
19730
17671
17679
17672
18759
18758
19731
17674
17676
17688
19734
17675
17687
17676
17678
17677
19735
17678
17680
19738
17679
17680
19739
17682
17684
17696
19742
17683
17695
17684
17686
17685
19743
17686
17688
19746
17687
17688
19747
17690
17692
17700
19750
17691
17699
17692
17694
17693
19751
17694
17696
19754
17695
17696
19755
17698
17700
19762
17699
17700
19763
17702
17704
17708
19838
17703
17707
17704
17762
17761
19839
17706
17708
18764
19854
17707
18763
17708
19855
17710
17712
17720
19774
17711
17719
17712
18763
18762
19775
17714
17716
17728
19778
17715
17727
17716
17718
17717
19779
17718
17720
19782
17719
17720
19783
17722
17724
17732
19786
17723
17731
17724
17726
17725
19787
17726
17728
19790
17727
17728
19791
17730
17732
19798
17731
17732
19799
17734
17736
17744
18978
17735
17743
17736
18723
18722
18979
17738
17740
17752
19814
17739
17751
17740
17742
17741
19815
17742
17744
19818
17743
17744
19819
17746
17748
17760
19822
17747
17759
17748
17750
17749
19823
17750
17752
19826
17751
17752
19827
17754
17756
17764
19830
17755
17763
17756
17758
17757
19831
17758
17760
19834
17759
17760
19835
17762
17764
19842
17763
17764
19843
17766
17768
17772
20706
17767
17771
17768
18690
18689
20707
17770
17772
18772
20718
17771
18771
17772
20719
17774
17776
17784
19858
17775
17783
17776
18771
18770
19859
17778
17780
17792
19862
17779
17791
17780
17782
17781
19863
17782
17784
19866
17783
17784
19867
17786
17788
17800
19870
17787
17799
17788
17790
17789
19871
17790
17792
19874
17791
17792
19875
17794
17796
17808
19878
17795
17807
17796
17798
17797
19879
17798
17800
19882
17799
17800
19883
17802
17804
17816
19886
17803
17815
17804
17806
17805
19887
17806
17808
19890
17807
17808
19891
17810
17812
17824
19894
17811
17823
17812
17814
17813
19895
17814
17816
19898
17815
17816
19899
17818
17820
17832
19902
17819
17831
17820
17822
17821
19903
17822
17824
19906
17823
17824
19907
17826
17828
17840
19910
17827
17839
17828
17830
17829
19911
17830
17832
19914
17831
17832
19915
17834
17836
17848
19918
17835
17847
17836
17838
17837
19919
17838
17840
19922
17839
17840
19923
17842
17844
17856
19926
17843
17855
17844
17846
17845
19927
17846
17848
19930
17847
17848
19931
17850
17852
17864
19934
17851
17863
17852
17854
17853
19935
17854
17856
19938
17855
17856
19939
17858
17860
17872
19942
17859
17871
17860
17862
17861
19943
17862
17864
19946
17863
17864
19947
17866
17868
17880
19950
17867
17879
17868
17870
17869
19951
17870
17872
19954
17871
17872
19955
17874
17876
17888
19958
17875
17887
17876
17878
17877
19959
17878
17880
19962
17879
17880
19963
17882
17884
17896
19966
17883
17895
17884
17886
17885
19967
17886
17888
19970
17887
17888
19971
17890
17892
17904
19974
17891
17903
17892
17894
17893
19975
17894
17896
19978
17895
17896
19979
17898
17900
17912
19982
17899
17911
17900
17902
17901
19983
17902
17904
19986
17903
17904
19987
17906
17908
17920
19990
17907
17919
17908
17910
17909
19991
17910
17912
19994
17911
17912
19995
17914
17916
17928
19998
17915
17927
17916
17918
17917
19999
17918
17920
20002
17919
17920
20003
17922
17924
17936
20006
17923
17935
17924
17926
17925
20007
17926
17928
20010
17927
17928
20011
17930
17932
17952
20014
17931
17951
17932
17934
17933
20015
17934
17936
20018
17935
17936
20019
17938
17940
17942
18708
17939
18707
17940
17951
17943
17950
17942
17944
18710
20724
17943
20723
17944
17947
17946
18711
17946
17948
17955
20022
17947
17954
17948
17950
17949
20023
17950
17952
20026
17951
17952
20027
17954
17956
17958
18712
17955
18711
17956
20035
17959
20034
17958
17960
17983
18839
17959
18838
17960
20031
17984
20030
17962
17964
19062
17963
17964
18739
18738
19063
17966
17968
17972
17974
17967
17971
17968
17975
17970
17972
18756
20782
17971
18755
17972
20783
17974
17976
18702
20784
17975
20783
17976
18703
17978
17980
17981
20039
17979
20038
23550
17980
18847
23549
17982
18846
17982
17984
20042
17983
18835
17984
18834
20043
17986
17988
17990
18843
17987
18842
23549
17988
20047
23213
17991
20046
17990
17992
17994
18855
17991
18854
17992
20059
17995
20058
17994
17996
17998
18851
17995
18850
17996
20055
17999
20054
17998
18000
18002
18863
17999
18862
18000
20067
18003
20066
18002
18004
18006
18859
18003
18858
18004
20063
18007
20062
18006
18008
18010
18871
18007
18870
18008
20075
18011
20074
18010
18012
18014
18867
18011
18866
18012
20071
18015
20070
18014
18016
18018
18879
18015
18878
18016
20083
18019
20082
18018
18020
18022
18875
18019
18874
18020
20079
18023
20078
18022
18024
18026
18887
18023
18886
18024
20091
18027
20090
18026
18028
18030
18883
18027
18882
18028
20087
18031
20086
18030
18032
18034
18895
18031
18894
18032
20099
18035
20098
18034
18036
18047
18891
18035
18890
18036
20095
18048
20094
18038
18040
18050
18899
18039
18898
23214
18040
18043
23548
18042
18051
18042
18044
18064
20102
18043
18063
18044
18046
18045
20103
18046
18048
20106
18047
23548
18048
23547
20107
18050
18052
18054
18911
18051
18910
18052
18063
18055
18062
18054
18056
18066
18907
18055
18906
18056
18059
18058
18067
18058
18060
18080
20110
18059
18079
18060
18062
18061
20111
18062
18064
20114
18063
18064
20115
18066
18068
18070
18919
18067
18918
18068
18079
18071
18078
18070
18072
18082
18915
18071
18914
18072
18075
18074
18083
18074
18076
18096
20118
18075
18095
18076
18078
18077
20119
18078
18080
20122
18079
18080
20123
18082
18084
18086
18927
18083
18926
18084
18095
18087
18094
18086
18088
18098
18923
18087
18922
18088
18091
18090
18099
18090
18092
18112
20126
18091
18111
18092
18094
18093
20127
18094
18096
20130
18095
18096
20131
18098
18100
18102
18935
18099
18934
18100
18111
18103
18110
18102
18104
18114
18931
18103
18930
18104
18107
18106
18115
18106
18108
18128
20134
18107
18127
18108
18110
18109
20135
18110
18112
20138
18111
18112
20139
18114
18116
18118
18943
18115
18942
18116
18127
18119
18126
18118
18120
18130
18939
18119
18938
18120
18123
18122
18131
18122
18124
18144
20142
18123
18143
18124
18126
18125
20143
18126
18128
20146
18127
18128
20147
18130
18132
18134
18951
18131
18950
18132
18143
18135
18142
18134
18136
18146
18947
18135
18946
18136
18139
18138
18147
18138
18140
18160
20150
18139
18159
18140
18142
18141
20151
18142
18144
20154
18143
18144
20155
18146
18148
18150
18971
18147
18970
18148
18159
18151
18158
18150
18152
18162
18963
18151
18962
18152
18155
18154
18163
18154
18156
18176
20158
18155
18175
18156
18158
18157
20159
18158
18160
20162
18159
18160
20163
18162
18164
18166
18967
18163
18966
18164
18175
18167
18174
18166
18168
18178
18955
18167
18954
18168
18171
18170
18179
18170
18172
18192
20166
18171
18191
18172
18174
18173
20167
18174
18176
20170
18175
18176
20171
18178
18180
18182
18959
18179
18958
18180
18191
18183
18190
18182
18184
18694
18715
18183
18714
18184
18187
18186
18695
18186
18188
18700
20174
18187
18699
18188
18190
18189
20175
18190
18192
20178
18191
18192
20179
18194
18196
18208
20190
18195
18207
18196
18198
18197
20191
18198
18200
20194
18199
18200
20195
18202
18204
18212
20198
18203
18211
18204
18206
18205
20199
18206
18208
20202
18207
18208
20203
18210
18212
18776
20222
18211
18775
18212
20223
18214
18216
18224
20210
18215
18223
18216
18775
18774
20211
18218
18220
18232
20226
18219
18231
18220
18222
18221
20227
18222
18224
20230
18223
18224
20231
18226
18228
18240
20234
18227
18239
18228
18230
18229
20235
18230
18232
20238
18231
18232
20239
18234
18236
18248
20242
18235
18247
18236
18238
18237
20243
18238
18240
20246
18239
18240
20247
18242
18244
18256
20250
18243
18255
18244
18246
18245
20251
18246
18248
20254
18247
18248
20255
18250
18252
18264
20258
18251
18263
18252
18254
18253
20259
18254
18256
20262
18255
18256
20263
18258
18260
18272
20266
18259
18271
18260
18262
18261
20267
18262
18264
20270
18263
18264
20271
18266
18268
18280
20274
18267
18279
18268
18270
18269
20275
18270
18272
20278
18271
18272
20279
18274
18276
18288
20282
18275
18287
18276
18278
18277
20283
18278
18280
20286
18279
18280
20287
18282
18284
18296
20290
18283
18295
18284
18286
18285
20291
18286
18288
20294
18287
18288
20295
18290
18292
18304
20298
18291
18303
18292
18294
18293
20299
18294
18296
20302
18295
18296
20303
18298
18300
18312
20306
18299
18311
18300
18302
18301
20307
18302
18304
20310
18303
18304
20311
18306
18308
18320
20314
18307
18319
18308
18310
18309
20315
18310
18312
20318
18311
18312
20319
18314
18316
18328
20322
18315
18327
18316
18318
18317
20323
18318
18320
20326
18319
18320
20327
18322
18324
18336
20330
18323
18335
18324
18326
18325
20331
18326
18328
20334
18327
18328
20335
18330
18332
18344
20338
18331
18343
18332
18334
18333
20339
18334
18336
20342
18335
18336
20343
18338
18340
18352
20346
18339
18351
18340
18342
18341
20347
18342
18344
20350
18343
18344
20351
18346
18348
18360
20354
18347
18359
18348
18350
18349
20355
18350
18352
20358
18351
18352
20359
18354
18356
18368
20362
18355
18367
18356
18358
18357
20363
18358
18360
20366
18359
18360
20367
18362
18364
18376
20370
18363
18375
18364
18366
18365
20371
18366
18368
20374
18367
18368
20375
18370
18372
18384
20378
18371
18383
18372
18374
18373
20379
18374
18376
20382
18375
18376
20383
18378
18380
18392
20386
18379
18391
18380
18382
18381
20387
18382
18384
20390
18383
18384
20391
18386
18388
18400
20394
18387
18399
18388
18390
18389
20395
18390
18392
20398
18391
18392
20399
18394
18396
18408
20402
18395
18407
18396
18398
18397
20403
18398
18400
20406
18399
18400
20407
18402
18404
18416
20410
18403
18415
18404
18406
18405
20411
18406
18408
20414
18407
18408
20415
18410
18412
18424
20418
18411
18423
18412
18414
18413
20419
18414
18416
20422
18415
18416
20423
18418
18420
18432
20426
18419
18431
18420
18422
18421
20427
18422
18424
20430
18423
18424
20431
18426
18428
18440
20434
18427
18439
18428
18430
18429
20435
18430
18432
20438
18431
18432
20439
18434
18436
18448
20442
18435
18447
18436
18438
18437
20443
18438
18440
20446
18439
18440
20447
18442
18444
18456
20450
18443
18455
18444
18446
18445
20451
18446
18448
20454
18447
18448
20455
18450
18452
18464
20458
18451
18463
18452
18454
18453
20459
18454
18456
20462
18455
18456
20463
18458
18460
18472
20466
18459
18471
18460
18462
18461
20467
18462
18464
20470
18463
18464
20471
18466
18468
18480
20474
18467
18479
18468
18470
18469
20475
18470
18472
20478
18471
18472
20479
18474
18476
18488
20482
18475
18487
18476
18478
18477
20483
18478
18480
20486
18479
18480
20487
18482
18484
18496
20490
18483
18495
18484
18486
18485
20491
18486
18488
20494
18487
18488
20495
18490
18492
18504
20498
18491
18503
18492
18494
18493
20499
18494
18496
20502
18495
18496
20503
18498
18500
18512
20506
18499
18511
18500
18502
18501
20507
18502
18504
20510
18503
18504
20511
18506
18508
18520
20514
18507
18519
18508
18510
18509
20515
18510
18512
20518
18511
18512
20519
18514
18516
18528
20522
18515
18527
18516
18518
18517
20523
18518
18520
20526
18519
18520
20527
18522
18524
18536
20530
18523
18535
18524
18526
18525
20531
18526
18528
20534
18527
18528
20535
18530
18532
18544
20538
18531
18543
18532
18534
18533
20539
18534
18536
20542
18535
18536
20543
18538
18540
18548
20546
18539
18547
18540
18542
18541
20547
18542
18544
20550
18543
18544
20551
18546
18548
18780
20566
18547
18779
18548
20567
18550
18552
18560
20554
18551
18559
18552
18779
18778
20555
18554
18556
18568
20570
18555
18567
18556
18558
18557
20571
18558
18560
20574
18559
18560
20575
18562
18564
18576
20578
18563
18575
18564
18566
18565
20579
18566
18568
20582
18567
18568
20583
18570
18572
18584
20586
18571
18583
18572
18574
18573
20587
18574
18576
20590
18575
18576
20591
18578
18580
18592
20594
18579
18591
18580
18582
18581
20595
18582
18584
20598
18583
18584
20599
18586
18588
18600
20602
18587
18599
18588
18590
18589
20603
18590
18592
20606
18591
18592
20607
18594
18596
18608
20610
18595
18607
18596
18598
18597
20611
18598
18600
20614
18599
18600
20615
18602
18604
18616
20618
18603
18615
18604
18606
18605
20619
18606
18608
20622
18607
18608
20623
18610
18612
18624
20626
18611
18623
18612
18614
18613
20627
18614
18616
20630
18615
18616
20631
18618
18620
18632
20634
18619
18631
18620
18622
18621
20635
18622
18624
20638
18623
18624
20639
18626
18628
18640
20642
18627
18639
18628
18630
18629
20643
18630
18632
20646
18631
18632
20647
18634
18636
18648
20650
18635
18647
18636
18638
18637
20651
18638
18640
20654
18639
18640
20655
18642
18644
18656
20658
18643
18655
18644
18646
18645
20659
18646
18648
20662
18647
18648
20663
18650
18652
18664
20666
18651
18663
18652
18654
18653
20667
18654
18656
20670
18655
18656
20671
18658
18660
18672
20674
18659
18671
18660
18662
18661
20675
18662
18664
20678
18663
18664
20679
18666
18668
18680
20682
18667
18679
18668
18670
18669
20683
18670
18672
20686
18671
18672
20687
18674
18676
18688
20690
18675
18687
18676
18678
18677
20691
18678
18680
20694
18679
18680
20695
18682
18684
18692
20698
18683
18691
18684
18686
18685
20699
18686
18688
20702
18687
18688
20703
18690
18692
20710
18691
18692
20711
18694
18696
18720
18786
18695
18719
18696
18699
18698
18787
18698
18700
18783
20186
18699
18782
18700
20187
18702
18704
18793
20787
18703
20786
18704
18794
18706
18708
18832
20722
18707
18831
18708
20723
18710
18712
18837
20915
18711
20914
18712
18838
18714
18716
18960
21090
18715
18959
18716
18719
18718
21091
18718
18720
18973
21087
18719
21086
18720
18974
18722
18724
18983
18990
18723
18982
18724
18991
18726
18728
19025
21219
18727
21218
18728
19026
18730
18732
19073
20752
18731
20751
18732
19074
18734
18736
19311
19766
18735
19310
18736
19767
18738
18740
19315
19722
18739
19314
18740
19723
18742
18744
19319
19326
18743
19318
18744
19327
18746
18748
19340
21546
18747
19339
18748
21547
18750
18752
19551
19554
18751
19550
18752
19555
18754
18756
19568
21782
18755
19567
18756
21783
18758
18760
19803
19806
18759
19802
18760
19807
18762
18764
19847
19850
18763
19846
18764
19851
18766
18768
20196
20750
18767
20195
18768
20751
18770
18772
20207
20714
18771
20206
18772
20715
18774
18776
20215
20218
18775
20214
18776
20219
18778
18780
20559
20562
18779
20558
18780
20563
18782
18784
18788
19306
18783
18787
18784
20183
19307
20182
18786
18788
18975
19302
18787
18974
18788
19303
18790
18792
18796
20794
18791
18795
18792
18802
18801
20795
18794
18796
20790
18795
18796
20791
18798
18800
18804
20802
18799
18803
18800
18810
18809
20803
18802
18804
20798
18803
18804
20799
18806
18808
18812
20810
18807
18811
18808
18818
18817
20811
18810
18812
20806
18811
18812
20807
18814
18816
18820
20818
18815
18819
18816
18826
18825
20819
18818
18820
20814
18819
18820
20815
18822
18824
18828
20826
18823
18827
18824
18830
18829
20827
18826
18828
20822
18827
18828
20823
18830
18832
20830
18831
18832
20831
18834
18836
18840
20922
18835
18839
18836
18846
18845
20923
18838
18840
20918
18839
18840
20919
18842
18844
18848
20930
18843
18847
18844
18854
18853
20931
18846
18848
20926
18847
18848
20927
18850
18852
18856
20938
18851
18855
18852
18862
18861
20939
18854
18856
20934
18855
18856
20935
18858
18860
18864
20946
18859
18863
18860
18870
18869
20947
18862
18864
20942
18863
18864
20943
18866
18868
18872
20954
18867
18871
18868
18878
18877
20955
18870
18872
20950
18871
18872
20951
18874
18876
18880
20962
18875
18879
18876
18886
18885
20963
18878
18880
20958
18879
18880
20959
18882
18884
18888
20970
18883
18887
18884
18894
18893
20971
18886
18888
20966
18887
18888
20967
18890
18892
18896
20978
18891
18895
18892
18902
18901
20979
18894
18896
20974
18895
18896
20975
18898
18900
18904
20986
18899
18903
18900
18910
18909
20987
18902
18904
20982
18903
23547
18904
23214
20983
18906
18908
18912
20994
18907
18911
18908
18918
18917
20995
18910
18912
20990
18911
18912
20991
18914
18916
18920
21002
18915
18919
18916
18926
18925
21003
18918
18920
20998
18919
18920
20999
18922
18924
18928
21010
18923
18927
18924
18934
18933
21011
18926
18928
21006
18927
18928
21007
18930
18932
18936
21018
18931
18935
18932
18942
18941
21019
18934
18936
21014
18935
18936
21015
18938
18940
18944
21026
18939
18943
18940
18950
18949
21027
18942
18944
21022
18943
18944
21023
18946
18948
18952
21034
18947
18951
18948
18970
18969
21035
18950
18952
21030
18951
18952
21031
18954
18956
18968
21098
18955
18967
18956
18958
18957
21099
18958
18960
21094
18959
18960
21095
18962
18964
18972
21106
18963
18971
18964
18966
18965
21107
18966
18968
21102
18967
18968
21103
18970
18972
21110
18971
18972
21111
18974
18976
21082
18975
18976
20727
20726
21083
18978
18980
19820
22246
18979
19819
18980
18982
18981
22247
18982
18984
22242
18983
18984
20731
20730
22243
18986
18988
18996
21182
18987
18995
18988
19002
19001
21183
18990
18992
20732
21174
18991
20731
18992
18994
18993
21175
18994
18996
21178
18995
18996
21179
18998
19000
19004
21190
18999
19003
19000
19010
19009
21191
19002
19004
21186
19003
19004
21187
19006
19008
19012
21198
19007
19011
19008
19018
19017
21199
19010
19012
21194
19011
19012
21195
19014
19016
19020
21206
19015
19019
19016
19310
19309
21207
19018
19020
21202
19019
19020
21203
19022
19024
19028
21226
19023
19027
19024
19034
19033
21227
19026
19028
21222
19027
19028
21223
19030
19032
19036
21234
19031
19035
19032
19042
19041
21235
19034
19036
21230
19035
19036
21231
19038
19040
19044
21242
19039
19043
19040
19050
19049
21243
19042
19044
21238
19043
19044
21239
19046
19048
19052
21250
19047
19051
19048
19058
19057
21251
19050
19052
21246
19051
19052
21247
19054
19056
19060
21258
19055
19059
19056
19066
19065
21259
19058
19060
21254
19059
19060
21255
19062
19064
19068
21266
19063
19067
19064
19314
19313
21267
19066
19068
21262
19067
19068
21263
19070
19072
19076
21282
19071
19075
19072
19082
19081
21283
19074
19076
21278
19075
19076
21279
19078
19080
19084
21290
19079
19083
19080
19090
19089
21291
19082
19084
21286
19083
19084
21287
19086
19088
19092
21298
19087
19091
19088
19098
19097
21299
19090
19092
21294
19091
19092
21295
19094
19096
19100
21306
19095
19099
19096
19106
19105
21307
19098
19100
21302
19099
19100
21303
19102
19104
19108
21314
19103
19107
19104
19114
19113
21315
19106
19108
21310
19107
19108
21311
19110
19112
19116
21322
19111
19115
19112
19122
19121
21323
19114
19116
21318
19115
19116
21319
19118
19120
19124
21330
19119
19123
19120
19130
19129
21331
19122
19124
21326
19123
19124
21327
19126
19128
19132
21338
19127
19131
19128
19138
19137
21339
19130
19132
21334
19131
19132
21335
19134
19136
19140
21346
19135
19139
19136
19146
19145
21347
19138
19140
21342
19139
19140
21343
19142
19144
19148
21354
19143
19147
19144
19154
19153
21355
19146
19148
21350
19147
19148
21351
19150
19152
19156
21362
19151
19155
19152
19162
19161
21363
19154
19156
21358
19155
19156
21359
19158
19160
19164
21370
19159
19163
19160
19170
19169
21371
19162
19164
21366
19163
19164
21367
19166
19168
19172
21378
19167
19171
19168
19178
19177
21379
19170
19172
21374
19171
19172
21375
19174
19176
19180
21386
19175
19179
19176
19186
19185
21387
19178
19180
21382
19179
19180
21383
19182
19184
19188
21394
19183
19187
19184
19194
19193
21395
19186
19188
21390
19187
19188
21391
19190
19192
19196
21402
19191
19195
19192
19202
19201
21403
19194
19196
21398
19195
19196
21399
19198
19200
19204
21410
19199
19203
19200
19210
19209
21411
19202
19204
21406
19203
19204
21407
19206
19208
19212
21418
19207
19211
19208
19218
19217
21419
19210
19212
21414
19211
19212
21415
19214
19216
19220
21426
19215
19219
19216
19226
19225
21427
19218
19220
21422
19219
19220
21423
19222
19224
19228
21434
19223
19227
19224
19234
19233
21435
19226
19228
21430
19227
19228
21431
19230
19232
19236
21442
19231
19235
19232
19242
19241
21443
19234
19236
21438
19235
19236
21439
19238
19240
19244
21450
19239
19243
19240
19250
19249
21451
19242
19244
21446
19243
19244
21447
19246
19248
19252
21458
19247
19251
19248
19258
19257
21459
19250
19252
21454
19251
19252
21455
19254
19256
19260
21466
19255
19259
19256
19266
19265
21467
19258
19260
21462
19259
19260
21463
19262
19264
19268
21474
19263
19267
19264
19274
19273
21475
19266
19268
21470
19267
19268
21471
19270
19272
19276
21482
19271
19275
19272
19282
19281
21483
19274
19276
21478
19275
19276
21479
19278
19280
19284
21490
19279
19283
19280
19290
19289
21491
19282
19284
21486
19283
19284
21487
19286
19288
19292
21498
19287
19291
19288
19298
19297
21499
19290
19292
21494
19291
19292
21495
19294
19296
19300
21506
19295
19299
19296
19318
19317
21507
19298
19300
21502
19299
19300
21503
19302
19304
20728
21162
19303
20727
19304
19306
19305
21163
19306
19308
21166
19307
19308
20735
20734
21167
19310
19312
21210
19311
19312
20739
20738
21211
19314
19316
21270
19315
19316
20747
20746
21271
19318
19320
21510
19319
19320
20755
20754
21511
19322
19324
19332
21526
19323
19331
19324
19550
19549
21527
19326
19328
20756
21534
19327
20755
19328
19330
19329
21535
19330
19332
21530
19331
19332
21531
19334
19336
19348
21554
19335
19347
19336
19338
19337
21555
19338
19340
21550
19339
19340
21551
19342
19344
19356
21562
19343
19355
19344
19346
19345
21563
19346
19348
21558
19347
19348
21559
19350
19352
19364
21570
19351
19363
19352
19354
19353
21571
19354
19356
21566
19355
19356
21567
19358
19360
19372
21578
19359
19371
19360
19362
19361
21579
19362
19364
21574
19363
19364
21575
19366
19368
19380
21586
19367
19379
19368
19370
19369
21587
19370
19372
21582
19371
19372
21583
19374
19376
19388
21594
19375
19387
19376
19378
19377
21595
19378
19380
21590
19379
19380
21591
19382
19384
19396
21602
19383
19395
19384
19386
19385
21603
19386
19388
21598
19387
19388
21599
19390
19392
19404
21610
19391
19403
19392
19394
19393
21611
19394
19396
21606
19395
19396
21607
19398
19400
19412
21618
19399
19411
19400
19402
19401
21619
19402
19404
21614
19403
19404
21615
19406
19408
19420
21626
19407
19419
19408
19410
19409
21627
19410
19412
21622
19411
19412
21623
19414
19416
19428
21634
19415
19427
19416
19418
19417
21635
19418
19420
21630
19419
19420
21631
19422
19424
19436
21642
19423
19435
19424
19426
19425
21643
19426
19428
21638
19427
19428
21639
19430
19432
19444
21650
19431
19443
19432
19434
19433
21651
19434
19436
21646
19435
19436
21647
19438
19440
19452
21658
19439
19451
19440
19442
19441
21659
19442
19444
21654
19443
19444
21655
19446
19448
19460
21666
19447
19459
19448
19450
19449
21667
19450
19452
21662
19451
19452
21663
19454
19456
19468
21674
19455
19467
19456
19458
19457
21675
19458
19460
21670
19459
19460
21671
19462
19464
19476
21682
19463
19475
19464
19466
19465
21683
19466
19468
21678
19467
19468
21679
19470
19472
19484
21690
19471
19483
19472
19474
19473
21691
19474
19476
21686
19475
19476
21687
19478
19480
19492
21698
19479
19491
19480
19482
19481
21699
19482
19484
21694
19483
19484
21695
19486
19488
19500
21706
19487
19499
19488
19490
19489
21707
19490
19492
21702
19491
19492
21703
19494
19496
19508
21714
19495
19507
19496
19498
19497
21715
19498
19500
21710
19499
19500
21711
19502
19504
19516
21722
19503
19515
19504
19506
19505
21723
19506
19508
21718
19507
19508
21719
19510
19512
19524
21730
19511
19523
19512
19514
19513
21731
19514
19516
21726
19515
19516
21727
19518
19520
19532
21738
19519
19531
19520
19522
19521
21739
19522
19524
21734
19523
19524
21735
19526
19528
19540
21746
19527
19539
19528
19530
19529
21747
19530
19532
21742
19531
19532
21743
19534
19536
19548
21754
19535
19547
19536
19538
19537
21755
19538
19540
21750
19539
19540
21751
19542
19544
19560
21762
19543
19559
19544
19546
19545
21763
19546
19548
21758
19547
19548
21759
19550
19552
21522
19551
19552
20759
20758
21523
19554
19556
20760
21770
19555
20759
19556
19558
19557
21771
19558
19560
21766
19559
19560
21767
19562
19564
19576
21790
19563
19575
19564
19566
19565
21791
19566
19568
21786
19567
19568
21787
19570
19572
19584
21798
19571
19583
19572
19574
19573
21799
19574
19576
21794
19575
19576
21795
19578
19580
19592
21806
19579
19591
19580
19582
19581
21807
19582
19584
21802
19583
19584
21803
19586
19588
19600
21814
19587
19599
19588
19590
19589
21815
19590
19592
21810
19591
19592
21811
19594
19596
19608
21822
19595
19607
19596
19598
19597
21823
19598
19600
21818
19599
19600
21819
19602
19604
19616
21830
19603
19615
19604
19606
19605
21831
19606
19608
21826
19607
19608
21827
19610
19612
19624
21838
19611
19623
19612
19614
19613
21839
19614
19616
21834
19615
19616
21835
19618
19620
19632
21846
19619
19631
19620
19622
19621
21847
19622
19624
21842
19623
19624
21843
19626
19628
19640
21854
19627
19639
19628
19630
19629
21855
19630
19632
21850
19631
19632
21851
19634
19636
19648
21862
19635
19647
19636
19638
19637
21863
19638
19640
21858
19639
19640
21859
19642
19644
19656
21870
19643
19655
19644
19646
19645
21871
19646
19648
21866
19647
19648
21867
19650
19652
19664
21878
19651
19663
19652
19654
19653
21879
19654
19656
21874
19655
19656
21875
19658
19660
19672
21886
19659
19671
19660
19662
19661
21887
19662
19664
21882
19663
19664
21883
19666
19668
19680
21894
19667
19679
19668
19670
19669
21895
19670
19672
21890
19671
19672
21891
19674
19676
19688
21902
19675
19687
19676
19678
19677
21903
19678
19680
21898
19679
19680
21899
19682
19684
19696
21910
19683
19695
19684
19686
19685
21911
19686
19688
21906
19687
19688
21907
19690
19692
19704
21918
19691
19703
19692
19694
19693
21919
19694
19696
21914
19695
19696
21915
19698
19700
19712
21926
19699
19711
19700
19702
19701
21927
19702
19704
21922
19703
19704
21923
19706
19708
19720
21934
19707
19719
19708
19710
19709
21935
19710
19712
21930
19711
19712
21931
19714
19716
19728
21942
19715
19727
19716
19718
19717
21943
19718
19720
21938
19719
19720
21939
19722
19724
20748
21950
19723
20747
19724
19726
19725
21951
19726
19728
21946
19727
19728
21947
19730
19732
19740
21970
19731
19739
19732
19802
19801
21971
19734
19736
19748
21978
19735
19747
19736
19738
19737
21979
19738
19740
21974
19739
19740
21975
19742
19744
19756
21986
19743
19755
19744
19746
19745
21987
19746
19748
21982
19747
19748
21983
19750
19752
19764
21994
19751
19763
19752
19754
19753
21995
19754
19756
21990
19755
19756
21991
19758
19760
19772
22002
19759
19771
19760
19762
19761
22003
19762
19764
21998
19763
19764
21999
19766
19768
20740
22010
19767
20739
19768
19770
19769
22011
19770
19772
22006
19771
19772
22007
19774
19776
19784
22030
19775
19783
19776
19846
19845
22031
19778
19780
19792
22038
19779
19791
19780
19782
19781
22039
19782
19784
22034
19783
19784
22035
19786
19788
19800
22046
19787
19799
19788
19790
19789
22047
19790
19792
22042
19791
19792
22043
19794
19796
19812
22054
19795
19811
19796
19798
19797
22055
19798
19800
22050
19799
19800
22051
19802
19804
21966
19803
19804
20763
20762
21967
19806
19808
20764
22062
19807
20763
19808
19810
19809
22063
19810
19812
22058
19811
19812
22059
19814
19816
19828
22254
19815
19827
19816
19818
19817
22255
19818
19820
22250
19819
19820
22251
19822
19824
19836
22262
19823
19835
19824
19826
19825
22263
19826
19828
22258
19827
19828
22259
19830
19832
19844
22270
19831
19843
19832
19834
19833
22271
19834
19836
22266
19835
19836
22267
19838
19840
19856
22278
19839
19855
19840
19842
19841
22279
19842
19844
22274
19843
19844
22275
19846
19848
22026
19847
19848
20767
20766
22027
19850
19852
20768
22286
19851
20767
19852
19854
19853
22287
19854
19856
22282
19855
19856
22283
19858
19860
19868
22306
19859
19867
19860
20206
20205
22307
19862
19864
19876
22314
19863
19875
19864
19866
19865
22315
19866
19868
22310
19867
19868
22311
19870
19872
19884
22322
19871
19883
19872
19874
19873
22323
19874
19876
22318
19875
19876
22319
19878
19880
19892
22330
19879
19891
19880
19882
19881
22331
19882
19884
22326
19883
19884
22327
19886
19888
19900
22338
19887
19899
19888
19890
19889
22339
19890
19892
22334
19891
19892
22335
19894
19896
19908
22346
19895
19907
19896
19898
19897
22347
19898
19900
22342
19899
19900
22343
19902
19904
19916
22354
19903
19915
19904
19906
19905
22355
19906
19908
22350
19907
19908
22351
19910
19912
19924
22362
19911
19923
19912
19914
19913
22363
19914
19916
22358
19915
19916
22359
19918
19920
19932
22370
19919
19931
19920
19922
19921
22371
19922
19924
22366
19923
19924
22367
19926
19928
19940
22378
19927
19939
19928
19930
19929
22379
19930
19932
22374
19931
19932
22375
19934
19936
19948
22386
19935
19947
19936
19938
19937
22387
19938
19940
22382
19939
19940
22383
19942
19944
19956
22394
19943
19955
19944
19946
19945
22395
19946
19948
22390
19947
19948
22391
19950
19952
19964
22402
19951
19963
19952
19954
19953
22403
19954
19956
22398
19955
19956
22399
19958
19960
19972
22410
19959
19971
19960
19962
19961
22411
19962
19964
22406
19963
19964
22407
19966
19968
19980
22418
19967
19979
19968
19970
19969
22419
19970
19972
22414
19971
19972
22415
19974
19976
19988
22426
19975
19987
19976
19978
19977
22427
19978
19980
22422
19979
19980
22423
19982
19984
19996
22434
19983
19995
19984
19986
19985
22435
19986
19988
22430
19987
19988
22431
19990
19992
20004
22442
19991
20003
19992
19994
19993
22443
19994
19996
22438
19995
19996
22439
19998
20000
20012
22450
19999
20011
20000
20002
20001
22451
20002
20004
22446
20003
20004
22447
20006
20008
20020
22458
20007
20019
20008
20010
20009
22459
20010
20012
22454
20011
20012
22455
20014
20016
20028
22466
20015
20027
20016
20018
20017
22467
20018
20020
22462
20019
20020
22463
20022
20024
20036
22474
20023
20035
20024
20026
20025
22475
20026
20028
22470
20027
20028
22471
20030
20032
20044
22482
20031
20043
20032
20034
20033
22483
20034
20036
22478
20035
20036
22479
20038
20040
20052
22490
20039
20051
20040
20042
20041
22491
20042
20044
22486
20043
20044
22487
20046
20048
20060
22498
20047
20059
20048
20050
20049
22499
20050
20052
22494
20051
23213
20052
23550
22495
20054
20056
20068
22506
20055
20067
20056
20058
20057
22507
20058
20060
22502
20059
20060
22503
20062
20064
20076
22514
20063
20075
20064
20066
20065
22515
20066
20068
22510
20067
20068
22511
20070
20072
20084
22522
20071
20083
20072
20074
20073
22523
20074
20076
22518
20075
20076
22519
20078
20080
20092
22530
20079
20091
20080
20082
20081
22531
20082
20084
22526
20083
20084
22527
20086
20088
20100
22538
20087
20099
20088
20090
20089
22539
20090
20092
22534
20091
20092
22535
20094
20096
20108
22546
20095
20107
20096
20098
20097
22547
20098
20100
22542
20099
20100
22543
20102
20104
20116
22554
20103
20115
20104
20106
20105
22555
20106
20108
22550
20107
20108
22551
20110
20112
20124
22562
20111
20123
20112
20114
20113
22563
20114
20116
22558
20115
20116
22559
20118
20120
20132
22570
20119
20131
20120
20122
20121
22571
20122
20124
22566
20123
20124
22567
20126
20128
20140
22578
20127
20139
20128
20130
20129
22579
20130
20132
22574
20131
20132
22575
20134
20136
20148
22586
20135
20147
20136
20138
20137
22587
20138
20140
22582
20139
20140
22583
20142
20144
20156
22594
20143
20155
20144
20146
20145
22595
20146
20148
22590
20147
20148
22591
20150
20152
20164
22602
20151
20163
20152
20154
20153
22603
20154
20156
22598
20155
20156
22599
20158
20160
20172
22610
20159
20171
20160
20162
20161
22611
20162
20164
22606
20163
20164
22607
20166
20168
20180
22618
20167
20179
20168
20170
20169
22619
20170
20172
22614
20171
20172
22615
20174
20176
20188
22626
20175
20187
20176
20178
20177
22627
20178
20180
22622
20179
20180
22623
20182
20184
20736
22634
20183
20735
20184
20186
20185
22635
20186
20188
22630
20187
20188
22631
20190
20192
20204
22650
20191
20203
20192
20194
20193
22651
20194
20196
22646
20195
20196
22647
20198
20200
20224
22658
20199
20223
20200
20202
20201
22659
20202
20204
22654
20203
20204
22655
20206
20208
22302
20207
20208
20771
20770
22303
20210
20212
20232
22686
20211
20231
20212
20214
20213
22687
20214
20216
22682
20215
20216
20775
20774
22683
20218
20220
20776
22666
20219
20775
20220
20222
20221
22667
20222
20224
22662
20223
20224
22663
20226
20228
20240
22694
20227
20239
20228
20230
20229
22695
20230
20232
22690
20231
20232
22691
20234
20236
20248
22702
20235
20247
20236
20238
20237
22703
20238
20240
22698
20239
20240
22699
20242
20244
20256
22710
20243
20255
20244
20246
20245
22711
20246
20248
22706
20247
20248
22707
20250
20252
20264
22718
20251
20263
20252
20254
20253
22719
20254
20256
22714
20255
20256
22715
20258
20260
20272
22726
20259
20271
20260
20262
20261
22727
20262
20264
22722
20263
20264
22723
20266
20268
20280
22734
20267
20279
20268
20270
20269
22735
20270
20272
22730
20271
20272
22731
20274
20276
20288
22742
20275
20287
20276
20278
20277
22743
20278
20280
22738
20279
20280
22739
20282
20284
20296
22750
20283
20295
20284
20286
20285
22751
20286
20288
22746
20287
20288
22747
20290
20292
20304
22758
20291
20303
20292
20294
20293
22759
20294
20296
22754
20295
20296
22755
20298
20300
20312
22766
20299
20311
20300
20302
20301
22767
20302
20304
22762
20303
20304
22763
20306
20308
20320
22774
20307
20319
20308
20310
20309
22775
20310
20312
22770
20311
20312
22771
20314
20316
20328
22782
20315
20327
20316
20318
20317
22783
20318
20320
22778
20319
20320
22779
20322
20324
20336
22790
20323
20335
20324
20326
20325
22791
20326
20328
22786
20327
20328
22787
20330
20332
20344
22798
20331
20343
20332
20334
20333
22799
20334
20336
22794
20335
20336
22795
20338
20340
20352
22806
20339
20351
20340
20342
20341
22807
20342
20344
22802
20343
20344
22803
20346
20348
20360
22814
20347
20359
20348
20350
20349
22815
20350
20352
22810
20351
20352
22811
20354
20356
20368
22822
20355
20367
20356
20358
20357
22823
20358
20360
22818
20359
20360
22819
20362
20364
20376
22830
20363
20375
20364
20366
20365
22831
20366
20368
22826
20367
20368
22827
20370
20372
20384
22838
20371
20383
20372
20374
20373
22839
20374
20376
22834
20375
20376
22835
20378
20380
20392
22846
20379
20391
20380
20382
20381
22847
20382
20384
22842
20383
20384
22843
20386
20388
20400
22854
20387
20399
20388
20390
20389
22855
20390
20392
22850
20391
20392
22851
20394
20396
20408
22862
20395
20407
20396
20398
20397
22863
20398
20400
22858
20399
20400
22859
20402
20404
20416
22870
20403
20415
20404
20406
20405
22871
20406
20408
22866
20407
20408
22867
20410
20412
20424
22878
20411
20423
20412
20414
20413
22879
20414
20416
22874
20415
20416
22875
20418
20420
20432
22886
20419
20431
20420
20422
20421
22887
20422
20424
22882
20423
20424
22883
20426
20428
20440
22894
20427
20439
20428
20430
20429
22895
20430
20432
22890
20431
20432
22891
20434
20436
20448
22902
20435
20447
20436
20438
20437
22903
20438
20440
22898
20439
20440
22899
20442
20444
20456
22910
20443
20455
20444
20446
20445
22911
20446
20448
22906
20447
20448
22907
20450
20452
20464
22918
20451
20463
20452
20454
20453
22919
20454
20456
22914
20455
20456
22915
20458
20460
20472
22926
20459
20471
20460
20462
20461
22927
20462
20464
22922
20463
20464
22923
20466
20468
20480
22934
20467
20479
20468
20470
20469
22935
20470
20472
22930
20471
20472
22931
20474
20476
20488
22942
20475
20487
20476
20478
20477
22943
20478
20480
22938
20479
20480
22939
20482
20484
20496
22950
20483
20495
20484
20486
20485
22951
20486
20488
22946
20487
20488
22947
20490
20492
20504
22958
20491
20503
20492
20494
20493
22959
20494
20496
22954
20495
20496
22955
20498
20500
20512
22966
20499
20511
20500
20502
20501
22967
20502
20504
22962
20503
20504
22963
20506
20508
20520
22974
20507
20519
20508
20510
20509
22975
20510
20512
22970
20511
20512
22971
20514
20516
20528
22982
20515
20527
20516
20518
20517
22983
20518
20520
22978
20519
20520
22979
20522
20524
20536
22990
20523
20535
20524
20526
20525
22991
20526
20528
22986
20527
20528
22987
20530
20532
20544
22998
20531
20543
20532
20534
20533
22999
20534
20536
22994
20535
20536
22995
20538
20540
20552
23006
20539
20551
20540
20542
20541
23007
20542
20544
23002
20543
20544
23003
20546
20548
20568
23014
20547
20567
20548
20550
20549
23015
20550
20552
23010
20551
20552
23011
20554
20556
20576
23042
20555
20575
20556
20558
20557
23043
20558
20560
23038
20559
20560
20779
20778
23039
20562
20564
20780
23022
20563
20779
20564
20566
20565
23023
20566
20568
23018
20567
20568
23019
20570
20572
20584
23050
20571
20583
20572
20574
20573
23051
20574
20576
23046
20575
20576
23047
20578
20580
20592
23058
20579
20591
20580
20582
20581
23059
20582
20584
23054
20583
20584
23055
20586
20588
20600
23066
20587
20599
20588
20590
20589
23067
20590
20592
23062
20591
20592
23063
20594
20596
20608
23074
20595
20607
20596
20598
20597
23075
20598
20600
23070
20599
20600
23071
20602
20604
20616
23082
20603
20615
20604
20606
20605
23083
20606
20608
23078
20607
20608
23079
20610
20612
20624
23090
20611
20623
20612
20614
20613
23091
20614
20616
23086
20615
20616
23087
20618
20620
20632
23098
20619
20631
20620
20622
20621
23099
20622
20624
23094
20623
20624
23095
20626
20628
20640
23106
20627
20639
20628
20630
20629
23107
20630
20632
23102
20631
20632
23103
20634
20636
20648
23114
20635
20647
20636
20638
20637
23115
20638
20640
23110
20639
20640
23111
20642
20644
20656
23122
20643
20655
20644
20646
20645
23123
20646
20648
23118
20647
20648
23119
20650
20652
20664
23130
20651
20663
20652
20654
20653
23131
20654
20656
23126
20655
20656
23127
20658
20660
20672
23138
20659
20671
20660
20662
20661
23139
20662
20664
23134
20663
20664
23135
20666
20668
20680
23146
20667
20679
20668
20670
20669
23147
20670
20672
23142
20671
20672
23143
20674
20676
20688
23154
20675
20687
20676
20678
20677
23155
20678
20680
23150
20679
20680
23151
20682
20684
20696
23162
20683
20695
20684
20686
20685
23163
20686
20688
23158
20687
20688
23159
20690
20692
20704
23170
20691
20703
20692
20694
20693
23171
20694
20696
23166
20695
20696
23167
20698
20700
20712
23178
20699
20711
20700
20702
20701
23179
20702
20704
23174
20703
20704
23175
20706
20708
20720
23186
20707
20719
20708
20710
20709
23187
20710
20712
23182
20711
20712
23183
20714
20716
20772
23194
20715
20771
20716
20718
20717
23195
20718
20720
23190
20719
20720
23191
20722
20724
20832
20913
20723
20831
20724
20914
20726
20728
21070
21079
20727
21078
20728
21071
20730
20732
21114
22239
20731
22238
20732
21115
20734
20736
21171
22638
20735
21170
20736
22639
20738
20740
21215
22014
20739
21214
20740
22015
20742
20744
21217
21548
20743
21547
20744
21218
20746
20748
21275
21954
20747
21274
20748
21955
20750
20752
21277
22648
20751
22647
20752
21278
20754
20756
21515
21538
20755
21514
20756
21539
20758
20760
21519
21774
20759
21518
20760
21775
20762
20764
21963
22066
20763
21962
20764
22067
20766
20768
22023
22290
20767
22022
20768
22291
20770
20772
22299
23198
20771
22298
20772
23199
20774
20776
22670
22679
20775
22678
20776
22671
20778
20780
23026
23035
20779
23034
20780
23027
20782
20784
20785
21784
20783
21783
20784
20786
20786
20788
20787
20788
20790
20789
20790
20792
20791
20792
20794
20793
20794
20796
20795
20796
20798
20797
20798
20800
20799
20800
20802
20801
20802
20804
20803
20804
20806
20805
20806
20808
20807
20808
20810
20809
20810
20812
20811
20812
20814
20813
20814
20816
20815
20816
20818
20817
20818
20820
20819
20820
20822
20821
20822
20824
20823
20824
20826
20825
20826
20828
20827
20828
20830
20829
20830
20832
20831
20832
20834
20836
20871
22183
20835
22182
23217
20836
23546
20872
20838
20840
20842
20839
20840
22147
23216
20843
22146
20842
20844
20846
20843
20844
22151
20847
22150
20846
20848
20850
20847
20848
22155
20851
22154
20850
20852
20854
20851
20852
22159
20855
22158
20854
20856
20858
20855
20856
22163
20859
22162
20858
20860
20862
20859
20860
22167
20863
22166
20862
20864
20866
20863
20864
22171
20867
22170
20866
20868
20869
20867
20868
22175
20870
22174
20870
20872
20871
22179
20872
22178
20874
20876
20879
20875
20878
22143
20876
22142
23216
23215
20878
20880
20882
22139
20879
22138
20880
20883
20882
20884
20886
22135
20883
22134
20884
20887
20886
20888
20890
22131
20887
22130
20888
20891
20890
20892
20894
22127
20891
22126
20892
20895
20894
20896
20898
22123
20895
22122
20896
20899
20898
20900
20902
22119
20899
22118
20900
20903
20902
20904
20907
22115
20903
22114
20904
20908
20906
20908
20912
20907
20911
22111
20908
22110
20910
20912
20911
22107
23219
20912
22106
20914
20916
20915
20916
20918
20917
20918
20920
20919
20920
20922
20921
20922
20924
20923
20924
20926
20925
20926
20928
20927
20928
20930
20929
20930
20932
20931
20932
20934
20933
20934
20936
20935
20936
20938
20937
20938
20940
20939
20940
20942
20941
20942
20944
20943
20944
20946
20945
20946
20948
20947
20948
20950
20949
20950
20952
20951
20952
20954
20953
20954
20956
20955
20956
20958
20957
20958
20960
20959
20960
20962
20961
20962
20964
20963
20964
20966
20965
20966
20968
20967
20968
20970
20969
20970
20972
20971
20972
20974
20973
20974
20976
20975
20976
20978
20977
20978
20980
20979
20980
20982
20981
20982
20984
20983
20984
20986
20985
20986
20988
20987
20988
20990
20989
20990
20992
20991
20992
20994
20993
20994
20996
20995
20996
20998
20997
20998
21000
20999
21000
21002
21001
21002
21004
21003
21004
21006
21005
21006
21008
21007
21008
21010
21009
21010
21012
21011
21012
21014
21013
21014
21016
21015
21016
21018
21017
21018
21020
21019
21020
21022
21021
21022
21024
21023
21024
21026
21025
21026
21028
21027
21028
21030
21029
21030
21032
21031
21032
21034
21033
21034
21036
21035
21036
21110
21109
21038
21040
21043
21039
21042
22103
21040
22102
23219
23218
21042
21044
21046
22099
21043
22098
21044
21047
21046
21048
21050
22095
21047
22094
21048
21051
21050
21052
21054
22091
21051
22090
21052
21055
21054
21056
21058
22087
21055
22086
21056
21059
21058
21060
21062
22083
21059
22082
21060
21063
21062
21064
21066
22079
21063
22078
21064
21067
21066
21068
21075
22075
21067
22074
21068
21076
21070
21072
21075
22075
21071
21074
21072
21162
21161
22076
21074
21076
21080
21075
21079
21076
21078
21080
21084
21079
21083
21080
21082
21084
21088
21083
21087
21084
21086
21088
21092
21087
21091
21088
21090
21092
21096
21091
21095
21092
21094
21096
21100
21095
21099
21096
21098
21100
21104
21099
21103
21100
21102
21104
21108
21103
21107
21104
21106
21108
21112
21107
21111
21108
21110
21112
21111
21112
21114
21116
21159
22235
21115
22234
21116
21174
21160
21173
21118
21120
21122
21119
23546
21120
22191
23545
21123
22190
21122
21124
21126
21123
21124
22195
21127
22194
21126
21128
21130
21127
21128
22199
21131
22198
21130
21132
21134
21131
21132
22203
21135
22202
21134
21136
21138
21135
21136
22207
21139
22206
21138
21140
21142
21139
21140
22211
21143
22210
21142
21144
21146
21143
21144
22215
21147
22214
21146
21148
21150
21147
21148
22219
21151
22218
21150
21152
21154
21151
21152
22223
21155
22222
21154
21156
21157
21155
21156
22227
21158
22226
21158
21160
21159
22231
21160
22230
21162
21164
21163
21164
21166
21165
21166
21168
21167
21168
21170
21169
21170
21172
21171
21172
22643
22642
21174
21176
21175
21176
21178
21177
21178
21180
21179
21180
21182
21181
21182
21184
21183
21184
21186
21185
21186
21188
21187
21188
21190
21189
21190
21192
21191
21192
21194
21193
21194
21196
21195
21196
21198
21197
21198
21200
21199
21200
21202
21201
21202
21204
21203
21204
21206
21205
21206
21208
21207
21208
21210
21209
21210
21212
21211
21212
21214
21213
21214
21216
21215
21216
22019
22018
21218
21220
21219
21220
21222
21221
21222
21224
21223
21224
21226
21225
21226
21228
21227
21228
21230
21229
21230
21232
21231
21232
21234
21233
21234
21236
21235
21236
21238
21237
21238
21240
21239
21240
21242
21241
21242
21244
21243
21244
21246
21245
21246
21248
21247
21248
21250
21249
21250
21252
21251
21252
21254
21253
21254
21256
21255
21256
21258
21257
21258
21260
21259
21260
21262
21261
21262
21264
21263
21264
21266
21265
21266
21268
21267
21268
21270
21269
21270
21272
21271
21272
21274
21273
21274
21276
21275
21276
21959
21958
21278
21280
21279
21280
21282
21281
21282
21284
21283
21284
21286
21285
21286
21288
21287
21288
21290
21289
21290
21292
21291
21292
21294
21293
21294
21296
21295
21296
21298
21297
21298
21300
21299
21300
21302
21301
21302
21304
21303
21304
21306
21305
21306
21308
21307
21308
21310
21309
21310
21312
21311
21312
21314
21313
21314
21316
21315
21316
21318
21317
21318
21320
21319
21320
21322
21321
21322
21324
21323
21324
21326
21325
21326
21328
21327
21328
21330
21329
21330
21332
21331
21332
21334
21333
21334
21336
21335
21336
21338
21337
21338
21340
21339
21340
21342
21341
21342
21344
21343
21344
21346
21345
21346
21348
21347
21348
21350
21349
21350
21352
21351
21352
21354
21353
21354
21356
21355
21356
21358
21357
21358
21360
21359
21360
21362
21361
21362
21364
21363
21364
21366
21365
21366
21368
21367
21368
21370
21369
21370
21372
21371
21372
21374
21373
21374
21376
21375
21376
21378
21377
21378
21380
21379
21380
21382
21381
21382
21384
21383
21384
21386
21385
21386
21388
21387
21388
21390
21389
21390
21392
21391
21392
21394
21393
21394
21396
21395
21396
21398
21397
21398
21400
21399
21400
21402
21401
21402
21404
21403
21404
21406
21405
21406
21408
21407
21408
21410
21409
21410
21412
21411
21412
21414
21413
21414
21416
21415
21416
21418
21417
21418
21420
21419
21420
21422
21421
21422
21424
21423
21424
21426
21425
21426
21428
21427
21428
21430
21429
21430
21432
21431
21432
21434
21433
21434
21436
21435
21436
21438
21437
21438
21440
21439
21440
21442
21441
21442
21444
21443
21444
21446
21445
21446
21448
21447
21448
21450
21449
21450
21452
21451
21452
21454
21453
21454
21456
21455
21456
21458
21457
21458
21460
21459
21460
21462
21461
21462
21464
21463
21464
21466
21465
21466
21468
21467
21468
21470
21469
21470
21472
21471
21472
21474
21473
21474
21476
21475
21476
21478
21477
21478
21480
21479
21480
21482
21481
21482
21484
21483
21484
21486
21485
21486
21488
21487
21488
21490
21489
21490
21492
21491
21492
21494
21493
21494
21496
21495
21496
21498
21497
21498
21500
21499
21500
21502
21501
21502
21504
21503
21504
21506
21505
21506
21508
21507
21508
21510
21509
21510
21512
21511
21512
21514
21513
21514
21516
21515
21516
21543
21542
21518
21520
21524
23254
21519
21523
21520
21779
21778
23251
21522
21524
21528
23250
21523
21527
21524
23247
21526
21528
21532
23246
21527
21531
21528
23243
21530
21532
21536
23242
21531
21535
21532
23239
21534
21536
21540
23262
21535
21539
21536
23259
21538
21540
21544
23266
21539
21543
21540
23263
21542
21544
23267
21543
21544
23268
21546
21548
21552
21547
21551
21548
21550
21552
21556
21551
21555
21552
21554
21556
21560
21555
21559
21556
21558
21560
21564
21559
21563
21560
21562
21564
21568
21563
21567
21564
21566
21568
21572
21567
21571
21568
21570
21572
21576
21571
21575
21572
21574
21576
21580
21575
21579
21576
21578
21580
21584
21579
21583
21580
21582
21584
21588
21583
21587
21584
21586
21588
21592
21587
21591
21588
21590
21592
21596
21591
21595
21592
21594
21596
21600
21595
21599
21596
21598
21600
21604
21599
21603
21600
21602
21604
21608
21603
21607
21604
21606
21608
21612
21607
21611
21608
21610
21612
21616
21611
21615
21612
21614
21616
21620
21615
21619
21616
21618
21620
21624
21619
21623
21620
21622
21624
21628
21623
21627
21624
21626
21628
21632
21627
21631
21628
21630
21632
21636
21631
21635
21632
21634
21636
21640
21635
21639
21636
21638
21640
21644
21639
21643
21640
21642
21644
21648
21643
21647
21644
21646
21648
21652
21647
21651
21648
21650
21652
21656
21651
21655
21652
21654
21656
21660
21655
21659
21656
21658
21660
21664
21659
21663
21660
21662
21664
21668
21663
21667
21664
21666
21668
21672
21667
21671
21668
21670
21672
21676
21671
21675
21672
21674
21676
21680
21675
21679
21676
21678
21680
21684
21679
21683
21680
21682
21684
21688
21683
21687
21684
21686
21688
21692
21687
21691
21688
21690
21692
21696
21691
21695
21692
21694
21696
21700
21695
21699
21696
21698
21700
21704
21699
21703
21700
21702
21704
21708
21703
21707
21704
21706
21708
21712
21707
21711
21708
21710
21712
21716
21711
21715
21712
21714
21716
21720
21715
21719
21716
21718
21720
21724
21719
21723
21720
21722
21724
21728
21723
21727
21724
21726
21728
21732
21727
21731
21728
21730
21732
21736
21731
21735
21732
21734
21736
21740
21735
21739
21736
21738
21740
21744
21739
21743
21740
21742
21744
21748
21743
21747
21744
21746
21748
21752
21747
21751
21748
21750
21752
21756
21751
21755
21752
21754
21756
21760
21755
21759
21756
21758
21760
21764
21759
21763
21760
21762
21764
21768
21763
21767
21764
21766
21768
21772
21767
21771
21768
21770
21772
21776
21771
21775
21772
21774
21776
21780
21775
21779
21776
21778
21780
23255
21779
23258
21780
21782
21784
21788
21783
21787
21784
21786
21788
21792
21787
21791
21788
21790
21792
21796
21791
21795
21792
21794
21796
21800
21795
21799
21796
21798
21800
21804
21799
21803
21800
21802
21804
21808
21803
21807
21804
21806
21808
21812
21807
21811
21808
21810
21812
21816
21811
21815
21812
21814
21816
21820
21815
21819
21816
21818
21820
21824
21819
21823
21820
21822
21824
21828
21823
21827
21824
21826
21828
21832
21827
21831
21828
21830
21832
21836
21831
21835
21832
21834
21836
21840
21835
21839
21836
21838
21840
21844
21839
21843
21840
21842
21844
21848
21843
21847
21844
21846
21848
21852
21847
21851
21848
21850
21852
21856
21851
21855
21852
21854
21856
21860
21855
21859
21856
21858
21860
21864
21859
21863
21860
21862
21864
21868
21863
21867
21864
21866
21868
21872
21867
21871
21868
21870
21872
21876
21871
21875
21872
21874
21876
21880
21875
21879
21876
21878
21880
21884
21879
21883
21880
21882
21884
21888
21883
21887
21884
21886
21888
21892
21887
21891
21888
21890
21892
21896
21891
21895
21892
21894
21896
21900
21895
21899
21896
21898
21900
21904
21899
21903
21900
21902
21904
21908
21903
21907
21904
21906
21908
21912
21907
21911
21908
21910
21912
21916
21911
21915
21912
21914
21916
21920
21915
21919
21916
21918
21920
21924
21919
21923
21920
21922
21924
21928
21923
21927
21924
21926
21928
21932
21927
21931
21928
21930
21932
21936
21931
21935
21932
21934
21936
21940
21935
21939
21936
21938
21940
21944
21939
21943
21940
21942
21944
21948
21943
21947
21944
21946
21948
21952
21947
21951
21948
21950
21952
21956
21951
21955
21952
21954
21956
21960
21955
21959
21956
21958
21960
21959
21960
21962
21964
21968
21963
21967
21964
22071
22070
21966
21968
21972
21967
21971
21968
21970
21972
21976
21971
21975
21972
21974
21976
21980
21975
21979
21976
21978
21980
21984
21979
21983
21980
21982
21984
21988
21983
21987
21984
21986
21988
21992
21987
21991
21988
21990
21992
21996
21991
21995
21992
21994
21996
22000
21995
21999
21996
21998
22000
22004
21999
22003
22000
22002
22004
22008
22003
22007
22004
22006
22008
22012
22007
22011
22008
22010
22012
22016
22011
22015
22012
22014
22016
22020
22015
22019
22016
22018
22020
22019
22020
22022
22024
22028
22023
22027
22024
22295
22294
22026
22028
22032
22027
22031
22028
22030
22032
22036
22031
22035
22032
22034
22036
22040
22035
22039
22036
22038
22040
22044
22039
22043
22040
22042
22044
22048
22043
22047
22044
22046
22048
22052
22047
22051
22048
22050
22052
22056
22051
22055
22052
22054
22056
22060
22055
22059
22056
22058
22060
22064
22059
22063
22060
22062
22064
22068
22063
22067
22064
22066
22068
22072
22067
22071
22068
22070
22072
22071
22072
22074
22076
22080
22075
22079
22076
22078
22080
22084
22079
22083
22080
22082
22084
22088
22083
22087
22084
22086
22088
22092
22087
22091
22088
22090
22092
22096
22091
22095
22092
22094
22096
22100
22095
22099
22096
22098
22100
22104
22099
22103
22100
22102
22104
22108
22103
22107
22104
22106
22108
22112
22107
22111
22108
22110
22112
22116
22111
22115
22112
22114
22116
22120
22115
22119
22116
22118
22120
22124
22119
22123
22120
22122
22124
22128
22123
22127
22124
22126
22128
22132
22127
22131
22128
22130
22132
22136
22131
22135
22132
22134
22136
22140
22135
22139
22136
22138
22140
22144
22139
22143
22140
22142
22144
22148
22143
22147
22144
22146
22148
22152
22147
22151
22148
22150
22152
22156
22151
22155
22152
22154
22156
22160
22155
22159
22156
22158
22160
22164
22159
22163
22160
22162
22164
22168
22163
22167
22164
22166
22168
22172
22167
22171
22168
22170
22172
22176
22171
22175
22172
22174
22176
22180
22175
22179
22176
22178
22180
22184
22179
22183
22180
22182
22184
22188
22183
22187
22184
22186
22188
22192
22187
22191
23545
22188
23217
22190
22192
22196
22191
22195
22192
22194
22196
22200
22195
22199
22196
22198
22200
22204
22199
22203
22200
22202
22204
22208
22203
22207
22204
22206
22208
22212
22207
22211
22208
22210
22212
22216
22211
22215
22212
22214
22216
22220
22215
22219
22216
22218
22220
22224
22219
22223
22220
22222
22224
22228
22223
22227
22224
22226
22228
22232
22227
22231
22228
22230
22232
22236
22231
22235
22232
22234
22236
22240
22235
22239
22236
22238
22240
22244
22239
22243
22240
22242
22244
22248
22243
22247
22244
22246
22248
22252
22247
22251
22248
22250
22252
22256
22251
22255
22252
22254
22256
22260
22255
22259
22256
22258
22260
22264
22259
22263
22260
22262
22264
22268
22263
22267
22264
22266
22268
22272
22267
22271
22268
22270
22272
22276
22271
22275
22272
22274
22276
22280
22275
22279
22276
22278
22280
22284
22279
22283
22280
22282
22284
22288
22283
22287
22284
22286
22288
22292
22287
22291
22288
22290
22292
22296
22291
22295
22292
22294
22296
22295
22296
22298
22300
22304
22299
22303
22300
23203
23202
22302
22304
22308
22303
22307
22304
22306
22308
22312
22307
22311
22308
22310
22312
22316
22311
22315
22312
22314
22316
22320
22315
22319
22316
22318
22320
22324
22319
22323
22320
22322
22324
22328
22323
22327
22324
22326
22328
22332
22327
22331
22328
22330
22332
22336
22331
22335
22332
22334
22336
22340
22335
22339
22336
22338
22340
22344
22339
22343
22340
22342
22344
22348
22343
22347
22344
22346
22348
22352
22347
22351
22348
22350
22352
22356
22351
22355
22352
22354
22356
22360
22355
22359
22356
22358
22360
22364
22359
22363
22360
22362
22364
22368
22363
22367
22364
22366
22368
22372
22367
22371
22368
22370
22372
22376
22371
22375
22372
22374
22376
22380
22375
22379
22376
22378
22380
22384
22379
22383
22380
22382
22384
22388
22383
22387
22384
22386
22388
22392
22387
22391
22388
22390
22392
22396
22391
22395
22392
22394
22396
22400
22395
22399
22396
22398
22400
22404
22399
22403
22400
22402
22404
22408
22403
22407
22404
22406
22408
22412
22407
22411
22408
22410
22412
22416
22411
22415
22412
22414
22416
22420
22415
22419
22416
22418
22420
22424
22419
22423
22420
22422
22424
22428
22423
22427
22424
22426
22428
22432
22427
22431
22428
22430
22432
22436
22431
22435
22432
22434
22436
22440
22435
22439
22436
22438
22440
22444
22439
22443
22440
22442
22444
22448
22443
22447
22444
22446
22448
22452
22447
22451
22448
22450
22452
22456
22451
22455
22452
22454
22456
22460
22455
22459
22456
22458
22460
22464
22459
22463
22460
22462
22464
22468
22463
22467
22464
22466
22468
22472
22467
22471
22468
22470
22472
22476
22471
22475
22472
22474
22476
22480
22475
22479
22476
22478
22480
22484
22479
22483
22480
22482
22484
22488
22483
22487
22484
22486
22488
22492
22487
22491
22488
22490
22492
22496
22491
22495
22492
22494
22496
22500
22495
22499
22496
22498
22500
22504
22499
22503
22500
22502
22504
22508
22503
22507
22504
22506
22508
22512
22507
22511
22508
22510
22512
22516
22511
22515
22512
22514
22516
22520
22515
22519
22516
22518
22520
22524
22519
22523
22520
22522
22524
22528
22523
22527
22524
22526
22528
22532
22527
22531
22528
22530
22532
22536
22531
22535
22532
22534
22536
22540
22535
22539
22536
22538
22540
22544
22539
22543
22540
22542
22544
22548
22543
22547
22544
22546
22548
22552
22547
22551
22548
22550
22552
22556
22551
22555
22552
22554
22556
22560
22555
22559
22556
22558
22560
22564
22559
22563
22560
22562
22564
22568
22563
22567
22564
22566
22568
22572
22567
22571
22568
22570
22572
22576
22571
22575
22572
22574
22576
22580
22575
22579
22576
22578
22580
22584
22579
22583
22580
22582
22584
22588
22583
22587
22584
22586
22588
22592
22587
22591
22588
22590
22592
22596
22591
22595
22592
22594
22596
22600
22595
22599
22596
22598
22600
22604
22599
22603
22600
22602
22604
22608
22603
22607
22604
22606
22608
22612
22607
22611
22608
22610
22612
22616
22611
22615
22612
22614
22616
22620
22615
22619
22616
22618
22620
22624
22619
22623
22620
22622
22624
22628
22623
22627
22624
22626
22628
22632
22627
22631
22628
22630
22632
22636
22631
22635
22632
22634
22636
22640
22635
22639
22636
22638
22640
22644
22639
22643
22640
22642
22644
22643
22644
22646
22648
22652
22647
22651
22648
22650
22652
22656
22651
22655
22652
22654
22656
22660
22655
22659
22656
22658
22660
22664
22659
22663
22660
22662
22664
22668
22663
22667
22664
22666
22668
22672
22667
22671
22668
22670
22672
22675
22671
22674
22672
22674
22676
22680
22675
22679
22676
22678
22680
22684
22679
22683
22680
22682
22684
22688
22683
22687
22684
22686
22688
22692
22687
22691
22688
22690
22692
22696
22691
22695
22692
22694
22696
22700
22695
22699
22696
22698
22700
22704
22699
22703
22700
22702
22704
22708
22703
22707
22704
22706
22708
22712
22707
22711
22708
22710
22712
22716
22711
22715
22712
22714
22716
22720
22715
22719
22716
22718
22720
22724
22719
22723
22720
22722
22724
22728
22723
22727
22724
22726
22728
22732
22727
22731
22728
22730
22732
22736
22731
22735
22732
22734
22736
22740
22735
22739
22736
22738
22740
22744
22739
22743
22740
22742
22744
22748
22743
22747
22744
22746
22748
22752
22747
22751
22748
22750
22752
22756
22751
22755
22752
22754
22756
22760
22755
22759
22756
22758
22760
22764
22759
22763
22760
22762
22764
22768
22763
22767
22764
22766
22768
22772
22767
22771
22768
22770
22772
22776
22771
22775
22772
22774
22776
22780
22775
22779
22776
22778
22780
22784
22779
22783
22780
22782
22784
22788
22783
22787
22784
22786
22788
22792
22787
22791
22788
22790
22792
22796
22791
22795
22792
22794
22796
22800
22795
22799
22796
22798
22800
22804
22799
22803
22800
22802
22804
22808
22803
22807
22804
22806
22808
22812
22807
22811
22808
22810
22812
22816
22811
22815
22812
22814
22816
22820
22815
22819
22816
22818
22820
22824
22819
22823
22820
22822
22824
22828
22823
22827
22824
22826
22828
22832
22827
22831
22828
22830
22832
22836
22831
22835
22832
22834
22836
22840
22835
22839
22836
22838
22840
22844
22839
22843
22840
22842
22844
22848
22843
22847
22844
22846
22848
22852
22847
22851
22848
22850
22852
22856
22851
22855
22852
22854
22856
22860
22855
22859
22856
22858
22860
22864
22859
22863
22860
22862
22864
22868
22863
22867
22864
22866
22868
22872
22867
22871
22868
22870
22872
22876
22871
22875
22872
22874
22876
22880
22875
22879
22876
22878
22880
22884
22879
22883
22880
22882
22884
22888
22883
22887
22884
22886
22888
22892
22887
22891
22888
22890
22892
22896
22891
22895
22892
22894
22896
22900
22895
22899
22896
22898
22900
22904
22899
22903
22900
22902
22904
22908
22903
22907
22904
22906
22908
22912
22907
22911
22908
22910
22912
22916
22911
22915
22912
22914
22916
22920
22915
22919
22916
22918
22920
22924
22919
22923
22920
22922
22924
22928
22923
22927
22924
22926
22928
22932
22927
22931
22928
22930
22932
22936
22931
22935
22932
22934
22936
22940
22935
22939
22936
22938
22940
22944
22939
22943
22940
22942
22944
22948
22943
22947
22944
22946
22948
22952
22947
22951
22948
22950
22952
22956
22951
22955
22952
22954
22956
22960
22955
22959
22956
22958
22960
22964
22959
22963
22960
22962
22964
22968
22963
22967
22964
22966
22968
22972
22967
22971
22968
22970
22972
22976
22971
22975
22972
22974
22976
22980
22975
22979
22976
22978
22980
22984
22979
22983
22980
22982
22984
22988
22983
22987
22984
22986
22988
22992
22987
22991
22988
22990
22992
22996
22991
22995
22992
22994
22996
23000
22995
22999
22996
22998
23000
23004
22999
23003
23000
23002
23004
23008
23003
23007
23004
23006
23008
23012
23007
23011
23008
23010
23012
23016
23011
23015
23012
23014
23016
23020
23015
23019
23016
23018
23020
23024
23019
23023
23020
23022
23024
23028
23023
23027
23024
23026
23028
23031
23027
23030
23028
23030
23032
23036
23031
23035
23032
23034
23036
23040
23035
23039
23036
23038
23040
23044
23039
23043
23040
23042
23044
23048
23043
23047
23044
23046
23048
23052
23047
23051
23048
23050
23052
23056
23051
23055
23052
23054
23056
23060
23055
23059
23056
23058
23060
23064
23059
23063
23060
23062
23064
23068
23063
23067
23064
23066
23068
23072
23067
23071
23068
23070
23072
23076
23071
23075
23072
23074
23076
23080
23075
23079
23076
23078
23080
23084
23079
23083
23080
23082
23084
23088
23083
23087
23084
23086
23088
23092
23087
23091
23088
23090
23092
23096
23091
23095
23092
23094
23096
23100
23095
23099
23096
23098
23100
23104
23099
23103
23100
23102
23104
23108
23103
23107
23104
23106
23108
23112
23107
23111
23108
23110
23112
23116
23111
23115
23112
23114
23116
23120
23115
23119
23116
23118
23120
23124
23119
23123
23120
23122
23124
23128
23123
23127
23124
23126
23128
23132
23127
23131
23128
23130
23132
23136
23131
23135
23132
23134
23136
23140
23135
23139
23136
23138
23140
23144
23139
23143
23140
23142
23144
23148
23143
23147
23144
23146
23148
23152
23147
23151
23148
23150
23152
23156
23151
23155
23152
23154
23156
23160
23155
23159
23156
23158
23160
23164
23159
23163
23160
23162
23164
23168
23163
23167
23164
23166
23168
23172
23167
23171
23168
23170
23172
23176
23171
23175
23172
23174
23176
23180
23175
23179
23176
23178
23180
23184
23179
23183
23180
23182
23184
23188
23183
23187
23184
23186
23188
23192
23187
23191
23188
23190
23192
23196
23191
23195
23192
23194
23196
23200
23195
23199
23196
23198
23200
23204
23199
23203
23200
23202
23204
23203
23204
23565
23566
23563
23564
23561
23562
23559
23560
23557
23558
23555
23556
23553
23554
23551
23552
23549
23550
23547
23548
23216
23545
23546
23219
23221
23222
23451
23453
23441
23493
23495
23442
23496
23498
23224
23226
23249
23497
23227
23248
23498
23226
23230
23245
23496
23244
23497
23228
23253
23500
23235
23252
23499
23230
23232
23241
23494
23240
23495
23232
23234
23261
23493
23260
23494
23234
23238
23265
23490
23264
23492
23236
23257
23499
23256
23491
23238
23270
23489
23269
23490
23240
23242
23246
23241
23245
23242
23260
23259
23244
23246
23250
23245
23249
23246
23248
23250
23254
23249
23253
23250
23252
23254
23258
23253
23257
23254
23256
23258
23257
23258
23260
23262
23261
23262
23264
23263
23264
23266
23265
23266
23269
23268
23268
23270
23269
23270
23273
23441
23489
23274
23442
23491
23275
23451
23276
23453
23277
23450
23278
23452
23286
23456
23282
23455
23280
23351
23281
23352
23283
23430
23454
23284
23352
23285
23353
23354
23355
23287
23573
23288
23457
23289
23458
23290
23459
23291
23460
23292
23461
23293
23462
23294
23463
23295
23464
23296
23465
23297
23466
23298
23467
23299
23440
23300
23439
23301
23438
23302
23437
23303
23577
23304
23412
23305
23570
23306
23468
23307
23469
23308
23470
23309
23471
23310
23472
23311
23473
23312
23481
23313
23480
23314
23479
23315
23478
23316
23477
23317
23476
23318
23475
23319
23474
23320
23436
23321
23393
23322
23392
23323
23487
23324
23567
23325
23484
23326
23483
23327
23482
23328
23449
23329
23448
23330
23447
23331
23446
23332
23445
23333
23435
23334
23434
23335
23433
23336
23432
23337
23578
23338
23376
23375
23486
23340
23444
23485
23341
23443
23342
23431
23343
23368
23344
23366
23345
23364
23346
23362
23347
23360
23348
23358
23349
23356
23350
23354
23351
23353
23352
23353
23354
23356
23356
23357
23358
23358
23359
23360
23360
23361
23362
23362
23363
23364
23364
23365
23366
23366
23367
23368
23368
23369
23431
23370
23431
23371
23576
23372
23443
23373
23444
23374
23575
23375
23486
23376
23377
23378
23578
23379
23432
23380
23433
23381
23434
23382
23435
23383
23574
23384
23445
23385
23446
23386
23447
23387
23448
23388
23449
23389
23568
23390
23482
23391
23483
23484
23488
23393
23487
23394
23395
23436
23396
23436
23397
23474
23398
23475
23399
23476
23400
23477
23401
23478
23402
23479
23403
23480
23404
23481
23405
23569
23406
23473
23407
23472
23408
23471
23409
23470
23410
23469
23411
23468
23412
23570
23413
23414
23577
23415
23437
23416
23438
23417
23439
23418
23440
23419
23571
23420
23467
23421
23466
23422
23465
23423
23464
23424
23572
23425
23463
23426
23462
23427
23461
23428
23460
23429
23459
23430
23458
23457
23576
23433
23578
23434
23435
23574
23474
23438
23577
23439
23440
23571
23451
23492
23453
23500
23444
23576
23575
23446
23574
23447
23448
23449
23568
23451
23452
23456
23453
23455
23455
23457
23573
23456
23573
23458
23459
23460
23461
23462
23463
23572
23465
23572
23466
23467
23571
23469
23570
23470
23471
23472
23473
23569
23475
23476
23477
23478
23479
23480
23481
23569
23483
23568
23484
23567
23486
23575
23488
23567
23490
23492
23499
23493
23494
23495
23496
23497
23498
23500
23500
)


// ************************************************************************* //
